bank_id,name,region,compliance_score,txn_frequency,avg_txn_amount,total_txn_amount,high_risk_txn_count,high_risk_txn_pct,sanctioned_account_count,bank_risk_score,risk_rank
508,Bank 508,West,0.54,2,2423.11,4846.22,2,100.0,4,78.4,1
651,Bank 651,North,0.54,1,5910.77,5910.77,1,100.0,3,78.4,1
288,Bank 288,North,0.55,1,5050.63,5050.63,1,100.0,3,78.0,3
654,Bank 654,South,0.58,1,4025.26,4025.26,1,100.0,3,76.8,4
997,Bank 997,South,0.7,1,3963.45,3963.45,1,100.0,4,72.0,5
321,Bank 321,West,0.73,1,2005.85,2005.85,1,100.0,3,70.8,6
647,Bank 647,South,0.74,1,5494.18,5494.18,1,100.0,3,70.4,7
51,Bank 51,West,0.76,1,4871.09,4871.09,1,100.0,3,69.6,8
168,Bank 168,South,0.53,1,8594.71,8594.71,1,100.0,2,68.8,9
555,Bank 555,North,0.53,1,1810.19,1810.19,1,100.0,2,68.8,9
822,Bank 822,West,0.53,1,2126.21,2126.21,1,100.0,2,68.8,9
849,Bank 849,West,0.8,1,6850.81,6850.81,1,100.0,3,68.0,12
360,Bank 360,North,0.81,1,3059.82,3059.82,1,100.0,3,67.6,13
656,Bank 656,North,0.81,1,5857.3,5857.3,1,100.0,3,67.6,13
677,Bank 677,North,0.58,1,4561.89,4561.89,1,100.0,2,66.8,15
97,Bank 97,South,0.59,1,3729.47,3729.47,1,100.0,2,66.4,16
809,Bank 809,North,0.59,2,8771.44,17542.87,2,100.0,2,66.4,16
133,Bank 133,South,0.85,1,6395.74,6395.74,1,100.0,3,66.0,18
469,Bank 469,South,0.85,1,6405.71,6405.71,1,100.0,3,66.0,18
532,Bank 532,North,0.6,1,3062.71,3062.71,1,100.0,2,66.0,18
586,Bank 586,East,0.6,1,3151.21,3151.21,1,100.0,2,66.0,18
73,Bank 73,South,0.62,1,4145.44,4145.44,1,100.0,2,65.2,22
290,Bank 290,East,0.87,1,4776.3,4776.3,1,100.0,3,65.2,22
888,Bank 888,East,0.87,1,6089.18,6089.18,1,100.0,3,65.2,22
952,Bank 952,South,0.63,1,4705.23,4705.23,1,100.0,2,64.8,25
88,Bank 88,West,0.52,2,8338.35,16676.7,1,50.0,3,64.2,26
313,Bank 313,South,0.75,5,4529.41,22647.06,4,80.0,3,64.0,27
442,Bank 442,North,0.66,3,4351.88,13055.65,3,100.0,2,63.6,28
136,Bank 136,West,0.67,1,9583.48,9583.48,1,100.0,2,63.2,29
525,Bank 525,South,0.67,1,6655.74,6655.74,1,100.0,2,63.2,29
686,Bank 686,East,0.67,2,5905.91,11811.83,2,100.0,2,63.2,29
582,Bank 582,South,0.68,1,2330.49,2330.49,1,100.0,2,62.8,32
470,Bank 470,South,0.56,2,7682.47,15364.93,1,50.0,3,62.6,33
694,Bank 694,South,0.56,2,7871.26,15742.51,1,50.0,3,62.6,33
181,Bank 181,West,0.69,1,6176.08,6176.08,1,100.0,2,62.4,35
713,Bank 713,South,0.94,1,9104.14,9104.14,1,100.0,3,62.4,35
732,Bank 732,West,0.94,1,9895.62,9895.62,1,100.0,4,62.4,35
18,Bank 18,North,0.57,4,4106.76,16427.03,2,50.0,3,62.2,38
227,Bank 227,East,0.7,1,3432.85,3432.85,1,100.0,2,62.0,39
871,Bank 871,West,0.7,1,8389.31,8389.31,1,100.0,2,62.0,39
143,Bank 143,South,0.71,1,4336.54,4336.54,1,100.0,2,61.6,41
369,Bank 369,East,0.71,1,7388.8,7388.8,1,100.0,2,61.6,41
415,Bank 415,East,0.96,2,1752.11,3504.22,2,100.0,3,61.6,41
640,Bank 640,West,0.96,1,1120.76,1120.76,1,100.0,3,61.6,41
471,Bank 471,South,0.97,1,4787.91,4787.91,1,100.0,3,61.2,45
906,Bank 906,South,0.72,2,7149.85,14299.7,2,100.0,2,61.2,45
974,Bank 974,West,0.72,2,4296.65,8593.29,2,100.0,2,61.2,45
980,Bank 980,West,0.72,1,3735.99,3735.99,1,100.0,2,61.2,45
630,Bank 630,East,0.74,3,4328.76,12986.28,2,66.67,3,60.4,49
238,Bank 238,South,0.5,1,2708.88,2708.88,1,100.0,1,60.0,50
351,Bank 351,North,0.5,1,1633.7,1633.7,1,100.0,1,60.0,50
844,Bank 844,North,0.75,1,1773.87,1773.87,1,100.0,2,60.0,50
999,Bank 999,East,0.76,3,4140.48,12421.45,2,66.67,4,59.6,53
854,Bank 854,East,0.52,1,6821.33,6821.33,1,100.0,1,59.2,54
910,Bank 910,South,0.52,1,2280.84,2280.84,1,100.0,1,59.2,54
996,Bank 996,East,0.77,2,5425.1,10850.2,2,100.0,2,59.2,54
514,Bank 514,North,0.53,1,9355.9,9355.9,1,100.0,1,58.8,57
746,Bank 746,North,0.53,2,3327.95,6655.91,2,100.0,1,58.8,57
52,Bank 52,North,0.79,3,5685.15,17055.46,2,66.67,3,58.4,59
787,Bank 787,West,0.54,1,1804.21,1804.21,1,100.0,1,58.4,59
955,Bank 955,North,0.54,1,251.09,251.09,1,100.0,1,58.4,59
575,Bank 575,West,0.55,1,7262.49,7262.49,1,100.0,1,58.0,62
748,Bank 748,South,0.8,1,1571.33,1571.33,1,100.0,2,58.0,62
1010,Bank 1010,North,0.8,1,6572.08,6572.08,1,100.0,2,58.0,62
707,Bank 707,North,0.81,1,375.34,375.34,1,100.0,2,57.6,65
858,Bank 858,West,0.56,1,5600.47,5600.47,1,100.0,1,57.6,65
682,Bank 682,West,0.82,1,8957.62,8957.62,1,100.0,2,57.2,67
790,Bank 790,South,0.57,2,3182.7,6365.4,2,100.0,1,57.2,67
793,Bank 793,South,0.82,2,8418.19,16836.39,2,100.0,2,57.2,67
518,Bank 518,North,0.58,1,3114.5,3114.5,1,100.0,1,56.8,70
571,Bank 571,East,0.83,1,980.92,980.92,1,100.0,2,56.8,70
639,Bank 639,South,0.58,1,1081.23,1081.23,1,100.0,1,56.8,70
134,Bank 134,North,0.59,1,1884.82,1884.82,1,100.0,1,56.4,73
652,Bank 652,North,0.84,1,4704.76,4704.76,1,100.0,2,56.4,73
963,Bank 963,North,0.84,1,4851.24,4851.24,1,100.0,2,56.4,73
225,Bank 225,West,0.73,2,3428.74,6857.47,1,50.0,4,55.8,76
189,Bank 189,West,0.86,1,6413.72,6413.72,1,100.0,2,55.6,77
214,Bank 214,East,0.86,1,9663.3,9663.3,1,100.0,2,55.6,77
264,Bank 264,West,0.86,1,8287.55,8287.55,1,100.0,2,55.6,77
422,Bank 422,East,0.61,2,2148.08,4296.16,2,100.0,1,55.6,77
807,Bank 807,South,0.86,1,7294.25,7294.25,1,100.0,2,55.6,77
925,Bank 925,North,0.87,2,7902.48,15804.96,2,100.0,2,55.2,82
363,Bank 363,East,0.63,1,2767.09,2767.09,1,100.0,1,54.8,83
440,Bank 440,North,0.88,2,4430.17,8860.35,2,100.0,2,54.8,83
800,Bank 800,East,0.88,1,6392.35,6392.35,1,100.0,2,54.8,83
191,Bank 191,East,0.89,1,5939.31,5939.31,1,100.0,2,54.4,86
797,Bank 797,West,0.64,1,3891.31,3891.31,1,100.0,1,54.4,86
320,Bank 320,North,0.9,1,9434.14,9434.14,1,100.0,2,54.0,88
600,Bank 600,North,0.66,1,6001.63,6001.63,1,100.0,1,53.6,89
616,Bank 616,East,0.66,3,5486.31,16458.92,2,66.67,2,53.6,89
928,Bank 928,North,0.66,1,4610.14,4610.14,1,100.0,1,53.6,89
212,Bank 212,West,0.92,2,5097.2,10194.4,2,100.0,2,53.2,92
554,Bank 554,South,0.67,1,1806.41,1806.41,1,100.0,1,53.2,92
260,Bank 260,East,0.8,2,4831.4,9662.79,1,50.0,3,53.0,94
262,Bank 262,East,0.69,2,3870.59,7741.18,2,100.0,1,52.4,95
896,Bank 896,South,0.69,1,5682.56,5682.56,1,100.0,1,52.4,95
393,Bank 393,West,0.82,2,4257.11,8514.23,1,50.0,3,52.2,97
598,Bank 598,South,0.57,2,4690.58,9381.15,1,50.0,2,52.2,97
388,Bank 388,East,0.95,1,2273.83,2273.83,1,100.0,2,52.0,99
885,Bank 885,North,0.7,2,4059.56,8119.12,2,100.0,1,52.0,99
20,Bank 20,West,0.71,2,3039.84,6079.68,2,100.0,1,51.6,101
927,Bank 927,East,0.71,1,5439.16,5439.16,1,100.0,1,51.6,101
323,Bank 323,North,0.72,1,6753.55,6753.55,1,100.0,1,51.2,103
988,Bank 988,North,0.97,3,6149.62,18448.86,3,100.0,2,51.2,103
138,Bank 138,West,0.6,2,1628.49,3256.97,1,50.0,2,51.0,105
332,Bank 332,East,0.73,1,663.62,663.62,1,100.0,1,50.8,106
605,Bank 605,East,0.74,2,2681.78,5363.56,2,100.0,1,50.4,107
613,Bank 613,East,0.74,1,8685.31,8685.31,1,100.0,1,50.4,107
930,Bank 930,West,0.74,3,4388.33,13164.99,2,66.67,2,50.4,107
530,Bank 530,East,0.5,3,5686.95,17060.86,1,33.33,2,50.0,110
584,Bank 584,North,0.5,1,1816.67,1816.67,1,100.0,0,50.0,110
751,Bank 751,West,0.5,1,8457.56,8457.56,1,100.0,0,50.0,110
960,Bank 960,East,0.75,1,4503.43,4503.43,1,100.0,1,50.0,110
286,Bank 286,North,0.76,3,3838.79,11516.37,2,66.67,2,49.6,114
309,Bank 309,West,0.51,1,2862.95,2862.95,1,100.0,0,49.6,114
913,Bank 913,West,0.51,0,,0.0,0,,3,49.6,114
480,Bank 480,North,0.77,1,6825.12,6825.12,1,100.0,1,49.2,117
481,Bank 481,South,0.77,1,6808.62,6808.62,1,100.0,1,49.2,117
533,Bank 533,East,0.52,1,6888.92,6888.92,1,100.0,0,49.2,117
615,Bank 615,North,0.52,3,3039.72,9119.15,3,100.0,0,49.2,117
768,Bank 768,North,0.77,1,5205.17,5205.17,1,100.0,1,49.2,117
862,Bank 862,West,0.77,1,89.41,89.41,1,100.0,1,49.2,117
874,Bank 874,West,0.77,1,8529.58,8529.58,1,100.0,1,49.2,117
918,Bank 918,South,0.52,1,3637.41,3637.41,1,100.0,0,49.2,117
497,Bank 497,North,0.65,2,3886.67,7773.34,1,50.0,2,49.0,125
882,Bank 882,East,0.65,2,2752.81,5505.61,1,50.0,2,49.0,125
552,Bank 552,South,0.78,1,6647.48,6647.48,1,100.0,1,48.8,127
743,Bank 743,North,0.53,1,6738.57,6738.57,1,100.0,0,48.8,127
933,Bank 933,East,0.53,1,831.12,831.12,1,100.0,0,48.8,127
397,Bank 397,West,0.91,2,4260.45,8520.91,1,50.0,3,48.6,130
147,Bank 147,West,0.59,5,6028.16,30140.78,2,40.0,2,48.4,131
154,Bank 154,South,0.79,1,4558.89,4558.89,1,100.0,1,48.4,131
166,Bank 166,South,0.54,1,8244.88,8244.88,1,100.0,0,48.4,131
273,Bank 273,West,0.79,1,2330.47,2330.47,1,100.0,1,48.4,131
546,Bank 546,West,0.54,3,2117.95,6353.86,3,100.0,0,48.4,131
666,Bank 666,East,0.79,2,4729.52,9459.03,2,100.0,1,48.4,131
671,Bank 671,South,0.54,1,578.19,578.19,1,100.0,0,48.4,131
794,Bank 794,South,0.79,1,3894.03,3894.03,1,100.0,1,48.4,131
937,Bank 937,South,0.54,1,2723.36,2723.36,1,100.0,0,48.4,131
30,Bank 30,East,0.92,2,4454.25,8908.5,1,50.0,4,48.2,140
72,Bank 72,South,0.55,2,4417.55,8835.09,2,100.0,0,48.0,141
74,Bank 74,West,0.55,1,5899.61,5899.61,1,100.0,0,48.0,141
100,Bank 100,West,0.55,0,,0.0,0,,3,48.0,141
123,Bank 123,South,0.8,2,6415.07,12830.14,2,100.0,1,48.0,141
312,Bank 312,West,0.8,1,1300.78,1300.78,1,100.0,1,48.0,141
319,Bank 319,West,0.55,0,,0.0,0,,4,48.0,141
537,Bank 537,North,0.55,2,3858.19,7716.39,2,100.0,0,48.0,141
54,Bank 54,West,0.81,2,3841.42,7682.84,2,100.0,1,47.6,148
210,Bank 210,North,0.56,1,2198.71,2198.71,0,0.0,3,47.6,148
245,Bank 245,East,0.56,0,,0.0,0,,3,47.6,148
386,Bank 386,West,0.56,1,6886.38,6886.38,0,0.0,4,47.6,148
488,Bank 488,West,0.81,1,6408.91,6408.91,1,100.0,1,47.6,148
688,Bank 688,West,0.81,3,1597.0,4791.01,2,66.67,2,47.6,148
753,Bank 753,North,0.81,1,8881.09,8881.09,1,100.0,1,47.6,148
258,Bank 258,West,0.57,0,,0.0,0,,3,47.2,155
278,Bank 278,North,0.57,3,6145.59,18436.77,2,66.67,1,47.2,155
519,Bank 519,East,0.82,2,6053.76,12107.51,2,100.0,1,47.2,155
847,Bank 847,West,0.57,0,,0.0,0,,5,47.2,155
869,Bank 869,East,0.82,1,5989.25,5989.25,1,100.0,1,47.2,155
843,Bank 843,South,0.95,2,4856.85,9713.69,1,50.0,3,47.0,160
196,Bank 196,North,0.58,1,1822.57,1822.57,1,100.0,0,46.8,161
466,Bank 466,South,0.58,0,,0.0,0,,3,46.8,161
669,Bank 669,South,0.58,1,1105.99,1105.99,1,100.0,0,46.8,161
835,Bank 835,North,0.83,1,6338.1,6338.1,1,100.0,1,46.8,161
875,Bank 875,South,0.58,3,6253.17,18759.51,2,66.67,1,46.8,161
760,Bank 760,East,0.71,2,6081.53,12163.05,1,50.0,2,46.6,166
345,Bank 345,East,0.59,0,,0.0,0,,5,46.4,167
379,Bank 379,South,0.84,1,8706.3,8706.3,1,100.0,1,46.4,167
700,Bank 700,West,0.59,1,3828.55,3828.55,1,100.0,0,46.4,167
130,Bank 130,North,0.6,1,6234.57,6234.57,1,100.0,0,46.0,170
452,Bank 452,East,0.6,1,4123.7,4123.7,1,100.0,0,46.0,170
504,Bank 504,North,0.6,1,1372.39,1372.39,0,0.0,3,46.0,170
588,Bank 588,North,0.85,2,6389.14,12778.27,2,100.0,1,46.0,170
385,Bank 385,North,0.86,1,9118.16,9118.16,1,100.0,1,45.6,174
455,Bank 455,South,0.86,2,5400.93,10801.87,2,100.0,1,45.6,174
681,Bank 681,South,0.86,1,2658.78,2658.78,1,100.0,1,45.6,174
935,Bank 935,East,0.86,2,7956.45,15912.91,2,100.0,1,45.6,174
9,"Brown, Lawrence and Chaney",West,0.62,1,8910.06,8910.06,1,100.0,0,45.2,178
64,Bank 64,West,0.87,1,2209.98,2209.98,1,100.0,1,45.2,178
66,Bank 66,East,0.62,1,7005.88,7005.88,1,100.0,0,45.2,178
684,Bank 684,West,0.62,1,9020.73,9020.73,1,100.0,0,45.2,178
865,Bank 865,East,0.62,1,1594.56,1594.56,0,0.0,4,45.2,178
108,Bank 108,South,0.5,2,673.98,1347.96,1,50.0,1,45.0,183
148,Bank 148,South,0.88,2,6807.28,13614.57,2,100.0,1,44.8,184
484,Bank 484,South,0.63,1,5909.94,5909.94,1,100.0,0,44.8,184
698,Bank 698,East,0.88,2,3511.7,7023.41,2,100.0,1,44.8,184
783,Bank 783,South,0.88,1,564.79,564.79,1,100.0,1,44.8,184
982,Bank 982,South,0.88,1,3131.17,3131.17,1,100.0,1,44.8,184
42,Bank 42,North,0.51,2,3165.25,6330.49,1,50.0,1,44.6,189
98,Bank 98,West,0.51,2,3515.37,7030.74,1,50.0,1,44.6,189
365,Bank 365,West,0.76,2,4872.31,9744.61,1,50.0,2,44.6,189
608,Bank 608,West,0.76,2,7502.03,15004.07,1,50.0,2,44.6,189
49,Bank 49,South,0.89,2,8361.24,16722.47,2,100.0,1,44.4,193
164,Bank 164,North,0.64,3,4394.43,13183.29,3,100.0,0,44.4,193
306,Bank 306,South,0.64,1,2639.87,2639.87,1,100.0,0,44.4,193
394,Bank 394,East,0.64,1,6382.45,6382.45,1,100.0,0,44.4,193
465,Bank 465,South,0.64,3,1929.5,5788.51,2,66.67,1,44.4,193
621,Bank 621,East,0.89,1,2657.98,2657.98,1,100.0,1,44.4,193
691,Bank 691,East,0.89,1,8077.89,8077.89,1,100.0,1,44.4,193
821,Bank 821,North,0.89,1,3571.16,3571.16,1,100.0,1,44.4,193
39,Bank 39,North,0.65,1,1556.59,1556.59,1,100.0,0,44.0,201
153,Bank 153,West,0.65,1,6382.82,6382.82,1,100.0,0,44.0,201
434,Bank 434,North,0.65,2,8687.36,17374.72,2,100.0,0,44.0,201
612,Bank 612,East,0.9,2,6618.41,13236.82,2,100.0,1,44.0,201
233,Bank 233,North,0.78,2,8657.09,17314.18,1,50.0,2,43.8,205
614,Bank 614,West,0.53,2,2736.65,5473.3,1,50.0,1,43.8,205
852,Bank 852,North,0.53,2,4775.62,9551.23,1,50.0,1,43.8,205
941,Bank 941,West,0.78,2,6378.68,12757.35,1,50.0,2,43.8,205
58,Bank 58,North,0.66,3,6855.96,20567.87,2,66.67,1,43.6,209
162,Bank 162,West,0.91,1,1472.6,1472.6,1,100.0,1,43.6,209
381,Bank 381,North,0.66,3,2675.51,8026.52,2,66.67,1,43.6,209
517,Bank 517,West,0.91,1,4705.28,4705.28,1,100.0,1,43.6,209
524,Bank 524,South,0.66,1,5624.12,5624.12,1,100.0,0,43.6,209
699,Bank 699,North,0.66,1,4150.01,4150.01,1,100.0,0,43.6,209
953,Bank 953,East,0.91,1,9265.02,9265.02,1,100.0,1,43.6,209
479,Bank 479,South,0.67,1,8445.78,8445.78,1,100.0,0,43.2,216
510,Bank 510,West,0.67,1,8734.12,8734.12,1,100.0,0,43.2,216
547,Bank 547,North,0.92,1,7797.02,7797.02,1,100.0,1,43.2,216
601,Bank 601,East,0.67,1,5122.28,5122.28,0,0.0,3,43.2,216
766,Bank 766,East,0.67,3,3378.94,10136.81,3,100.0,0,43.2,216
801,Bank 801,South,0.92,1,5108.84,5108.84,1,100.0,1,43.2,216
879,Bank 879,East,0.67,3,5948.25,17844.75,2,66.67,1,43.2,216
890,Bank 890,North,0.67,0,,0.0,0,,5,43.2,216
122,Bank 122,West,0.55,2,7898.41,15796.81,1,50.0,1,43.0,224
342,Bank 342,North,0.55,2,4031.2,8062.4,1,50.0,1,43.0,224
111,Bank 111,West,0.68,1,8721.51,8721.51,1,100.0,0,42.8,226
463,Bank 463,West,0.93,1,1976.69,1976.69,1,100.0,1,42.8,226
464,Bank 464,North,0.93,1,9228.75,9228.75,1,100.0,1,42.8,226
589,Bank 589,East,0.68,1,4662.69,4662.69,1,100.0,0,42.8,226
840,Bank 840,South,0.93,1,2377.28,2377.28,1,100.0,1,42.8,226
230,Bank 230,North,0.56,2,9017.95,18035.91,1,50.0,1,42.6,231
47,Bank 47,East,0.69,0,,0.0,0,,4,42.4,232
158,Bank 158,North,0.69,1,7233.76,7233.76,0,0.0,3,42.4,232
414,Bank 414,South,0.69,1,8046.96,8046.96,1,100.0,0,42.4,232
966,Bank 966,East,0.69,0,,0.0,0,,4,42.4,232
44,Bank 44,East,0.95,1,4915.54,4915.54,1,100.0,1,42.0,236
201,Bank 201,South,0.95,1,3331.77,3331.77,1,100.0,1,42.0,236
298,Bank 298,West,0.7,0,,0.0,0,,3,42.0,236
410,Bank 410,North,0.95,1,823.07,823.07,1,100.0,1,42.0,236
727,Bank 727,North,0.7,1,5453.36,5453.36,0,0.0,3,42.0,236
734,Bank 734,West,0.7,0,,0.0,0,,3,42.0,236
759,Bank 759,North,0.58,2,7595.1,15190.19,1,50.0,1,41.8,242
848,Bank 848,North,0.58,2,4587.08,9174.16,1,50.0,1,41.8,242
145,Bank 145,South,0.71,0,,0.0,0,,5,41.6,244
482,Bank 482,South,0.71,2,7096.82,14193.64,2,100.0,0,41.6,244
573,Bank 573,East,0.71,2,2163.22,4326.44,2,100.0,0,41.6,244
826,Bank 826,East,0.71,0,,0.0,0,,3,41.6,244
834,Bank 834,South,0.71,1,135.47,135.47,1,100.0,0,41.6,244
527,Bank 527,West,0.59,2,2337.31,4674.62,1,50.0,1,41.4,249
46,Bank 46,West,0.97,1,604.57,604.57,1,100.0,1,41.2,250
103,Bank 103,North,0.97,3,6436.58,19309.75,2,66.67,2,41.2,250
248,Bank 248,North,0.97,1,1295.05,1295.05,1,100.0,1,41.2,250
297,Bank 297,South,0.72,1,5067.72,5067.72,0,0.0,3,41.2,250
493,Bank 493,South,0.97,1,7579.24,7579.24,1,100.0,1,41.2,250
675,Bank 675,North,0.97,2,7465.21,14930.42,2,100.0,1,41.2,250
719,Bank 719,North,0.72,1,8165.41,8165.41,1,100.0,0,41.2,250
868,Bank 868,West,0.72,2,235.51,471.02,0,0.0,3,41.2,250
146,Bank 146,West,0.6,2,5328.1,10656.19,1,50.0,1,41.0,258
209,Bank 209,West,0.73,0,,0.0,0,,4,40.8,259
240,Bank 240,East,0.73,2,7952.64,15905.28,2,100.0,0,40.8,259
253,Bank 253,South,0.73,0,,0.0,0,,4,40.8,259
408,Bank 408,South,0.73,3,5354.89,16064.68,3,100.0,0,40.8,259
877,Bank 877,South,0.73,0,,0.0,0,,3,40.8,259
33,Bank 33,East,0.61,2,5159.48,10318.97,1,50.0,1,40.6,264
789,Bank 789,West,0.61,2,6049.34,12098.67,1,50.0,1,40.6,264
275,Bank 275,South,0.74,0,,0.0,0,,3,40.4,266
667,Bank 667,West,0.99,1,3084.57,3084.57,1,100.0,1,40.4,266
157,Bank 157,North,0.62,2,5768.07,11536.13,1,50.0,1,40.2,268
450,Bank 450,South,0.62,4,1783.81,7135.23,2,50.0,1,40.2,268
128,Bank 128,East,0.75,3,6057.99,18173.96,1,33.33,2,40.0,270
188,Bank 188,East,0.5,0,,0.0,0,,2,40.0,270
234,Bank 234,North,0.75,1,4228.66,4228.66,1,100.0,0,40.0,270
254,Bank 254,South,0.75,3,8519.95,25559.86,1,33.33,2,40.0,270
881,Bank 881,North,1.0,1,3383.69,3383.69,1,100.0,1,40.0,270
223,Bank 223,East,0.51,1,2428.46,2428.46,0,0.0,2,39.6,275
326,Bank 326,North,0.51,0,,0.0,0,,2,39.6,275
618,Bank 618,West,0.76,1,7964.42,7964.42,1,100.0,0,39.6,275
902,Bank 902,West,0.76,1,6276.0,6276.0,0,0.0,3,39.6,275
163,Bank 163,East,0.52,0,,0.0,0,,2,39.2,279
187,Bank 187,East,0.77,0,,0.0,0,,3,39.2,279
454,Bank 454,North,0.52,0,,0.0,0,,2,39.2,279
580,Bank 580,West,0.52,1,5585.25,5585.25,0,0.0,2,39.2,279
664,Bank 664,West,0.77,0,,0.0,0,,3,39.2,279
769,Bank 769,South,0.52,0,,0.0,0,,2,39.2,279
926,Bank 926,South,0.77,1,2612.29,2612.29,1,100.0,0,39.2,279
649,Bank 649,North,0.65,2,4209.13,8418.26,1,50.0,1,39.0,286
433,Bank 433,East,0.84,4,6597.11,26388.45,3,75.0,1,38.9,287
378,Bank 378,West,0.78,1,1877.07,1877.07,1,100.0,0,38.8,288
683,Bank 683,West,0.78,1,4826.96,4826.96,1,100.0,0,38.8,288
754,Bank 754,South,0.78,1,9308.24,9308.24,1,100.0,0,38.8,288
788,Bank 788,West,0.91,2,3721.22,7442.44,1,50.0,2,38.6,291
289,Bank 289,South,0.79,0,,0.0,0,,3,38.4,292
331,Bank 331,South,0.79,0,,0.0,0,,3,38.4,292
343,Bank 343,North,0.79,1,6969.96,6969.96,1,100.0,0,38.4,292
349,Bank 349,North,0.79,1,1246.47,1246.47,1,100.0,0,38.4,292
473,Bank 473,East,0.79,0,,0.0,0,,3,38.4,292
592,Bank 592,North,0.54,0,,0.0,0,,2,38.4,292
765,Bank 765,South,0.79,2,4448.6,8897.21,2,100.0,0,38.4,292
55,Bank 55,East,0.55,0,,0.0,0,,2,38.0,299
57,Bank 57,West,0.55,0,,0.0,0,,2,38.0,299
243,Bank 243,West,0.55,2,7586.95,15173.91,0,0.0,2,38.0,299
456,Bank 456,North,0.55,0,,0.0,0,,2,38.0,299
535,Bank 535,East,0.55,3,8142.9,24428.69,1,33.33,1,38.0,299
897,Bank 897,North,0.8,1,5555.16,5555.16,1,100.0,0,38.0,299
909,Bank 909,South,0.55,0,,0.0,0,,2,38.0,299
336,Bank 336,South,0.93,2,3302.9,6605.81,1,50.0,2,37.8,306
7,"Garcia, Smith and Woods",West,0.81,1,3057.17,3057.17,1,100.0,0,37.6,307
79,Bank 79,North,0.56,1,9730.33,9730.33,0,0.0,2,37.6,307
218,Bank 218,East,0.81,2,3402.06,6804.12,2,100.0,0,37.6,307
515,Bank 515,North,0.81,1,5916.62,5916.62,1,100.0,0,37.6,307
995,Bank 995,North,0.94,2,6817.18,13634.35,1,50.0,2,37.4,311
282,Bank 282,East,0.82,2,3372.72,6745.43,2,100.0,0,37.2,312
317,Bank 317,South,0.82,1,2512.69,2512.69,1,100.0,0,37.2,312
405,Bank 405,East,0.82,1,7190.82,7190.82,1,100.0,0,37.2,312
437,Bank 437,South,0.82,1,5069.65,5069.65,1,100.0,0,37.2,312
559,Bank 559,East,0.82,0,,0.0,0,,4,37.2,312
650,Bank 650,South,0.57,0,,0.0,0,,2,37.2,312
740,Bank 740,North,0.82,2,6247.26,12494.51,2,100.0,0,37.2,312
914,Bank 914,South,0.82,1,2752.02,2752.02,0,0.0,3,37.2,312
53,Bank 53,North,0.83,1,281.57,281.57,1,100.0,0,36.8,320
216,Bank 216,North,0.58,0,,0.0,0,,2,36.8,320
250,Bank 250,West,0.83,2,4301.98,8603.96,2,100.0,0,36.8,320
557,Bank 557,West,0.58,3,6193.24,18579.71,1,33.33,1,36.8,320
968,Bank 968,North,0.83,2,2723.43,5446.86,2,100.0,0,36.8,320
50,Bank 50,East,0.84,3,3217.8,9653.39,3,100.0,0,36.4,325
330,Bank 330,North,0.54,5,5294.15,26470.76,3,60.0,0,36.4,325
396,Bank 396,West,0.59,1,4102.58,4102.58,0,0.0,2,36.4,325
496,Bank 496,West,0.59,1,7635.07,7635.07,0,0.0,2,36.4,325
521,Bank 521,South,0.84,1,6902.88,6902.88,0,0.0,3,36.4,325
755,Bank 755,West,0.84,1,5426.31,5426.31,1,100.0,0,36.4,325
924,Bank 924,South,0.59,2,5693.16,11386.31,0,0.0,2,36.4,325
958,Bank 958,North,0.84,3,5457.02,16371.06,2,66.67,1,36.4,325
898,Bank 898,North,0.72,2,6962.48,13924.97,1,50.0,1,36.2,333
43,Bank 43,North,0.85,1,6418.22,6418.22,1,100.0,0,36.0,334
715,Bank 715,West,0.79,4,5278.6,21114.42,1,25.0,2,35.9,335
113,Bank 113,North,0.73,2,5141.7,10283.41,1,50.0,1,35.8,336
77,Bank 77,West,0.86,1,4104.49,4104.49,1,100.0,0,35.6,337
304,Bank 304,North,0.86,1,7536.55,7536.55,1,100.0,0,35.6,337
438,Bank 438,West,0.86,2,3593.29,7186.58,2,100.0,0,35.6,337
631,Bank 631,East,0.86,3,6415.2,19245.6,0,0.0,3,35.6,337
818,Bank 818,West,0.61,0,,0.0,0,,2,35.6,337
921,Bank 921,North,0.61,0,,0.0,0,,2,35.6,337
95,Bank 95,East,0.62,1,5402.65,5402.65,0,0.0,2,35.2,343
364,Bank 364,West,0.62,1,3637.94,3637.94,0,0.0,2,35.2,343
425,Bank 425,North,0.87,2,4949.66,9899.31,2,100.0,0,35.2,343
540,Bank 540,North,0.87,0,,0.0,0,,3,35.2,343
622,Bank 622,West,0.92,5,3566.54,17832.69,2,40.0,2,35.2,343
767,Bank 767,East,0.87,1,1280.33,1280.33,1,100.0,0,35.2,343
171,Bank 171,East,0.75,2,4129.56,8259.12,1,50.0,1,35.0,349
744,Bank 744,North,0.75,2,5396.17,10792.34,1,50.0,1,35.0,349
65,Bank 65,North,0.88,3,2633.04,7899.13,2,66.67,1,34.8,351
199,Bank 199,North,0.63,3,5312.97,15938.91,1,33.33,1,34.8,351
303,Bank 303,South,0.63,0,,0.0,0,,2,34.8,351
341,Bank 341,West,0.63,2,2633.44,5266.87,0,0.0,2,34.8,351
548,Bank 548,North,0.88,2,2158.66,4317.33,2,100.0,0,34.8,351
816,Bank 816,West,0.63,0,,0.0,0,,2,34.8,351
940,Bank 940,South,0.63,0,,0.0,0,,2,34.8,351
991,Bank 991,North,0.88,1,7764.82,7764.82,0,0.0,3,34.8,351
151,Bank 151,North,0.64,0,,0.0,0,,2,34.4,359
207,Bank 207,South,0.89,1,9045.09,9045.09,1,100.0,0,34.4,359
222,Bank 222,South,0.64,0,,0.0,0,,2,34.4,359
228,Bank 228,North,0.64,0,,0.0,0,,2,34.4,359
242,Bank 242,West,0.89,0,,0.0,0,,4,34.4,359
566,Bank 566,North,0.89,1,7354.65,7354.65,1,100.0,0,34.4,359
629,Bank 629,West,0.64,3,5358.14,16074.42,2,66.67,0,34.4,359
716,Bank 716,South,0.89,0,,0.0,0,,3,34.4,359
866,Bank 866,North,0.64,3,4039.23,12117.7,1,33.33,1,34.4,359
375,Bank 375,South,0.77,2,5437.66,10875.32,1,50.0,1,34.2,368
950,Bank 950,East,0.52,2,2848.62,5697.24,1,50.0,0,34.2,368
121,Bank 121,West,0.9,2,5444.06,10888.11,2,100.0,0,34.0,370
268,Bank 268,South,0.65,1,6794.4,6794.4,0,0.0,2,34.0,370
693,Bank 693,South,0.9,0,,0.0,0,,3,34.0,370
782,Bank 782,East,0.65,1,132.06,132.06,0,0.0,2,34.0,370
827,Bank 827,West,0.9,1,1815.27,1815.27,1,100.0,0,34.0,370
907,Bank 907,West,0.65,1,4320.66,4320.66,0,0.0,2,34.0,370
232,Bank 232,East,0.53,2,4727.74,9455.48,1,50.0,0,33.8,376
511,Bank 511,East,0.53,2,5849.99,11699.98,1,50.0,0,33.8,376
112,Bank 112,South,0.91,2,2183.83,4367.66,2,100.0,0,33.6,378
263,Bank 263,West,0.91,1,3953.74,3953.74,1,100.0,0,33.6,378
502,Bank 502,East,0.66,3,4777.79,14333.37,2,66.67,0,33.6,378
689,Bank 689,South,0.91,1,4457.57,4457.57,0,0.0,5,33.6,378
947,Bank 947,South,0.66,3,5256.15,15768.44,2,66.67,0,33.6,378
992,Bank 992,West,0.91,3,5460.83,16382.48,1,33.33,2,33.6,378
1001,Bank 1001,South,0.66,3,4354.87,13064.62,2,66.67,0,33.6,378
23,Bank 23,North,0.79,2,5402.4,10804.79,1,50.0,1,33.4,385
499,Bank 499,West,0.54,2,7991.15,15982.3,1,50.0,0,33.4,385
673,Bank 673,West,0.54,2,5307.97,10615.94,1,50.0,0,33.4,385
781,Bank 781,North,0.79,2,4439.01,8878.02,1,50.0,1,33.4,385
293,Bank 293,West,0.67,0,,0.0,0,,2,33.2,389
705,Bank 705,South,0.67,0,,0.0,0,,2,33.2,389
899,Bank 899,South,0.67,0,,0.0,0,,2,33.2,389
986,Bank 986,West,0.92,1,1591.87,1591.87,1,100.0,0,33.2,389
1007,Bank 1007,North,0.92,2,3555.13,7110.26,2,100.0,0,33.2,389
395,Bank 395,South,0.55,2,5172.23,10344.46,1,50.0,0,33.0,394
26,Bank 26,South,0.68,0,,0.0,0,,2,32.8,395
637,Bank 637,East,0.93,0,,0.0,0,,4,32.8,395
975,Bank 975,East,0.68,0,,0.0,0,,2,32.8,395
137,Bank 137,East,0.81,2,9244.27,18488.54,1,50.0,1,32.6,398
170,Bank 170,West,0.94,0,,0.0,0,,3,32.4,399
708,Bank 708,West,0.69,0,,0.0,0,,2,32.4,399
823,Bank 823,East,0.69,0,,0.0,0,,2,32.4,399
959,Bank 959,North,0.69,0,,0.0,0,,2,32.4,399
8,Small Inc,North,0.95,0,,0.0,0,,3,32.0,403
48,Bank 48,East,0.7,3,6742.76,20228.27,1,33.33,1,32.0,403
84,Bank 84,West,0.7,0,,0.0,0,,2,32.0,403
247,Bank 247,East,0.95,1,2503.9,2503.9,1,100.0,0,32.0,403
403,Bank 403,South,0.95,1,2712.13,2712.13,1,100.0,0,32.0,403
620,Bank 620,West,0.95,1,4063.65,4063.65,1,100.0,0,32.0,403
646,Bank 646,North,0.95,2,7178.75,14357.5,2,100.0,0,32.0,403
696,Bank 696,West,0.95,3,3342.22,10026.67,2,66.67,1,32.0,403
965,Bank 965,South,0.95,1,7153.5,7153.5,1,100.0,0,32.0,403
733,Bank 733,South,0.58,2,6651.98,13303.96,1,50.0,0,31.8,412
283,Bank 283,East,0.71,0,,0.0,0,,2,31.6,413
880,Bank 880,West,0.96,2,5002.65,10005.3,2,100.0,0,31.6,413
920,Bank 920,East,0.71,0,,0.0,0,,2,31.6,413
984,Bank 984,East,0.96,1,7018.96,7018.96,1,100.0,0,31.6,413
1000,Bank 1000,East,0.96,1,9679.24,9679.24,1,100.0,0,31.6,413
1008,Bank 1008,West,0.71,1,5133.66,5133.66,0,0.0,2,31.6,413
453,Bank 453,East,0.59,2,4791.89,9583.79,1,50.0,0,31.4,419
1003,Bank 1003,West,0.59,2,2519.82,5039.64,1,50.0,0,31.4,419
251,Bank 251,West,0.72,1,3601.2,3601.2,0,0.0,2,31.2,421
565,Bank 565,East,0.72,2,4999.61,9999.23,0,0.0,2,31.2,421
610,Bank 610,South,0.97,3,5585.18,16755.53,1,33.33,2,31.2,421
780,Bank 780,West,0.97,1,2237.84,2237.84,1,100.0,0,31.2,421
978,Bank 978,South,0.97,2,4111.32,8222.63,2,100.0,0,31.2,421
132,Bank 132,East,0.85,2,9650.7,19301.4,1,50.0,1,31.0,426
483,Bank 483,South,0.6,2,4789.74,9579.48,1,50.0,0,31.0,426
235,Bank 235,East,0.79,4,7452.23,29808.91,3,75.0,0,30.9,428
109,Bank 109,West,0.98,0,,0.0,0,,3,30.8,429
244,Bank 244,West,0.73,3,4932.68,14798.04,2,66.67,0,30.8,429
457,Bank 457,West,0.98,1,9337.53,9337.53,1,100.0,0,30.8,429
516,Bank 516,West,0.73,1,101.03,101.03,0,0.0,2,30.8,429
567,Bank 567,East,0.98,3,2256.72,6770.15,2,66.67,1,30.8,429
724,Bank 724,South,0.98,0,,0.0,0,,3,30.8,429
762,Bank 762,South,0.73,0,,0.0,0,,2,30.8,429
836,Bank 836,East,0.98,1,2886.41,2886.41,1,100.0,0,30.8,429
967,Bank 967,West,0.98,1,4748.88,4748.88,0,0.0,3,30.8,429
198,Bank 198,South,0.86,2,3734.09,7468.18,1,50.0,1,30.6,438
333,Bank 333,South,0.99,0,,0.0,0,,3,30.4,439
509,Bank 509,North,0.74,0,,0.0,0,,2,30.4,439
536,Bank 536,South,0.99,1,8795.33,8795.33,1,100.0,0,30.4,439
550,Bank 550,North,0.99,1,1164.52,1164.52,1,100.0,0,30.4,439
970,Bank 970,East,0.74,0,,0.0,0,,2,30.4,439
638,Bank 638,North,0.87,2,2345.54,4691.07,1,50.0,1,30.2,444
89,Bank 89,East,0.75,0,,0.0,0,,2,30.0,445
165,Bank 165,South,0.75,0,,0.0,0,,2,30.0,445
184,Bank 184,East,1.0,1,5358.12,5358.12,1,100.0,0,30.0,445
257,Bank 257,North,0.5,1,6809.58,6809.58,0,0.0,1,30.0,445
404,Bank 404,West,0.5,0,,0.0,0,,1,30.0,445
460,Bank 460,North,0.5,0,,0.0,0,,1,30.0,445
467,Bank 467,South,0.5,2,8201.01,16402.01,0,0.0,1,30.0,445
564,Bank 564,North,0.75,0,,0.0,0,,2,30.0,445
779,Bank 779,South,0.75,2,1971.35,3942.69,0,0.0,2,30.0,445
814,Bank 814,South,1.0,1,6050.36,6050.36,1,100.0,0,30.0,445
1006,Bank 1006,West,0.5,3,5931.77,17795.32,0,0.0,1,30.0,445
82,Bank 82,North,0.63,2,4654.59,9309.17,1,50.0,0,29.8,456
500,Bank 500,South,0.88,2,4501.37,9002.74,1,50.0,1,29.8,456
5,"Wilcox, Lynch and Weeks",South,0.51,1,9855.67,9855.67,0,0.0,1,29.6,458
155,Bank 155,North,0.76,0,,0.0,0,,2,29.6,458
357,Bank 357,West,0.51,0,,0.0,0,,1,29.6,458
424,Bank 424,East,0.51,0,,0.0,0,,1,29.6,458
531,Bank 531,West,0.51,0,,0.0,0,,1,29.6,458
722,Bank 722,West,0.51,0,,0.0,0,,1,29.6,458
838,Bank 838,East,0.51,2,6191.43,12382.86,0,0.0,1,29.6,458
903,Bank 903,South,0.76,1,9203.33,9203.33,0,0.0,2,29.6,458
34,Bank 34,North,0.64,2,2880.15,5760.3,1,50.0,0,29.4,466
619,Bank 619,South,0.89,2,4857.64,9715.27,1,50.0,1,29.4,466
720,Bank 720,North,0.89,2,3922.16,7844.33,1,50.0,1,29.4,466
29,Bank 29,North,0.52,0,,0.0,0,,1,29.2,469
61,Bank 61,East,0.52,1,6709.07,6709.07,0,0.0,1,29.2,469
94,Bank 94,West,0.52,0,,0.0,0,,1,29.2,469
104,Bank 104,North,0.52,0,,0.0,0,,1,29.2,469
380,Bank 380,South,0.52,1,3262.58,3262.58,0,0.0,1,29.2,469
383,Bank 383,West,0.77,2,7769.97,15539.94,0,0.0,2,29.2,469
420,Bank 420,South,0.77,0,,0.0,0,,2,29.2,469
512,Bank 512,East,0.77,0,,0.0,0,,2,29.2,469
607,Bank 607,North,0.52,0,,0.0,0,,1,29.2,469
701,Bank 701,South,0.52,0,,0.0,0,,1,29.2,469
853,Bank 853,East,0.77,0,,0.0,0,,2,29.2,469
356,Bank 356,North,0.9,2,2481.29,4962.58,1,50.0,1,29.0,480
859,Bank 859,North,0.9,2,2389.61,4779.23,1,50.0,1,29.0,480
71,Bank 71,South,0.78,3,5391.4,16174.2,1,33.33,1,28.8,482
391,Bank 391,North,0.53,0,,0.0,0,,1,28.8,482
461,Bank 461,North,0.78,0,,0.0,0,,2,28.8,482
578,Bank 578,South,0.53,1,862.82,862.82,0,0.0,1,28.8,482
590,Bank 590,North,0.78,1,9411.22,9411.22,0,0.0,2,28.8,482
792,Bank 792,West,0.53,0,,0.0,0,,1,28.8,482
144,Bank 144,South,0.66,2,4968.94,9937.88,1,50.0,0,28.6,488
12,Bank 12,East,0.54,1,3854.41,3854.41,0,0.0,1,28.4,489
93,Bank 93,North,0.79,2,9175.08,18350.17,0,0.0,2,28.4,489
176,Bank 176,West,0.54,1,6913.32,6913.32,0,0.0,1,28.4,489
389,Bank 389,West,0.79,0,,0.0,0,,2,28.4,489
665,Bank 665,South,0.79,0,,0.0,0,,2,28.4,489
837,Bank 837,West,0.54,0,,0.0,0,,1,28.4,489
458,Bank 458,East,0.8,1,3150.25,3150.25,0,0.0,2,28.0,495
864,Bank 864,South,0.55,0,,0.0,0,,1,28.0,495
939,Bank 939,West,0.55,1,8857.61,8857.61,0,0.0,1,28.0,495
17,Bank 17,South,0.93,2,6710.58,13421.16,1,50.0,1,27.8,498
872,Bank 872,West,0.93,2,5638.85,11277.7,1,50.0,1,27.8,498
1,Figueroa-Green,South,0.81,1,3790.68,3790.68,0,0.0,2,27.6,500
117,Bank 117,East,0.81,0,,0.0,0,,2,27.6,500
411,Bank 411,East,0.56,0,,0.0,0,,1,27.6,500
446,Bank 446,East,0.56,0,,0.0,0,,1,27.6,500
543,Bank 543,South,0.56,1,9829.68,9829.68,0,0.0,1,27.6,500
562,Bank 562,East,0.81,1,587.11,587.11,0,0.0,2,27.6,500
687,Bank 687,South,0.81,1,3372.46,3372.46,0,0.0,2,27.6,500
771,Bank 771,South,0.81,0,,0.0,0,,2,27.6,500
156,Bank 156,West,0.57,0,,0.0,0,,1,27.2,508
316,Bank 316,South,0.57,1,6210.56,6210.56,0,0.0,1,27.2,508
441,Bank 441,South,0.57,3,8422.9,25268.7,1,33.33,0,27.2,508
695,Bank 695,South,0.57,0,,0.0,0,,1,27.2,508
31,Bank 31,East,0.58,0,,0.0,0,,1,26.8,512
249,Bank 249,South,0.58,0,,0.0,0,,1,26.8,512
399,Bank 399,West,0.58,3,5250.06,15750.19,1,33.33,0,26.8,512
421,Bank 421,South,0.58,0,,0.0,0,,1,26.8,512
657,Bank 657,West,0.58,0,,0.0,0,,1,26.8,512
870,Bank 870,North,0.58,1,2024.4,2024.4,0,0.0,1,26.8,512
981,Bank 981,West,0.83,0,,0.0,0,,2,26.8,512
15,Bank 15,West,0.59,1,4419.37,4419.37,0,0.0,1,26.4,519
221,Bank 221,East,0.59,0,,0.0,0,,1,26.4,519
377,Bank 377,West,0.59,0,,0.0,0,,1,26.4,519
432,Bank 432,West,0.59,0,,0.0,0,,1,26.4,519
627,Bank 627,North,0.59,2,8478.3,16956.59,0,0.0,1,26.4,519
829,Bank 829,North,0.59,0,,0.0,0,,1,26.4,519
951,Bank 951,North,0.59,0,,0.0,0,,1,26.4,519
87,Bank 87,West,0.72,2,4517.49,9034.97,1,50.0,0,26.2,526
177,Bank 177,West,0.72,2,4850.39,9700.77,1,50.0,0,26.2,526
503,Bank 503,North,0.72,2,7349.42,14698.83,1,50.0,0,26.2,526
538,Bank 538,North,0.97,2,9010.38,18020.75,1,50.0,1,26.2,526
993,Bank 993,South,0.97,2,6795.53,13591.06,1,50.0,1,26.2,526
175,Bank 175,North,0.6,0,,0.0,0,,1,26.0,531
194,Bank 194,South,0.85,0,,0.0,0,,2,26.0,531
534,Bank 534,West,0.6,1,8929.57,8929.57,0,0.0,1,26.0,531
824,Bank 824,North,0.6,0,,0.0,0,,1,26.0,531
979,Bank 979,East,0.6,0,,0.0,0,,1,26.0,531
776,Bank 776,West,0.54,4,6109.52,24438.08,1,25.0,0,25.9,536
139,Bank 139,South,0.61,0,,0.0,0,,1,25.6,537
764,Bank 764,North,0.61,0,,0.0,0,,1,25.6,537
774,Bank 774,North,0.61,1,6563.18,6563.18,0,0.0,1,25.6,537
857,Bank 857,West,0.61,1,8964.11,8964.11,0,0.0,1,25.6,537
957,Bank 957,East,0.86,0,,0.0,0,,2,25.6,537
308,Bank 308,West,0.99,4,5487.42,21949.67,2,50.0,1,25.4,542
539,Bank 539,South,0.99,2,3336.74,6673.48,1,50.0,1,25.4,542
167,Bank 167,West,0.87,3,5564.79,16694.36,1,33.33,1,25.2,544
266,Bank 266,South,0.62,0,,0.0,0,,1,25.2,544
436,Bank 436,South,0.62,0,,0.0,0,,1,25.2,544
528,Bank 528,South,0.62,1,7931.63,7931.63,0,0.0,1,25.2,544
606,Bank 606,East,0.62,3,2107.53,6322.59,1,33.33,0,25.2,544
625,Bank 625,South,0.62,0,,0.0,0,,1,25.2,544
704,Bank 704,North,0.92,5,6703.86,33519.31,2,40.0,1,25.2,544
712,Bank 712,West,0.62,1,2593.23,2593.23,0,0.0,1,25.2,544
900,Bank 900,South,0.62,1,349.8,349.8,0,0.0,1,25.2,544
314,Bank 314,East,1.0,2,8781.54,17563.08,1,50.0,1,25.0,553
617,Bank 617,North,0.75,4,5474.54,21898.16,2,50.0,0,25.0,553
723,Bank 723,South,0.75,2,4936.23,9872.46,1,50.0,0,25.0,553
40,Bank 40,East,0.63,0,,0.0,0,,1,24.8,556
141,Bank 141,West,0.88,1,3517.29,3517.29,0,0.0,2,24.8,556
702,Bank 702,North,0.63,1,3982.78,3982.78,0,0.0,1,24.8,556
729,Bank 729,East,0.63,0,,0.0,0,,1,24.8,556
736,Bank 736,South,0.63,1,7312.29,7312.29,0,0.0,1,24.8,556
750,Bank 750,South,0.63,1,9735.81,9735.81,0,0.0,1,24.8,556
795,Bank 795,North,0.88,0,,0.0,0,,2,24.8,556
850,Bank 850,West,0.88,2,6530.63,13061.25,0,0.0,2,24.8,556
977,Bank 977,South,0.63,0,,0.0,0,,1,24.8,556
152,Bank 152,South,0.64,1,1432.47,1432.47,0,0.0,1,24.4,565
329,Bank 329,West,0.64,0,,0.0,0,,1,24.4,565
558,Bank 558,East,0.64,0,,0.0,0,,1,24.4,565
730,Bank 730,North,0.89,2,4216.89,8433.79,0,0.0,2,24.4,565
915,Bank 915,North,0.89,1,1014.12,1014.12,0,0.0,2,24.4,565
739,Bank 739,East,0.77,2,1637.96,3275.93,1,50.0,0,24.2,570
110,Bank 110,North,0.65,2,3406.1,6812.19,0,0.0,1,24.0,571
125,Bank 125,West,0.65,2,5214.07,10428.14,0,0.0,1,24.0,571
190,Bank 190,North,0.9,0,,0.0,0,,2,24.0,571
581,Bank 581,South,0.9,0,,0.0,0,,2,24.0,571
636,Bank 636,South,0.65,1,6686.31,6686.31,0,0.0,1,24.0,571
90,Bank 90,South,0.66,2,4935.86,9871.73,0,0.0,1,23.6,576
149,Bank 149,East,0.91,0,,0.0,0,,2,23.6,576
203,Bank 203,West,0.66,0,,0.0,0,,1,23.6,576
784,Bank 784,West,0.66,1,8796.84,8796.84,0,0.0,1,23.6,576
901,Bank 901,South,0.66,0,,0.0,0,,1,23.6,576
985,Bank 985,South,0.91,2,4916.65,9833.3,0,0.0,2,23.6,576
1002,Bank 1002,West,0.79,2,1082.38,2164.75,1,50.0,0,23.4,582
91,Bank 91,East,0.67,0,,0.0,0,,1,23.2,583
272,Bank 272,West,0.67,0,,0.0,0,,1,23.2,583
311,Bank 311,North,0.92,3,4358.66,13075.98,2,66.67,0,23.2,583
772,Bank 772,East,0.67,0,,0.0,0,,1,23.2,583
485,Bank 485,East,0.61,4,5081.07,20324.29,1,25.0,0,23.1,587
267,Bank 267,South,0.8,2,2471.12,4942.24,1,50.0,0,23.0,588
487,Bank 487,North,0.8,2,3118.28,6236.56,1,50.0,0,23.0,588
124,Bank 124,North,0.68,0,,0.0,0,,1,22.8,590
338,Bank 338,West,0.93,0,,0.0,0,,2,22.8,590
346,Bank 346,West,0.68,0,,0.0,0,,1,22.8,590
431,Bank 431,North,0.68,1,3514.6,3514.6,0,0.0,1,22.8,590
551,Bank 551,West,0.68,0,,0.0,0,,1,22.8,590
587,Bank 587,North,0.68,0,,0.0,0,,1,22.8,590
717,Bank 717,West,0.93,0,,0.0,0,,2,22.8,590
873,Bank 873,North,0.68,1,6185.55,6185.55,0,0.0,1,22.8,590
36,Bank 36,South,0.81,2,5044.74,10089.49,1,50.0,0,22.6,598
891,Bank 891,South,0.81,2,5149.66,10299.33,1,50.0,0,22.6,598
10,Hill-Thomas,West,0.69,2,5563.97,11127.93,0,0.0,1,22.4,600
140,Bank 140,North,0.69,0,,0.0,0,,1,22.4,600
215,Bank 215,North,0.94,3,4543.27,13629.81,2,66.67,0,22.4,600
271,Bank 271,North,0.69,0,,0.0,0,,1,22.4,600
292,Bank 292,South,0.69,0,,0.0,0,,1,22.4,600
300,Bank 300,West,0.69,0,,0.0,0,,1,22.4,600
417,Bank 417,South,0.69,0,,0.0,0,,1,22.4,600
645,Bank 645,South,0.69,1,1808.53,1808.53,0,0.0,1,22.4,600
709,Bank 709,East,0.94,1,4580.7,4580.7,0,0.0,2,22.4,600
721,Bank 721,East,0.69,1,8488.58,8488.58,0,0.0,1,22.4,600
817,Bank 817,North,0.69,1,8394.68,8394.68,0,0.0,1,22.4,600
507,Bank 507,East,0.82,2,6419.74,12839.48,1,50.0,0,22.2,611
520,Bank 520,West,0.82,2,2434.01,4868.01,1,50.0,0,22.2,611
83,Bank 83,South,0.95,0,,0.0,0,,2,22.0,613
106,Bank 106,North,0.95,0,,0.0,0,,2,22.0,613
287,Bank 287,North,0.7,0,,0.0,0,,1,22.0,613
402,Bank 402,North,0.95,1,2899.69,2899.69,0,0.0,2,22.0,613
570,Bank 570,East,0.95,0,,0.0,0,,2,22.0,613
594,Bank 594,East,0.7,2,5533.06,11066.11,0,0.0,1,22.0,613
633,Bank 633,West,0.7,0,,0.0,0,,1,22.0,613
711,Bank 711,South,0.7,0,,0.0,0,,1,22.0,613
202,Bank 202,West,0.83,2,7111.41,14222.83,1,50.0,0,21.8,621
56,Bank 56,South,0.96,0,,0.0,0,,2,21.6,622
324,Bank 324,West,0.71,1,9397.79,9397.79,0,0.0,1,21.6,622
347,Bank 347,East,0.96,0,,0.0,0,,2,21.6,622
597,Bank 597,North,0.96,0,,0.0,0,,2,21.6,622
653,Bank 653,South,0.71,0,,0.0,0,,1,21.6,622
710,Bank 710,South,0.71,0,,0.0,0,,1,21.6,622
842,Bank 842,East,0.71,0,,0.0,0,,1,21.6,622
851,Bank 851,East,0.71,2,3435.42,6870.84,0,0.0,1,21.6,622
3,"Morgan, Terry and Cortez",East,0.72,1,4323.75,4323.75,0,0.0,1,21.2,630
246,Bank 246,South,0.72,1,678.11,678.11,0,0.0,1,21.2,630
376,Bank 376,North,0.97,1,7676.75,7676.75,0,0.0,2,21.2,630
407,Bank 407,North,0.97,0,,0.0,0,,2,21.2,630
568,Bank 568,West,0.72,0,,0.0,0,,1,21.2,630
670,Bank 670,North,0.72,3,3013.1,9039.3,0,0.0,1,21.2,630
741,Bank 741,North,0.97,0,,0.0,0,,2,21.2,630
756,Bank 756,South,0.72,0,,0.0,0,,1,21.2,630
749,Bank 749,North,0.85,2,5248.58,10497.16,1,50.0,0,21.0,638
13,Bank 13,North,0.98,0,,0.0,0,,2,20.8,639
416,Bank 416,North,0.73,2,611.34,1222.67,0,0.0,1,20.8,639
451,Bank 451,South,0.73,0,,0.0,0,,1,20.8,639
804,Bank 804,South,0.67,4,8357.52,33430.07,1,25.0,0,20.7,642
325,Bank 325,East,0.86,2,3707.16,7414.31,1,50.0,0,20.6,643
70,Bank 70,East,0.74,0,,0.0,0,,1,20.4,644
328,Bank 328,West,0.74,1,7183.23,7183.23,0,0.0,1,20.4,644
348,Bank 348,West,0.99,0,,0.0,0,,2,20.4,644
490,Bank 490,East,0.99,1,7157.74,7157.74,0,0.0,2,20.4,644
635,Bank 635,East,0.74,0,,0.0,0,,1,20.4,644
983,Bank 983,North,0.74,0,,0.0,0,,1,20.4,644
76,Bank 76,South,1.0,0,,0.0,0,,2,20.0,650
92,Bank 92,North,0.75,2,4772.66,9545.32,0,0.0,1,20.0,650
120,Bank 120,North,0.5,1,2798.56,2798.56,0,0.0,0,20.0,650
429,Bank 429,South,0.75,0,,0.0,0,,1,20.0,650
990,Bank 990,North,1.0,1,6669.07,6669.07,0,0.0,2,20.0,650
237,Bank 237,North,0.88,2,9449.61,18899.23,1,50.0,0,19.8,655
185,Bank 185,South,0.76,2,5441.22,10882.43,0,0.0,1,19.6,656
220,Bank 220,East,0.76,1,3145.99,3145.99,0,0.0,1,19.6,656
362,Bank 362,West,0.51,0,,0.0,0,,0,19.6,656
412,Bank 412,East,0.51,2,716.84,1433.67,0,0.0,0,19.6,656
561,Bank 561,North,0.76,1,6043.12,6043.12,0,0.0,1,19.6,656
583,Bank 583,East,0.76,0,,0.0,0,,1,19.6,656
737,Bank 737,South,0.76,0,,0.0,0,,1,19.6,656
777,Bank 777,West,0.51,0,,0.0,0,,0,19.6,656
929,Bank 929,West,0.51,0,,0.0,0,,0,19.6,656
944,Bank 944,North,0.76,1,9821.71,9821.71,0,0.0,1,19.6,656
678,Bank 678,North,0.89,2,2016.12,4032.24,1,50.0,0,19.4,666
976,Bank 976,West,0.89,2,1564.38,3128.75,1,50.0,0,19.4,666
102,Bank 102,East,0.77,0,,0.0,0,,1,19.2,668
213,Bank 213,West,0.52,0,,0.0,0,,0,19.2,668
236,Bank 236,South,0.52,0,,0.0,0,,0,19.2,668
400,Bank 400,North,0.77,0,,0.0,0,,1,19.2,668
447,Bank 447,South,0.77,0,,0.0,0,,1,19.2,668
492,Bank 492,West,0.77,1,1782.42,1782.42,0,0.0,1,19.2,668
549,Bank 549,South,0.77,0,,0.0,0,,1,19.2,668
659,Bank 659,South,0.52,0,,0.0,0,,0,19.2,668
731,Bank 731,North,0.52,0,,0.0,0,,0,19.2,668
831,Bank 831,South,0.77,1,8806.2,8806.2,0,0.0,1,19.2,668
908,Bank 908,South,0.77,0,,0.0,0,,1,19.2,668
932,Bank 932,South,0.52,0,,0.0,0,,0,19.2,668
685,Bank 685,North,0.96,4,5050.84,20203.35,1,25.0,1,19.1,680
22,Bank 22,East,0.78,0,,0.0,0,,1,18.8,681
59,Bank 59,North,0.53,0,,0.0,0,,0,18.8,681
150,Bank 150,West,0.53,0,,0.0,0,,0,18.8,681
174,Bank 174,East,0.78,0,,0.0,0,,1,18.8,681
205,Bank 205,West,0.53,0,,0.0,0,,0,18.8,681
259,Bank 259,East,0.78,0,,0.0,0,,1,18.8,681
265,Bank 265,South,0.53,2,4441.9,8883.79,0,0.0,0,18.8,681
340,Bank 340,West,0.78,0,,0.0,0,,1,18.8,681
472,Bank 472,West,0.78,0,,0.0,0,,1,18.8,681
475,Bank 475,West,0.53,1,6463.99,6463.99,0,0.0,0,18.8,681
495,Bank 495,North,0.53,0,,0.0,0,,0,18.8,681
563,Bank 563,North,0.78,1,459.49,459.49,0,0.0,1,18.8,681
579,Bank 579,East,0.53,0,,0.0,0,,0,18.8,681
604,Bank 604,East,0.78,0,,0.0,0,,1,18.8,681
658,Bank 658,West,0.78,0,,0.0,0,,1,18.8,681
703,Bank 703,West,0.78,1,6512.11,6512.11,0,0.0,1,18.8,681
845,Bank 845,North,0.53,2,8579.02,17158.04,0,0.0,0,18.8,681
945,Bank 945,East,0.53,0,,0.0,0,,0,18.8,681
116,Bank 116,East,0.79,0,,0.0,0,,1,18.4,699
219,Bank 219,South,0.79,0,,0.0,0,,1,18.4,699
239,Bank 239,North,0.79,0,,0.0,0,,1,18.4,699
285,Bank 285,West,0.54,1,5667.24,5667.24,0,0.0,0,18.4,699
294,Bank 294,South,0.54,1,682.06,682.06,0,0.0,0,18.4,699
352,Bank 352,North,0.54,0,,0.0,0,,0,18.4,699
409,Bank 409,West,0.79,1,467.73,467.73,0,0.0,1,18.4,699
728,Bank 728,South,0.79,0,,0.0,0,,1,18.4,699
806,Bank 806,East,0.54,1,6445.35,6445.35,0,0.0,0,18.4,699
833,Bank 833,West,0.79,0,,0.0,0,,1,18.4,699
856,Bank 856,East,0.54,0,,0.0,0,,0,18.4,699
883,Bank 883,North,0.79,0,,0.0,0,,1,18.4,699
41,Bank 41,West,0.55,0,,0.0,0,,0,18.0,711
75,Bank 75,East,0.55,0,,0.0,0,,0,18.0,711
119,Bank 119,East,0.8,1,1499.77,1499.77,0,0.0,1,18.0,711
182,Bank 182,North,0.55,1,9954.31,9954.31,0,0.0,0,18.0,711
359,Bank 359,North,0.55,1,5797.25,5797.25,0,0.0,0,18.0,711
449,Bank 449,West,0.55,2,5132.61,10265.21,0,0.0,0,18.0,711
545,Bank 545,South,0.8,2,4779.35,9558.7,0,0.0,1,18.0,711
569,Bank 569,South,0.8,0,,0.0,0,,1,18.0,711
599,Bank 599,East,0.8,0,,0.0,0,,1,18.0,711
825,Bank 825,North,0.8,0,,0.0,0,,1,18.0,711
876,Bank 876,South,0.55,2,6735.91,13471.82,0,0.0,0,18.0,711
973,Bank 973,East,0.8,2,8102.48,16204.95,0,0.0,1,18.0,711
279,Bank 279,West,0.93,2,4962.26,9924.52,1,50.0,0,17.8,723
775,Bank 775,South,0.93,2,2991.08,5982.15,1,50.0,0,17.8,723
830,Bank 830,East,0.93,2,3441.96,6883.92,1,50.0,0,17.8,723
135,Bank 135,North,0.81,0,,0.0,0,,1,17.6,726
195,Bank 195,North,0.81,1,9673.62,9673.62,0,0.0,1,17.6,726
217,Bank 217,South,0.56,0,,0.0,0,,0,17.6,726
468,Bank 468,East,0.81,0,,0.0,0,,1,17.6,726
603,Bank 603,West,0.56,0,,0.0,0,,0,17.6,726
884,Bank 884,South,0.56,1,5852.85,5852.85,0,0.0,0,17.6,726
912,Bank 912,South,0.81,1,270.54,270.54,0,0.0,1,17.6,726
812,Bank 812,South,0.94,2,6764.66,13529.31,1,50.0,0,17.4,733
24,Bank 24,East,0.57,0,,0.0,0,,0,17.2,734
32,Bank 32,North,0.57,2,2602.75,5205.5,0,0.0,0,17.2,734
45,Bank 45,North,0.57,1,268.84,268.84,0,0.0,0,17.2,734
67,Bank 67,East,0.82,0,,0.0,0,,1,17.2,734
197,Bank 197,West,0.57,0,,0.0,0,,0,17.2,734
373,Bank 373,East,0.82,1,5398.38,5398.38,0,0.0,1,17.2,734
489,Bank 489,West,0.57,0,,0.0,0,,0,17.2,734
574,Bank 574,West,0.82,0,,0.0,0,,1,17.2,734
867,Bank 867,East,0.57,2,7379.76,14759.52,0,0.0,0,17.2,734
115,Bank 115,East,0.58,0,,0.0,0,,0,16.8,743
118,Bank 118,South,0.58,0,,0.0,0,,0,16.8,743
161,Bank 161,East,0.58,0,,0.0,0,,0,16.8,743
284,Bank 284,East,0.83,0,,0.0,0,,1,16.8,743
344,Bank 344,West,0.83,0,,0.0,0,,1,16.8,743
361,Bank 361,East,0.83,0,,0.0,0,,1,16.8,743
478,Bank 478,South,0.83,0,,0.0,0,,1,16.8,743
486,Bank 486,North,0.58,1,1861.01,1861.01,0,0.0,0,16.8,743
572,Bank 572,East,0.58,0,,0.0,0,,0,16.8,743
725,Bank 725,North,0.83,1,9293.79,9293.79,0,0.0,1,16.8,743
916,Bank 916,South,0.83,0,,0.0,0,,1,16.8,743
934,Bank 934,East,0.58,1,3910.84,3910.84,0,0.0,0,16.8,743
971,Bank 971,South,0.83,1,5881.23,5881.23,0,0.0,1,16.8,743
63,Bank 63,North,0.84,0,,0.0,0,,1,16.4,756
206,Bank 206,East,0.84,1,5504.76,5504.76,0,0.0,1,16.4,756
296,Bank 296,East,0.84,0,,0.0,0,,1,16.4,756
334,Bank 334,East,0.59,0,,0.0,0,,0,16.4,756
439,Bank 439,West,0.59,1,9104.47,9104.47,0,0.0,0,16.4,756
523,Bank 523,North,0.59,2,5299.07,10598.15,0,0.0,0,16.4,756
655,Bank 655,East,0.84,2,2504.95,5009.91,0,0.0,1,16.4,756
810,Bank 810,North,0.59,0,,0.0,0,,0,16.4,756
892,Bank 892,North,0.84,0,,0.0,0,,1,16.4,756
919,Bank 919,West,0.84,2,4326.48,8652.96,0,0.0,1,16.4,756
969,Bank 969,East,0.97,2,5140.39,10280.77,1,50.0,0,16.2,766
38,Bank 38,West,0.6,0,,0.0,0,,0,16.0,767
107,Bank 107,North,0.6,1,9172.74,9172.74,0,0.0,0,16.0,767
337,Bank 337,West,0.6,0,,0.0,0,,0,16.0,767
354,Bank 354,East,0.85,1,2330.52,2330.52,0,0.0,1,16.0,767
494,Bank 494,North,0.85,0,,0.0,0,,1,16.0,767
648,Bank 648,North,0.6,1,8163.48,8163.48,0,0.0,0,16.0,767
662,Bank 662,East,0.85,1,1075.12,1075.12,0,0.0,1,16.0,767
887,Bank 887,North,0.85,0,,0.0,0,,1,16.0,767
948,Bank 948,South,0.6,0,,0.0,0,,0,16.0,767
81,Bank 81,South,0.86,1,5835.83,5835.83,0,0.0,1,15.6,776
85,Bank 85,North,0.86,0,,0.0,0,,1,15.6,776
169,Bank 169,North,0.86,0,,0.0,0,,1,15.6,776
281,Bank 281,North,0.61,0,,0.0,0,,0,15.6,776
641,Bank 641,West,0.61,1,2355.94,2355.94,0,0.0,0,15.6,776
697,Bank 697,North,0.61,3,7397.36,22192.09,0,0.0,0,15.6,776
987,Bank 987,North,0.61,0,,0.0,0,,0,15.6,776
6,Phillips Ltd,North,0.62,0,,0.0,0,,0,15.2,783
19,Bank 19,West,0.62,1,31.68,31.68,0,0.0,0,15.2,783
398,Bank 398,East,0.87,1,8851.2,8851.2,0,0.0,1,15.2,783
936,Bank 936,North,0.62,1,5501.76,5501.76,0,0.0,0,15.2,783
101,Bank 101,West,1.0,2,6267.67,12535.34,1,50.0,0,15.0,787
25,Bank 25,North,0.63,2,9120.91,18241.82,0,0.0,0,14.8,788
374,Bank 374,South,0.88,0,,0.0,0,,1,14.8,788
430,Bank 430,East,0.88,0,,0.0,0,,1,14.8,788
529,Bank 529,North,0.63,1,3580.37,3580.37,0,0.0,0,14.8,788
609,Bank 609,East,0.63,1,2721.97,2721.97,0,0.0,0,14.8,788
643,Bank 643,South,0.63,0,,0.0,0,,0,14.8,788
747,Bank 747,North,0.88,1,1946.99,1946.99,0,0.0,1,14.8,788
841,Bank 841,East,0.63,0,,0.0,0,,0,14.8,788
964,Bank 964,South,0.63,2,3261.18,6522.37,0,0.0,0,14.8,788
114,Bank 114,South,0.64,1,5406.76,5406.76,0,0.0,0,14.4,797
270,Bank 270,North,0.64,2,6418.24,12836.49,0,0.0,0,14.4,797
291,Bank 291,North,0.89,0,,0.0,0,,1,14.4,797
358,Bank 358,South,0.89,0,,0.0,0,,1,14.4,797
443,Bank 443,North,0.89,0,,0.0,0,,1,14.4,797
28,Bank 28,East,0.65,0,,0.0,0,,0,14.0,802
179,Bank 179,East,0.65,1,1789.34,1789.34,0,0.0,0,14.0,802
339,Bank 339,North,0.65,0,,0.0,0,,0,14.0,802
602,Bank 602,East,0.9,3,6759.39,20278.18,0,0.0,1,14.0,802
819,Bank 819,North,0.9,1,4676.44,4676.44,0,0.0,1,14.0,802
820,Bank 820,South,0.9,0,,0.0,0,,1,14.0,802
917,Bank 917,South,0.65,0,,0.0,0,,0,14.0,802
962,Bank 962,South,0.9,1,1070.63,1070.63,0,0.0,1,14.0,802
229,Bank 229,South,0.66,0,,0.0,0,,0,13.6,810
322,Bank 322,West,0.91,2,2317.24,4634.49,0,0.0,1,13.6,810
476,Bank 476,North,0.91,0,,0.0,0,,1,13.6,810
526,Bank 526,West,0.66,0,,0.0,0,,0,13.6,810
718,Bank 718,East,0.66,0,,0.0,0,,0,13.6,810
895,Bank 895,North,0.91,1,1603.76,1603.76,0,0.0,1,13.6,810
392,Bank 392,South,0.92,2,5665.15,11330.29,0,0.0,1,13.2,816
418,Bank 418,East,0.92,0,,0.0,0,,1,13.2,816
773,Bank 773,West,0.92,0,,0.0,0,,1,13.2,816
894,Bank 894,North,0.67,0,,0.0,0,,0,13.2,816
949,Bank 949,South,0.92,0,,0.0,0,,1,13.2,816
301,Bank 301,South,0.93,3,1510.62,4531.87,1,33.33,0,12.8,821
318,Bank 318,South,0.93,3,3755.33,11265.98,1,33.33,0,12.8,821
626,Bank 626,North,0.93,1,6332.92,6332.92,0,0.0,1,12.8,821
644,Bank 644,East,0.68,0,,0.0,0,,0,12.8,821
735,Bank 735,East,0.93,0,,0.0,0,,1,12.8,821
770,Bank 770,South,0.68,0,,0.0,0,,0,12.8,821
846,Bank 846,East,0.93,1,6524.94,6524.94,0,0.0,1,12.8,821
893,Bank 893,North,0.93,0,,0.0,0,,1,12.8,821
938,Bank 938,East,0.93,2,5752.04,11504.08,0,0.0,1,12.8,821
972,Bank 972,South,0.68,0,,0.0,0,,0,12.8,821
142,Bank 142,West,0.69,0,,0.0,0,,0,12.4,831
192,Bank 192,North,0.94,0,,0.0,0,,1,12.4,831
295,Bank 295,East,0.69,0,,0.0,0,,0,12.4,831
577,Bank 577,East,0.94,0,,0.0,0,,1,12.4,831
593,Bank 593,West,0.94,0,,0.0,0,,1,12.4,831
690,Bank 690,West,0.69,1,6212.61,6212.61,0,0.0,0,12.4,831
889,Bank 889,North,0.69,0,,0.0,0,,0,12.4,831
1004,Bank 1004,South,0.94,0,,0.0,0,,1,12.4,831
60,Bank 60,South,0.95,2,5861.36,11722.73,0,0.0,1,12.0,839
69,Bank 69,East,0.7,0,,0.0,0,,0,12.0,839
186,Bank 186,North,0.7,0,,0.0,0,,0,12.0,839
501,Bank 501,North,0.95,2,7526.51,15053.01,0,0.0,1,12.0,839
505,Bank 505,East,0.7,0,,0.0,0,,0,12.0,839
611,Bank 611,South,0.7,1,2334.6,2334.6,0,0.0,0,12.0,839
634,Bank 634,South,0.95,1,4794.33,4794.33,0,0.0,1,12.0,839
726,Bank 726,North,0.95,0,,0.0,0,,1,12.0,839
761,Bank 761,East,0.7,1,5704.79,5704.79,0,0.0,0,12.0,839
785,Bank 785,East,0.95,0,,0.0,0,,1,12.0,839
956,Bank 956,East,0.95,1,1549.96,1549.96,0,0.0,1,12.0,839
371,Bank 371,North,0.96,0,,0.0,0,,1,11.6,850
372,Bank 372,North,0.71,0,,0.0,0,,0,11.6,850
542,Bank 542,West,0.96,1,463.15,463.15,0,0.0,1,11.6,850
544,Bank 544,North,0.71,1,1561.0,1561.0,0,0.0,0,11.6,850
624,Bank 624,East,0.71,0,,0.0,0,,0,11.6,850
660,Bank 660,East,0.71,1,5965.7,5965.7,0,0.0,0,11.6,850
796,Bank 796,East,0.71,0,,0.0,0,,0,11.6,850
1009,Bank 1009,West,0.71,2,6487.72,12975.44,0,0.0,0,11.6,850
27,Bank 27,East,0.97,1,2764.94,2764.94,0,0.0,1,11.2,858
180,Bank 180,West,0.72,1,9261.44,9261.44,0,0.0,0,11.2,858
211,Bank 211,South,0.72,1,3973.95,3973.95,0,0.0,0,11.2,858
299,Bank 299,South,0.97,1,700.83,700.83,0,0.0,1,11.2,858
335,Bank 335,West,0.97,0,,0.0,0,,1,11.2,858
350,Bank 350,West,0.72,0,,0.0,0,,0,11.2,858
406,Bank 406,West,0.97,1,1191.51,1191.51,0,0.0,1,11.2,858
553,Bank 553,West,0.97,0,,0.0,0,,1,11.2,858
576,Bank 576,West,0.97,1,6208.19,6208.19,0,0.0,1,11.2,858
663,Bank 663,North,0.97,0,,0.0,0,,1,11.2,858
799,Bank 799,West,0.97,1,7158.82,7158.82,0,0.0,1,11.2,858
802,Bank 802,East,0.72,2,1559.34,3118.67,0,0.0,0,11.2,858
813,Bank 813,South,0.72,0,,0.0,0,,0,11.2,858
828,Bank 828,South,0.97,1,554.61,554.61,0,0.0,1,11.2,858
839,Bank 839,West,0.72,0,,0.0,0,,0,11.2,858
863,Bank 863,South,0.72,1,882.71,882.71,0,0.0,0,11.2,858
911,Bank 911,East,0.97,0,,0.0,0,,1,11.2,858
178,Bank 178,North,0.73,0,,0.0,0,,0,10.8,875
366,Bank 366,South,0.98,0,,0.0,0,,1,10.8,875
428,Bank 428,West,0.73,0,,0.0,0,,0,10.8,875
462,Bank 462,North,0.98,0,,0.0,0,,1,10.8,875
642,Bank 642,North,0.73,0,,0.0,0,,0,10.8,875
679,Bank 679,North,0.98,0,,0.0,0,,1,10.8,875
692,Bank 692,North,0.98,0,,0.0,0,,1,10.8,875
811,Bank 811,West,0.73,0,,0.0,0,,0,10.8,875
815,Bank 815,South,0.73,0,,0.0,0,,0,10.8,875
905,Bank 905,East,0.73,1,7277.08,7277.08,0,0.0,0,10.8,875
998,Bank 998,East,0.73,0,,0.0,0,,0,10.8,875
86,Bank 86,North,0.74,0,,0.0,0,,0,10.4,886
172,Bank 172,West,0.99,0,,0.0,0,,1,10.4,886
261,Bank 261,North,0.99,1,8205.8,8205.8,0,0.0,1,10.4,886
382,Bank 382,South,0.74,0,,0.0,0,,0,10.4,886
384,Bank 384,North,0.99,0,,0.0,0,,1,10.4,886
419,Bank 419,South,0.99,0,,0.0,0,,1,10.4,886
37,Bank 37,South,0.75,0,,0.0,0,,0,10.0,892
78,Bank 78,West,0.75,1,6139.61,6139.61,0,0.0,0,10.0,892
204,Bank 204,South,1.0,0,,0.0,0,,1,10.0,892
256,Bank 256,East,0.75,2,2849.57,5699.14,0,0.0,0,10.0,892
459,Bank 459,North,1.0,1,1412.78,1412.78,0,0.0,1,10.0,892
498,Bank 498,South,0.75,0,,0.0,0,,0,10.0,892
632,Bank 632,East,1.0,1,2841.25,2841.25,0,0.0,1,10.0,892
674,Bank 674,North,0.75,0,,0.0,0,,0,10.0,892
676,Bank 676,West,1.0,1,3445.8,3445.8,0,0.0,1,10.0,892
752,Bank 752,East,0.75,1,2115.49,2115.49,0,0.0,0,10.0,892
786,Bank 786,South,0.75,0,,0.0,0,,0,10.0,892
805,Bank 805,North,0.75,1,3364.09,3364.09,0,0.0,0,10.0,892
832,Bank 832,South,0.75,0,,0.0,0,,0,10.0,892
861,Bank 861,North,0.75,0,,0.0,0,,0,10.0,892
904,Bank 904,West,0.75,0,,0.0,0,,0,10.0,892
943,Bank 943,North,1.0,2,2061.71,4123.42,0,0.0,1,10.0,892
21,Bank 21,South,0.76,0,,0.0,0,,0,9.6,908
310,Bank 310,South,0.76,0,,0.0,0,,0,9.6,908
522,Bank 522,East,0.76,0,,0.0,0,,0,9.6,908
541,Bank 541,East,0.76,0,,0.0,0,,0,9.6,908
878,Bank 878,North,0.76,0,,0.0,0,,0,9.6,908
327,Bank 327,West,0.77,2,5431.07,10862.14,0,0.0,0,9.2,913
370,Bank 370,North,0.77,0,,0.0,0,,0,9.2,913
390,Bank 390,South,0.77,1,1638.54,1638.54,0,0.0,0,9.2,913
860,Bank 860,North,0.77,1,2903.38,2903.38,0,0.0,0,9.2,913
2,Saunders Ltd,West,0.78,0,,0.0,0,,0,8.8,917
173,Bank 173,East,0.78,1,9432.86,9432.86,0,0.0,0,8.8,917
387,Bank 387,East,0.78,0,,0.0,0,,0,8.8,917
401,Bank 401,West,0.78,2,4826.99,9653.97,0,0.0,0,8.8,917
226,Bank 226,West,0.79,0,,0.0,0,,0,8.4,921
423,Bank 423,South,0.79,1,5006.46,5006.46,0,0.0,0,8.4,921
448,Bank 448,East,0.79,0,,0.0,0,,0,8.4,921
778,Bank 778,East,0.79,0,,0.0,0,,0,8.4,921
931,Bank 931,West,0.79,0,,0.0,0,,0,8.4,921
62,Bank 62,West,0.8,0,,0.0,0,,0,8.0,926
208,Bank 208,West,0.8,0,,0.0,0,,0,8.0,926
595,Bank 595,South,0.8,0,,0.0,0,,0,8.0,926
668,Bank 668,North,0.8,0,,0.0,0,,0,8.0,926
255,Bank 255,East,0.99,4,5640.52,22562.08,1,25.0,0,7.9,930
35,Bank 35,West,0.81,0,,0.0,0,,0,7.6,931
307,Bank 307,North,0.81,0,,0.0,0,,0,7.6,931
491,Bank 491,South,0.81,0,,0.0,0,,0,7.6,931
560,Bank 560,South,0.81,3,5041.7,15125.09,0,0.0,0,7.6,931
661,Bank 661,South,0.81,0,,0.0,0,,0,7.6,931
738,Bank 738,East,0.81,1,6080.06,6080.06,0,0.0,0,7.6,931
946,Bank 946,East,0.81,0,,0.0,0,,0,7.6,931
803,Bank 803,South,0.82,3,1928.47,5785.42,0,0.0,0,7.2,938
791,Bank 791,West,0.83,0,,0.0,0,,0,6.8,939
989,Bank 989,West,0.83,0,,0.0,0,,0,6.8,939
127,Bank 127,East,0.84,0,,0.0,0,,0,6.4,941
353,Bank 353,South,0.84,0,,0.0,0,,0,6.4,941
474,Bank 474,South,0.84,0,,0.0,0,,0,6.4,941
923,Bank 923,North,0.84,0,,0.0,0,,0,6.4,941
942,Bank 942,East,0.84,0,,0.0,0,,0,6.4,941
129,Bank 129,South,0.85,1,7936.13,7936.13,0,0.0,0,6.0,946
99,Bank 99,West,0.86,0,,0.0,0,,0,5.6,947
126,Bank 126,North,0.86,0,,0.0,0,,0,5.6,947
159,Bank 159,West,0.86,0,,0.0,0,,0,5.6,947
183,Bank 183,East,0.86,1,2827.94,2827.94,0,0.0,0,5.6,947
200,Bank 200,West,0.86,0,,0.0,0,,0,5.6,947
445,Bank 445,West,0.86,0,,0.0,0,,0,5.6,947
628,Bank 628,North,0.86,1,6390.85,6390.85,0,0.0,0,5.6,947
757,Bank 757,East,0.86,0,,0.0,0,,0,5.6,947
763,Bank 763,North,0.86,0,,0.0,0,,0,5.6,947
80,Bank 80,West,0.87,1,5550.32,5550.32,0,0.0,0,5.2,956
413,Bank 413,West,0.87,1,5950.8,5950.8,0,0.0,0,5.2,956
961,Bank 961,South,0.87,1,26.65,26.65,0,0.0,0,5.2,956
426,Bank 426,West,0.88,0,,0.0,0,,0,4.8,959
556,Bank 556,South,0.88,3,6156.42,18469.25,0,0.0,0,4.8,959
585,Bank 585,South,0.88,0,,0.0,0,,0,4.8,959
596,Bank 596,North,0.88,0,,0.0,0,,0,4.8,959
742,Bank 742,East,0.88,0,,0.0,0,,0,4.8,959
886,Bank 886,North,0.88,0,,0.0,0,,0,4.8,959
444,Bank 444,North,0.89,1,6674.15,6674.15,0,0.0,0,4.4,965
745,Bank 745,West,0.89,1,4449.37,4449.37,0,0.0,0,4.4,965
4,Jones PLC,North,0.9,0,,0.0,0,,0,4.0,967
11,Bank 11,East,0.9,0,,0.0,0,,0,4.0,967
105,Bank 105,South,0.9,0,,0.0,0,,0,4.0,967
252,Bank 252,South,0.9,0,,0.0,0,,0,4.0,967
269,Bank 269,North,0.9,1,91.22,91.22,0,0.0,0,4.0,967
435,Bank 435,North,0.9,0,,0.0,0,,0,4.0,967
706,Bank 706,East,0.9,0,,0.0,0,,0,4.0,967
224,Bank 224,South,0.91,0,,0.0,0,,0,3.6,974
367,Bank 367,West,0.92,0,,0.0,0,,0,3.2,975
477,Bank 477,North,0.92,0,,0.0,0,,0,3.2,975
506,Bank 506,South,0.92,0,,0.0,0,,0,3.2,975
808,Bank 808,East,0.92,2,5777.99,11555.98,0,0.0,0,3.2,975
131,Bank 131,South,0.93,0,,0.0,0,,0,2.8,979
193,Bank 193,East,0.93,1,117.42,117.42,0,0.0,0,2.8,979
276,Bank 276,North,0.93,0,,0.0,0,,0,2.8,979
277,Bank 277,North,0.93,0,,0.0,0,,0,2.8,979
591,Bank 591,South,0.93,1,2929.82,2929.82,0,0.0,0,2.8,979
672,Bank 672,West,0.93,1,8014.13,8014.13,0,0.0,0,2.8,979
160,Bank 160,South,0.95,2,1810.24,3620.49,0,0.0,0,2.0,985
241,Bank 241,North,0.95,0,,0.0,0,,0,2.0,985
302,Bank 302,East,0.95,0,,0.0,0,,0,2.0,985
680,Bank 680,West,0.95,1,9593.95,9593.95,0,0.0,0,2.0,985
922,Bank 922,East,0.95,1,3690.23,3690.23,0,0.0,0,2.0,985
14,Bank 14,South,0.96,0,,0.0,0,,0,1.6,990
16,Bank 16,South,0.96,1,657.35,657.35,0,0.0,0,1.6,990
231,Bank 231,South,0.96,1,6704.43,6704.43,0,0.0,0,1.6,990
513,Bank 513,South,0.96,1,4390.82,4390.82,0,0.0,0,1.6,990
623,Bank 623,West,0.96,0,,0.0,0,,0,1.6,990
798,Bank 798,East,0.96,0,,0.0,0,,0,1.6,990
274,Bank 274,West,0.97,0,,0.0,0,,0,1.2,996
280,Bank 280,South,0.97,0,,0.0,0,,0,1.2,996
305,Bank 305,East,0.98,0,,0.0,0,,0,0.8,998
368,Bank 368,West,0.98,2,5242.3,10484.59,0,0.0,0,0.8,998
427,Bank 427,South,0.98,0,,0.0,0,,0,0.8,998
714,Bank 714,East,0.98,0,,0.0,0,,0,0.8,998
855,Bank 855,West,0.98,1,2316.97,2316.97,0,0.0,0,0.8,998
954,Bank 954,South,0.98,0,,0.0,0,,0,0.8,998
1005,Bank 1005,North,0.98,1,5113.55,5113.55,0,0.0,0,0.8,998
68,Bank 68,North,0.99,0,,0.0,0,,0,0.4,1005
96,Bank 96,East,0.99,0,,0.0,0,,0,0.4,1005
315,Bank 315,East,0.99,0,,0.0,0,,0,0.4,1005
355,Bank 355,East,0.99,2,5558.44,11116.87,0,0.0,0,0.4,1005
994,Bank 994,South,0.99,0,,0.0,0,,0,0.4,1005
758,Bank 758,West,1.0,0,,0.0,0,,0,0.0,1010
