bank_id,name,region,compliance_score,txn_frequency,avg_txn_amount,total_txn_amount,high_risk_txn_count,sanctioned_account_count,distinct_sanctioned_customers
1,Figueroa-Green,South,0.81,1,3790.68,3790.68,0,2,2
2,Saunders Ltd,West,0.78,0,,0.0,0,0,0
3,"Morgan, Terry and Cortez",East,0.72,1,4323.75,4323.75,0,1,1
4,Jones PLC,North,0.9,0,,0.0,0,0,0
5,"Wilcox, Lynch and Weeks",South,0.51,1,9855.67,9855.67,0,1,1
6,Phillips Ltd,North,0.62,0,,0.0,0,0,0
7,"Garcia, Smith and Woods",West,0.81,1,3057.17,3057.17,1,0,0
8,Small Inc,North,0.95,0,,0.0,0,3,3
9,"Brown, Lawrence and Chaney",West,0.62,1,8910.06,8910.06,1,0,0
10,Hill-Thomas,West,0.69,2,5563.97,11127.93,0,1,1
11,Bank 11,East,0.9,0,,0.0,0,0,0
12,Bank 12,East,0.54,1,3854.41,3854.41,0,1,1
13,Bank 13,North,0.98,0,,0.0,0,2,2
14,Bank 14,South,0.96,0,,0.0,0,0,0
15,Bank 15,West,0.59,1,4419.37,4419.37,0,1,1
16,Bank 16,South,0.96,1,657.35,657.35,0,0,0
17,Bank 17,South,0.93,2,6710.58,13421.16,1,1,1
18,Bank 18,North,0.57,4,4106.76,16427.03,2,3,3
19,Bank 19,West,0.62,1,31.68,31.68,0,0,0
20,Bank 20,West,0.71,2,3039.84,6079.68,2,1,1
21,Bank 21,South,0.76,0,,0.0,0,0,0
22,Bank 22,East,0.78,0,,0.0,0,1,1
23,Bank 23,North,0.79,2,5402.4,10804.79,1,1,1
24,Bank 24,East,0.57,0,,0.0,0,0,0
25,Bank 25,North,0.63,2,9120.91,18241.82,0,0,0
26,Bank 26,South,0.68,0,,0.0,0,2,2
27,Bank 27,East,0.97,1,2764.94,2764.94,0,1,1
28,Bank 28,East,0.65,0,,0.0,0,0,0
29,Bank 29,North,0.52,0,,0.0,0,1,1
30,Bank 30,East,0.92,2,4454.25,8908.5,1,4,4
31,Bank 31,East,0.58,0,,0.0,0,1,1
32,Bank 32,North,0.57,2,2602.75,5205.5,0,0,0
33,Bank 33,East,0.61,2,5159.48,10318.97,1,1,1
34,Bank 34,North,0.64,2,2880.15,5760.3,1,0,0
35,Bank 35,West,0.81,0,,0.0,0,0,0
36,Bank 36,South,0.81,2,5044.74,10089.49,1,0,0
37,Bank 37,South,0.75,0,,0.0,0,0,0
38,Bank 38,West,0.6,0,,0.0,0,0,0
39,Bank 39,North,0.65,1,1556.59,1556.59,1,0,0
40,Bank 40,East,0.63,0,,0.0,0,1,1
41,Bank 41,West,0.55,0,,0.0,0,0,0
42,Bank 42,North,0.51,2,3165.25,6330.49,1,1,1
43,Bank 43,North,0.85,1,6418.22,6418.22,1,0,0
44,Bank 44,East,0.95,1,4915.54,4915.54,1,1,1
45,Bank 45,North,0.57,1,268.84,268.84,0,0,0
46,Bank 46,West,0.97,1,604.57,604.57,1,1,1
47,Bank 47,East,0.69,0,,0.0,0,4,4
48,Bank 48,East,0.7,3,6742.76,20228.27,1,1,1
49,Bank 49,South,0.89,2,8361.24,16722.47,2,1,1
50,Bank 50,East,0.84,3,3217.8,9653.39,3,0,0
51,Bank 51,West,0.76,1,4871.09,4871.09,1,3,3
52,Bank 52,North,0.79,3,5685.15,17055.46,2,3,3
53,Bank 53,North,0.83,1,281.57,281.57,1,0,0
54,Bank 54,West,0.81,2,3841.42,7682.84,2,1,1
55,Bank 55,East,0.55,0,,0.0,0,2,2
56,Bank 56,South,0.96,0,,0.0,0,2,2
57,Bank 57,West,0.55,0,,0.0,0,2,2
58,Bank 58,North,0.66,3,6855.96,20567.87,2,1,1
59,Bank 59,North,0.53,0,,0.0,0,0,0
60,Bank 60,South,0.95,2,5861.36,11722.73,0,1,1
61,Bank 61,East,0.52,1,6709.07,6709.07,0,1,1
62,Bank 62,West,0.8,0,,0.0,0,0,0
63,Bank 63,North,0.84,0,,0.0,0,1,1
64,Bank 64,West,0.87,1,2209.98,2209.98,1,1,1
65,Bank 65,North,0.88,3,2633.04,7899.13,2,1,1
66,Bank 66,East,0.62,1,7005.88,7005.88,1,0,0
67,Bank 67,East,0.82,0,,0.0,0,1,1
68,Bank 68,North,0.99,0,,0.0,0,0,0
69,Bank 69,East,0.7,0,,0.0,0,0,0
70,Bank 70,East,0.74,0,,0.0,0,1,1
71,Bank 71,South,0.78,3,5391.4,16174.2,1,1,1
72,Bank 72,South,0.55,2,4417.55,8835.09,2,0,0
73,Bank 73,South,0.62,1,4145.44,4145.44,1,2,2
74,Bank 74,West,0.55,1,5899.61,5899.61,1,0,0
75,Bank 75,East,0.55,0,,0.0,0,0,0
76,Bank 76,South,1.0,0,,0.0,0,2,2
77,Bank 77,West,0.86,1,4104.49,4104.49,1,0,0
78,Bank 78,West,0.75,1,6139.61,6139.61,0,0,0
79,Bank 79,North,0.56,1,9730.33,9730.33,0,2,2
80,Bank 80,West,0.87,1,5550.32,5550.32,0,0,0
81,Bank 81,South,0.86,1,5835.83,5835.83,0,1,1
82,Bank 82,North,0.63,2,4654.59,9309.17,1,0,0
83,Bank 83,South,0.95,0,,0.0,0,2,2
84,Bank 84,West,0.7,0,,0.0,0,2,2
85,Bank 85,North,0.86,0,,0.0,0,1,1
86,Bank 86,North,0.74,0,,0.0,0,0,0
87,Bank 87,West,0.72,2,4517.49,9034.97,1,0,0
88,Bank 88,West,0.52,2,8338.35,16676.7,1,3,3
89,Bank 89,East,0.75,0,,0.0,0,2,2
90,Bank 90,South,0.66,2,4935.86,9871.73,0,1,1
91,Bank 91,East,0.67,0,,0.0,0,1,1
92,Bank 92,North,0.75,2,4772.66,9545.32,0,1,1
93,Bank 93,North,0.79,2,9175.08,18350.17,0,2,2
94,Bank 94,West,0.52,0,,0.0,0,1,1
95,Bank 95,East,0.62,1,5402.65,5402.65,0,2,2
96,Bank 96,East,0.99,0,,0.0,0,0,0
97,Bank 97,South,0.59,1,3729.47,3729.47,1,2,2
98,Bank 98,West,0.51,2,3515.37,7030.74,1,1,1
99,Bank 99,West,0.86,0,,0.0,0,0,0
100,Bank 100,West,0.55,0,,0.0,0,3,3
101,Bank 101,West,1.0,2,6267.67,12535.34,1,0,0
102,Bank 102,East,0.77,0,,0.0,0,1,1
103,Bank 103,North,0.97,3,6436.58,19309.75,2,2,2
104,Bank 104,North,0.52,0,,0.0,0,1,1
105,Bank 105,South,0.9,0,,0.0,0,0,0
106,Bank 106,North,0.95,0,,0.0,0,2,2
107,Bank 107,North,0.6,1,9172.74,9172.74,0,0,0
108,Bank 108,South,0.5,2,673.98,1347.96,1,1,1
109,Bank 109,West,0.98,0,,0.0,0,3,3
110,Bank 110,North,0.65,2,3406.1,6812.19,0,1,1
111,Bank 111,West,0.68,1,8721.51,8721.51,1,0,0
112,Bank 112,South,0.91,2,2183.83,4367.66,2,0,0
113,Bank 113,North,0.73,2,5141.7,10283.41,1,1,1
114,Bank 114,South,0.64,1,5406.76,5406.76,0,0,0
115,Bank 115,East,0.58,0,,0.0,0,0,0
116,Bank 116,East,0.79,0,,0.0,0,1,1
117,Bank 117,East,0.81,0,,0.0,0,2,2
118,Bank 118,South,0.58,0,,0.0,0,0,0
119,Bank 119,East,0.8,1,1499.77,1499.77,0,1,1
120,Bank 120,North,0.5,1,2798.56,2798.56,0,0,0
121,Bank 121,West,0.9,2,5444.06,10888.11,2,0,0
122,Bank 122,West,0.55,2,7898.41,15796.81,1,1,1
123,Bank 123,South,0.8,2,6415.07,12830.14,2,1,1
124,Bank 124,North,0.68,0,,0.0,0,1,1
125,Bank 125,West,0.65,2,5214.07,10428.14,0,1,1
126,Bank 126,North,0.86,0,,0.0,0,0,0
127,Bank 127,East,0.84,0,,0.0,0,0,0
128,Bank 128,East,0.75,3,6057.99,18173.96,1,2,2
129,Bank 129,South,0.85,1,7936.13,7936.13,0,0,0
130,Bank 130,North,0.6,1,6234.57,6234.57,1,0,0
131,Bank 131,South,0.93,0,,0.0,0,0,0
132,Bank 132,East,0.85,2,9650.7,19301.4,1,1,1
133,Bank 133,South,0.85,1,6395.74,6395.74,1,3,3
134,Bank 134,North,0.59,1,1884.82,1884.82,1,1,1
135,Bank 135,North,0.81,0,,0.0,0,1,1
136,Bank 136,West,0.67,1,9583.48,9583.48,1,2,2
137,Bank 137,East,0.81,2,9244.27,18488.54,1,1,1
138,Bank 138,West,0.6,2,1628.49,3256.97,1,2,2
139,Bank 139,South,0.61,0,,0.0,0,1,1
140,Bank 140,North,0.69,0,,0.0,0,1,1
141,Bank 141,West,0.88,1,3517.29,3517.29,0,2,2
142,Bank 142,West,0.69,0,,0.0,0,0,0
143,Bank 143,South,0.71,1,4336.54,4336.54,1,2,2
144,Bank 144,South,0.66,2,4968.94,9937.88,1,0,0
145,Bank 145,South,0.71,0,,0.0,0,5,5
146,Bank 146,West,0.6,2,5328.1,10656.19,1,1,1
147,Bank 147,West,0.59,5,6028.16,30140.78,2,2,2
148,Bank 148,South,0.88,2,6807.28,13614.57,2,1,1
149,Bank 149,East,0.91,0,,0.0,0,2,2
150,Bank 150,West,0.53,0,,0.0,0,0,0
151,Bank 151,North,0.64,0,,0.0,0,2,2
152,Bank 152,South,0.64,1,1432.47,1432.47,0,1,1
153,Bank 153,West,0.65,1,6382.82,6382.82,1,0,0
154,Bank 154,South,0.79,1,4558.89,4558.89,1,1,1
155,Bank 155,North,0.76,0,,0.0,0,2,2
156,Bank 156,West,0.57,0,,0.0,0,1,1
157,Bank 157,North,0.62,2,5768.07,11536.13,1,1,1
158,Bank 158,North,0.69,1,7233.76,7233.76,0,3,3
159,Bank 159,West,0.86,0,,0.0,0,0,0
160,Bank 160,South,0.95,2,1810.24,3620.49,0,0,0
161,Bank 161,East,0.58,0,,0.0,0,0,0
162,Bank 162,West,0.91,1,1472.6,1472.6,1,1,1
163,Bank 163,East,0.52,0,,0.0,0,2,2
164,Bank 164,North,0.64,3,4394.43,13183.29,3,0,0
165,Bank 165,South,0.75,0,,0.0,0,2,2
166,Bank 166,South,0.54,1,8244.88,8244.88,1,0,0
167,Bank 167,West,0.87,3,5564.79,16694.36,1,1,1
168,Bank 168,South,0.53,1,8594.71,8594.71,1,2,2
169,Bank 169,North,0.86,0,,0.0,0,1,1
170,Bank 170,West,0.94,0,,0.0,0,3,3
171,Bank 171,East,0.75,2,4129.56,8259.12,1,1,1
172,Bank 172,West,0.99,0,,0.0,0,1,1
173,Bank 173,East,0.78,1,9432.86,9432.86,0,0,0
174,Bank 174,East,0.78,0,,0.0,0,1,1
175,Bank 175,North,0.6,0,,0.0,0,1,1
176,Bank 176,West,0.54,1,6913.32,6913.32,0,1,1
177,Bank 177,West,0.72,2,4850.39,9700.77,1,0,0
178,Bank 178,North,0.73,0,,0.0,0,0,0
179,Bank 179,East,0.65,1,1789.34,1789.34,0,0,0
180,Bank 180,West,0.72,1,9261.44,9261.44,0,0,0
181,Bank 181,West,0.69,1,6176.08,6176.08,1,2,2
182,Bank 182,North,0.55,1,9954.31,9954.31,0,0,0
183,Bank 183,East,0.86,1,2827.94,2827.94,0,0,0
184,Bank 184,East,1.0,1,5358.12,5358.12,1,0,0
185,Bank 185,South,0.76,2,5441.22,10882.43,0,1,1
186,Bank 186,North,0.7,0,,0.0,0,0,0
187,Bank 187,East,0.77,0,,0.0,0,3,3
188,Bank 188,East,0.5,0,,0.0,0,2,2
189,Bank 189,West,0.86,1,6413.72,6413.72,1,2,2
190,Bank 190,North,0.9,0,,0.0,0,2,2
191,Bank 191,East,0.89,1,5939.31,5939.31,1,2,2
192,Bank 192,North,0.94,0,,0.0,0,1,1
193,Bank 193,East,0.93,1,117.42,117.42,0,0,0
194,Bank 194,South,0.85,0,,0.0,0,2,2
195,Bank 195,North,0.81,1,9673.62,9673.62,0,1,1
196,Bank 196,North,0.58,1,1822.57,1822.57,1,0,0
197,Bank 197,West,0.57,0,,0.0,0,0,0
198,Bank 198,South,0.86,2,3734.09,7468.18,1,1,1
199,Bank 199,North,0.63,3,5312.97,15938.91,1,1,1
200,Bank 200,West,0.86,0,,0.0,0,0,0
201,Bank 201,South,0.95,1,3331.77,3331.77,1,1,1
202,Bank 202,West,0.83,2,7111.41,14222.83,1,0,0
203,Bank 203,West,0.66,0,,0.0,0,1,1
204,Bank 204,South,1.0,0,,0.0,0,1,1
205,Bank 205,West,0.53,0,,0.0,0,0,0
206,Bank 206,East,0.84,1,5504.76,5504.76,0,1,1
207,Bank 207,South,0.89,1,9045.09,9045.09,1,0,0
208,Bank 208,West,0.8,0,,0.0,0,0,0
209,Bank 209,West,0.73,0,,0.0,0,4,4
210,Bank 210,North,0.56,1,2198.71,2198.71,0,3,3
211,Bank 211,South,0.72,1,3973.95,3973.95,0,0,0
212,Bank 212,West,0.92,2,5097.2,10194.4,2,2,2
213,Bank 213,West,0.52,0,,0.0,0,0,0
214,Bank 214,East,0.86,1,9663.3,9663.3,1,2,2
215,Bank 215,North,0.94,3,4543.27,13629.81,2,0,0
216,Bank 216,North,0.58,0,,0.0,0,2,2
217,Bank 217,South,0.56,0,,0.0,0,0,0
218,Bank 218,East,0.81,2,3402.06,6804.12,2,0,0
219,Bank 219,South,0.79,0,,0.0,0,1,1
220,Bank 220,East,0.76,1,3145.99,3145.99,0,1,1
221,Bank 221,East,0.59,0,,0.0,0,1,1
222,Bank 222,South,0.64,0,,0.0,0,2,2
223,Bank 223,East,0.51,1,2428.46,2428.46,0,2,2
224,Bank 224,South,0.91,0,,0.0,0,0,0
225,Bank 225,West,0.73,2,3428.74,6857.47,1,4,4
226,Bank 226,West,0.79,0,,0.0,0,0,0
227,Bank 227,East,0.7,1,3432.85,3432.85,1,2,2
228,Bank 228,North,0.64,0,,0.0,0,2,2
229,Bank 229,South,0.66,0,,0.0,0,0,0
230,Bank 230,North,0.56,2,9017.95,18035.91,1,1,1
231,Bank 231,South,0.96,1,6704.43,6704.43,0,0,0
232,Bank 232,East,0.53,2,4727.74,9455.48,1,0,0
233,Bank 233,North,0.78,2,8657.09,17314.18,1,2,2
234,Bank 234,North,0.75,1,4228.66,4228.66,1,0,0
235,Bank 235,East,0.79,4,7452.23,29808.91,3,0,0
236,Bank 236,South,0.52,0,,0.0,0,0,0
237,Bank 237,North,0.88,2,9449.61,18899.23,1,0,0
238,Bank 238,South,0.5,1,2708.88,2708.88,1,1,1
239,Bank 239,North,0.79,0,,0.0,0,1,1
240,Bank 240,East,0.73,2,7952.64,15905.28,2,0,0
241,Bank 241,North,0.95,0,,0.0,0,0,0
242,Bank 242,West,0.89,0,,0.0,0,4,4
243,Bank 243,West,0.55,2,7586.95,15173.91,0,2,2
244,Bank 244,West,0.73,3,4932.68,14798.04,2,0,0
245,Bank 245,East,0.56,0,,0.0,0,3,3
246,Bank 246,South,0.72,1,678.11,678.11,0,1,1
247,Bank 247,East,0.95,1,2503.9,2503.9,1,0,0
248,Bank 248,North,0.97,1,1295.05,1295.05,1,1,1
249,Bank 249,South,0.58,0,,0.0,0,1,1
250,Bank 250,West,0.83,2,4301.98,8603.96,2,0,0
251,Bank 251,West,0.72,1,3601.2,3601.2,0,2,2
252,Bank 252,South,0.9,0,,0.0,0,0,0
253,Bank 253,South,0.73,0,,0.0,0,4,4
254,Bank 254,South,0.75,3,8519.95,25559.86,1,2,2
255,Bank 255,East,0.99,4,5640.52,22562.08,1,0,0
256,Bank 256,East,0.75,2,2849.57,5699.14,0,0,0
257,Bank 257,North,0.5,1,6809.58,6809.58,0,1,1
258,Bank 258,West,0.57,0,,0.0,0,3,3
259,Bank 259,East,0.78,0,,0.0,0,1,1
260,Bank 260,East,0.8,2,4831.4,9662.79,1,3,3
261,Bank 261,North,0.99,1,8205.8,8205.8,0,1,1
262,Bank 262,East,0.69,2,3870.59,7741.18,2,1,1
263,Bank 263,West,0.91,1,3953.74,3953.74,1,0,0
264,Bank 264,West,0.86,1,8287.55,8287.55,1,2,2
265,Bank 265,South,0.53,2,4441.9,8883.79,0,0,0
266,Bank 266,South,0.62,0,,0.0,0,1,1
267,Bank 267,South,0.8,2,2471.12,4942.24,1,0,0
268,Bank 268,South,0.65,1,6794.4,6794.4,0,2,2
269,Bank 269,North,0.9,1,91.22,91.22,0,0,0
270,Bank 270,North,0.64,2,6418.24,12836.49,0,0,0
271,Bank 271,North,0.69,0,,0.0,0,1,1
272,Bank 272,West,0.67,0,,0.0,0,1,1
273,Bank 273,West,0.79,1,2330.47,2330.47,1,1,1
274,Bank 274,West,0.97,0,,0.0,0,0,0
275,Bank 275,South,0.74,0,,0.0,0,3,3
276,Bank 276,North,0.93,0,,0.0,0,0,0
277,Bank 277,North,0.93,0,,0.0,0,0,0
278,Bank 278,North,0.57,3,6145.59,18436.77,2,1,1
279,Bank 279,West,0.93,2,4962.26,9924.52,1,0,0
280,Bank 280,South,0.97,0,,0.0,0,0,0
281,Bank 281,North,0.61,0,,0.0,0,0,0
282,Bank 282,East,0.82,2,3372.72,6745.43,2,0,0
283,Bank 283,East,0.71,0,,0.0,0,2,2
284,Bank 284,East,0.83,0,,0.0,0,1,1
285,Bank 285,West,0.54,1,5667.24,5667.24,0,0,0
286,Bank 286,North,0.76,3,3838.79,11516.37,2,2,2
287,Bank 287,North,0.7,0,,0.0,0,1,1
288,Bank 288,North,0.55,1,5050.63,5050.63,1,3,3
289,Bank 289,South,0.79,0,,0.0,0,3,3
290,Bank 290,East,0.87,1,4776.3,4776.3,1,3,3
291,Bank 291,North,0.89,0,,0.0,0,1,1
292,Bank 292,South,0.69,0,,0.0,0,1,1
293,Bank 293,West,0.67,0,,0.0,0,2,2
294,Bank 294,South,0.54,1,682.06,682.06,0,0,0
295,Bank 295,East,0.69,0,,0.0,0,0,0
296,Bank 296,East,0.84,0,,0.0,0,1,1
297,Bank 297,South,0.72,1,5067.72,5067.72,0,3,3
298,Bank 298,West,0.7,0,,0.0,0,3,3
299,Bank 299,South,0.97,1,700.83,700.83,0,1,1
300,Bank 300,West,0.69,0,,0.0,0,1,1
301,Bank 301,South,0.93,3,1510.62,4531.87,1,0,0
302,Bank 302,East,0.95,0,,0.0,0,0,0
303,Bank 303,South,0.63,0,,0.0,0,2,2
304,Bank 304,North,0.86,1,7536.55,7536.55,1,0,0
305,Bank 305,East,0.98,0,,0.0,0,0,0
306,Bank 306,South,0.64,1,2639.87,2639.87,1,0,0
307,Bank 307,North,0.81,0,,0.0,0,0,0
308,Bank 308,West,0.99,4,5487.42,21949.67,2,1,1
309,Bank 309,West,0.51,1,2862.95,2862.95,1,0,0
310,Bank 310,South,0.76,0,,0.0,0,0,0
311,Bank 311,North,0.92,3,4358.66,13075.98,2,0,0
312,Bank 312,West,0.8,1,1300.78,1300.78,1,1,1
313,Bank 313,South,0.75,5,4529.41,22647.06,4,3,3
314,Bank 314,East,1.0,2,8781.54,17563.08,1,1,1
315,Bank 315,East,0.99,0,,0.0,0,0,0
316,Bank 316,South,0.57,1,6210.56,6210.56,0,1,1
317,Bank 317,South,0.82,1,2512.69,2512.69,1,0,0
318,Bank 318,South,0.93,3,3755.33,11265.98,1,0,0
319,Bank 319,West,0.55,0,,0.0,0,4,4
320,Bank 320,North,0.9,1,9434.14,9434.14,1,2,2
321,Bank 321,West,0.73,1,2005.85,2005.85,1,3,3
322,Bank 322,West,0.91,2,2317.24,4634.49,0,1,1
323,Bank 323,North,0.72,1,6753.55,6753.55,1,1,1
324,Bank 324,West,0.71,1,9397.79,9397.79,0,1,1
325,Bank 325,East,0.86,2,3707.16,7414.31,1,0,0
326,Bank 326,North,0.51,0,,0.0,0,2,2
327,Bank 327,West,0.77,2,5431.07,10862.14,0,0,0
328,Bank 328,West,0.74,1,7183.23,7183.23,0,1,1
329,Bank 329,West,0.64,0,,0.0,0,1,1
330,Bank 330,North,0.54,5,5294.15,26470.76,3,0,0
331,Bank 331,South,0.79,0,,0.0,0,3,2
332,Bank 332,East,0.73,1,663.62,663.62,1,1,1
333,Bank 333,South,0.99,0,,0.0,0,3,3
334,Bank 334,East,0.59,0,,0.0,0,0,0
335,Bank 335,West,0.97,0,,0.0,0,1,1
336,Bank 336,South,0.93,2,3302.9,6605.81,1,2,2
337,Bank 337,West,0.6,0,,0.0,0,0,0
338,Bank 338,West,0.93,0,,0.0,0,2,2
339,Bank 339,North,0.65,0,,0.0,0,0,0
340,Bank 340,West,0.78,0,,0.0,0,1,1
341,Bank 341,West,0.63,2,2633.44,5266.87,0,2,2
342,Bank 342,North,0.55,2,4031.2,8062.4,1,1,1
343,Bank 343,North,0.79,1,6969.96,6969.96,1,0,0
344,Bank 344,West,0.83,0,,0.0,0,1,1
345,Bank 345,East,0.59,0,,0.0,0,5,5
346,Bank 346,West,0.68,0,,0.0,0,1,1
347,Bank 347,East,0.96,0,,0.0,0,2,2
348,Bank 348,West,0.99,0,,0.0,0,2,2
349,Bank 349,North,0.79,1,1246.47,1246.47,1,0,0
350,Bank 350,West,0.72,0,,0.0,0,0,0
351,Bank 351,North,0.5,1,1633.7,1633.7,1,1,1
352,Bank 352,North,0.54,0,,0.0,0,0,0
353,Bank 353,South,0.84,0,,0.0,0,0,0
354,Bank 354,East,0.85,1,2330.52,2330.52,0,1,1
355,Bank 355,East,0.99,2,5558.44,11116.87,0,0,0
356,Bank 356,North,0.9,2,2481.29,4962.58,1,1,1
357,Bank 357,West,0.51,0,,0.0,0,1,1
358,Bank 358,South,0.89,0,,0.0,0,1,1
359,Bank 359,North,0.55,1,5797.25,5797.25,0,0,0
360,Bank 360,North,0.81,1,3059.82,3059.82,1,3,3
361,Bank 361,East,0.83,0,,0.0,0,1,1
362,Bank 362,West,0.51,0,,0.0,0,0,0
363,Bank 363,East,0.63,1,2767.09,2767.09,1,1,1
364,Bank 364,West,0.62,1,3637.94,3637.94,0,2,2
365,Bank 365,West,0.76,2,4872.31,9744.61,1,2,2
366,Bank 366,South,0.98,0,,0.0,0,1,1
367,Bank 367,West,0.92,0,,0.0,0,0,0
368,Bank 368,West,0.98,2,5242.3,10484.59,0,0,0
369,Bank 369,East,0.71,1,7388.8,7388.8,1,2,2
370,Bank 370,North,0.77,0,,0.0,0,0,0
371,Bank 371,North,0.96,0,,0.0,0,1,1
372,Bank 372,North,0.71,0,,0.0,0,0,0
373,Bank 373,East,0.82,1,5398.38,5398.38,0,1,1
374,Bank 374,South,0.88,0,,0.0,0,1,1
375,Bank 375,South,0.77,2,5437.66,10875.32,1,1,1
376,Bank 376,North,0.97,1,7676.75,7676.75,0,2,2
377,Bank 377,West,0.59,0,,0.0,0,1,1
378,Bank 378,West,0.78,1,1877.07,1877.07,1,0,0
379,Bank 379,South,0.84,1,8706.3,8706.3,1,1,1
380,Bank 380,South,0.52,1,3262.58,3262.58,0,1,1
381,Bank 381,North,0.66,3,2675.51,8026.52,2,1,1
382,Bank 382,South,0.74,0,,0.0,0,0,0
383,Bank 383,West,0.77,2,7769.97,15539.94,0,2,2
384,Bank 384,North,0.99,0,,0.0,0,1,1
385,Bank 385,North,0.86,1,9118.16,9118.16,1,1,1
386,Bank 386,West,0.56,1,6886.38,6886.38,0,4,4
387,Bank 387,East,0.78,0,,0.0,0,0,0
388,Bank 388,East,0.95,1,2273.83,2273.83,1,2,2
389,Bank 389,West,0.79,0,,0.0,0,2,2
390,Bank 390,South,0.77,1,1638.54,1638.54,0,0,0
391,Bank 391,North,0.53,0,,0.0,0,1,1
392,Bank 392,South,0.92,2,5665.15,11330.29,0,1,1
393,Bank 393,West,0.82,2,4257.11,8514.23,1,3,3
394,Bank 394,East,0.64,1,6382.45,6382.45,1,0,0
395,Bank 395,South,0.55,2,5172.23,10344.46,1,0,0
396,Bank 396,West,0.59,1,4102.58,4102.58,0,2,2
397,Bank 397,West,0.91,2,4260.45,8520.91,1,3,3
398,Bank 398,East,0.87,1,8851.2,8851.2,0,1,1
399,Bank 399,West,0.58,3,5250.06,15750.19,1,0,0
400,Bank 400,North,0.77,0,,0.0,0,1,1
401,Bank 401,West,0.78,2,4826.99,9653.97,0,0,0
402,Bank 402,North,0.95,1,2899.69,2899.69,0,2,2
403,Bank 403,South,0.95,1,2712.13,2712.13,1,0,0
404,Bank 404,West,0.5,0,,0.0,0,1,1
405,Bank 405,East,0.82,1,7190.82,7190.82,1,0,0
406,Bank 406,West,0.97,1,1191.51,1191.51,0,1,1
407,Bank 407,North,0.97,0,,0.0,0,2,2
408,Bank 408,South,0.73,3,5354.89,16064.68,3,0,0
409,Bank 409,West,0.79,1,467.73,467.73,0,1,1
410,Bank 410,North,0.95,1,823.07,823.07,1,1,1
411,Bank 411,East,0.56,0,,0.0,0,1,1
412,Bank 412,East,0.51,2,716.84,1433.67,0,0,0
413,Bank 413,West,0.87,1,5950.8,5950.8,0,0,0
414,Bank 414,South,0.69,1,8046.96,8046.96,1,0,0
415,Bank 415,East,0.96,2,1752.11,3504.22,2,3,3
416,Bank 416,North,0.73,2,611.34,1222.67,0,1,1
417,Bank 417,South,0.69,0,,0.0,0,1,1
418,Bank 418,East,0.92,0,,0.0,0,1,1
419,Bank 419,South,0.99,0,,0.0,0,1,1
420,Bank 420,South,0.77,0,,0.0,0,2,2
421,Bank 421,South,0.58,0,,0.0,0,1,1
422,Bank 422,East,0.61,2,2148.08,4296.16,2,1,1
423,Bank 423,South,0.79,1,5006.46,5006.46,0,0,0
424,Bank 424,East,0.51,0,,0.0,0,1,1
425,Bank 425,North,0.87,2,4949.66,9899.31,2,0,0
426,Bank 426,West,0.88,0,,0.0,0,0,0
427,Bank 427,South,0.98,0,,0.0,0,0,0
428,Bank 428,West,0.73,0,,0.0,0,0,0
429,Bank 429,South,0.75,0,,0.0,0,1,1
430,Bank 430,East,0.88,0,,0.0,0,1,1
431,Bank 431,North,0.68,1,3514.6,3514.6,0,1,1
432,Bank 432,West,0.59,0,,0.0,0,1,1
433,Bank 433,East,0.84,4,6597.11,26388.45,3,1,1
434,Bank 434,North,0.65,2,8687.36,17374.72,2,0,0
435,Bank 435,North,0.9,0,,0.0,0,0,0
436,Bank 436,South,0.62,0,,0.0,0,1,1
437,Bank 437,South,0.82,1,5069.65,5069.65,1,0,0
438,Bank 438,West,0.86,2,3593.29,7186.58,2,0,0
439,Bank 439,West,0.59,1,9104.47,9104.47,0,0,0
440,Bank 440,North,0.88,2,4430.17,8860.35,2,2,2
441,Bank 441,South,0.57,3,8422.9,25268.7,1,0,0
442,Bank 442,North,0.66,3,4351.88,13055.65,3,2,2
443,Bank 443,North,0.89,0,,0.0,0,1,1
444,Bank 444,North,0.89,1,6674.15,6674.15,0,0,0
445,Bank 445,West,0.86,0,,0.0,0,0,0
446,Bank 446,East,0.56,0,,0.0,0,1,1
447,Bank 447,South,0.77,0,,0.0,0,1,1
448,Bank 448,East,0.79,0,,0.0,0,0,0
449,Bank 449,West,0.55,2,5132.61,10265.21,0,0,0
450,Bank 450,South,0.62,4,1783.81,7135.23,2,1,1
451,Bank 451,South,0.73,0,,0.0,0,1,1
452,Bank 452,East,0.6,1,4123.7,4123.7,1,0,0
453,Bank 453,East,0.59,2,4791.89,9583.79,1,0,0
454,Bank 454,North,0.52,0,,0.0,0,2,2
455,Bank 455,South,0.86,2,5400.93,10801.87,2,1,1
456,Bank 456,North,0.55,0,,0.0,0,2,2
457,Bank 457,West,0.98,1,9337.53,9337.53,1,0,0
458,Bank 458,East,0.8,1,3150.25,3150.25,0,2,2
459,Bank 459,North,1.0,1,1412.78,1412.78,0,1,1
460,Bank 460,North,0.5,0,,0.0,0,1,1
461,Bank 461,North,0.78,0,,0.0,0,2,2
462,Bank 462,North,0.98,0,,0.0,0,1,1
463,Bank 463,West,0.93,1,1976.69,1976.69,1,1,1
464,Bank 464,North,0.93,1,9228.75,9228.75,1,1,1
465,Bank 465,South,0.64,3,1929.5,5788.51,2,1,1
466,Bank 466,South,0.58,0,,0.0,0,3,3
467,Bank 467,South,0.5,2,8201.01,16402.01,0,1,1
468,Bank 468,East,0.81,0,,0.0,0,1,1
469,Bank 469,South,0.85,1,6405.71,6405.71,1,3,3
470,Bank 470,South,0.56,2,7682.47,15364.93,1,3,3
471,Bank 471,South,0.97,1,4787.91,4787.91,1,3,3
472,Bank 472,West,0.78,0,,0.0,0,1,1
473,Bank 473,East,0.79,0,,0.0,0,3,3
474,Bank 474,South,0.84,0,,0.0,0,0,0
475,Bank 475,West,0.53,1,6463.99,6463.99,0,0,0
476,Bank 476,North,0.91,0,,0.0,0,1,1
477,Bank 477,North,0.92,0,,0.0,0,0,0
478,Bank 478,South,0.83,0,,0.0,0,1,1
479,Bank 479,South,0.67,1,8445.78,8445.78,1,0,0
480,Bank 480,North,0.77,1,6825.12,6825.12,1,1,1
481,Bank 481,South,0.77,1,6808.62,6808.62,1,1,1
482,Bank 482,South,0.71,2,7096.82,14193.64,2,0,0
483,Bank 483,South,0.6,2,4789.74,9579.48,1,0,0
484,Bank 484,South,0.63,1,5909.94,5909.94,1,0,0
485,Bank 485,East,0.61,4,5081.07,20324.29,1,0,0
486,Bank 486,North,0.58,1,1861.01,1861.01,0,0,0
487,Bank 487,North,0.8,2,3118.28,6236.56,1,0,0
488,Bank 488,West,0.81,1,6408.91,6408.91,1,1,1
489,Bank 489,West,0.57,0,,0.0,0,0,0
490,Bank 490,East,0.99,1,7157.74,7157.74,0,2,2
491,Bank 491,South,0.81,0,,0.0,0,0,0
492,Bank 492,West,0.77,1,1782.42,1782.42,0,1,1
493,Bank 493,South,0.97,1,7579.24,7579.24,1,1,1
494,Bank 494,North,0.85,0,,0.0,0,1,1
495,Bank 495,North,0.53,0,,0.0,0,0,0
496,Bank 496,West,0.59,1,7635.07,7635.07,0,2,2
497,Bank 497,North,0.65,2,3886.67,7773.34,1,2,2
498,Bank 498,South,0.75,0,,0.0,0,0,0
499,Bank 499,West,0.54,2,7991.15,15982.3,1,0,0
500,Bank 500,South,0.88,2,4501.37,9002.74,1,1,1
501,Bank 501,North,0.95,2,7526.51,15053.01,0,1,1
502,Bank 502,East,0.66,3,4777.79,14333.37,2,0,0
503,Bank 503,North,0.72,2,7349.42,14698.83,1,0,0
504,Bank 504,North,0.6,1,1372.39,1372.39,0,3,3
505,Bank 505,East,0.7,0,,0.0,0,0,0
506,Bank 506,South,0.92,0,,0.0,0,0,0
507,Bank 507,East,0.82,2,6419.74,12839.48,1,0,0
508,Bank 508,West,0.54,2,2423.11,4846.22,2,4,3
509,Bank 509,North,0.74,0,,0.0,0,2,2
510,Bank 510,West,0.67,1,8734.12,8734.12,1,0,0
511,Bank 511,East,0.53,2,5849.99,11699.98,1,0,0
512,Bank 512,East,0.77,0,,0.0,0,2,2
513,Bank 513,South,0.96,1,4390.82,4390.82,0,0,0
514,Bank 514,North,0.53,1,9355.9,9355.9,1,1,1
515,Bank 515,North,0.81,1,5916.62,5916.62,1,0,0
516,Bank 516,West,0.73,1,101.03,101.03,0,2,2
517,Bank 517,West,0.91,1,4705.28,4705.28,1,1,1
518,Bank 518,North,0.58,1,3114.5,3114.5,1,1,1
519,Bank 519,East,0.82,2,6053.76,12107.51,2,1,1
520,Bank 520,West,0.82,2,2434.01,4868.01,1,0,0
521,Bank 521,South,0.84,1,6902.88,6902.88,0,3,3
522,Bank 522,East,0.76,0,,0.0,0,0,0
523,Bank 523,North,0.59,2,5299.07,10598.15,0,0,0
524,Bank 524,South,0.66,1,5624.12,5624.12,1,0,0
525,Bank 525,South,0.67,1,6655.74,6655.74,1,2,2
526,Bank 526,West,0.66,0,,0.0,0,0,0
527,Bank 527,West,0.59,2,2337.31,4674.62,1,1,1
528,Bank 528,South,0.62,1,7931.63,7931.63,0,1,1
529,Bank 529,North,0.63,1,3580.37,3580.37,0,0,0
530,Bank 530,East,0.5,3,5686.95,17060.86,1,2,2
531,Bank 531,West,0.51,0,,0.0,0,1,1
532,Bank 532,North,0.6,1,3062.71,3062.71,1,2,2
533,Bank 533,East,0.52,1,6888.92,6888.92,1,0,0
534,Bank 534,West,0.6,1,8929.57,8929.57,0,1,1
535,Bank 535,East,0.55,3,8142.9,24428.69,1,1,1
536,Bank 536,South,0.99,1,8795.33,8795.33,1,0,0
537,Bank 537,North,0.55,2,3858.19,7716.39,2,0,0
538,Bank 538,North,0.97,2,9010.38,18020.75,1,1,1
539,Bank 539,South,0.99,2,3336.74,6673.48,1,1,1
540,Bank 540,North,0.87,0,,0.0,0,3,3
541,Bank 541,East,0.76,0,,0.0,0,0,0
542,Bank 542,West,0.96,1,463.15,463.15,0,1,1
543,Bank 543,South,0.56,1,9829.68,9829.68,0,1,1
544,Bank 544,North,0.71,1,1561.0,1561.0,0,0,0
545,Bank 545,South,0.8,2,4779.35,9558.7,0,1,1
546,Bank 546,West,0.54,3,2117.95,6353.86,3,0,0
547,Bank 547,North,0.92,1,7797.02,7797.02,1,1,1
548,Bank 548,North,0.88,2,2158.66,4317.33,2,0,0
549,Bank 549,South,0.77,0,,0.0,0,1,1
550,Bank 550,North,0.99,1,1164.52,1164.52,1,0,0
551,Bank 551,West,0.68,0,,0.0,0,1,1
552,Bank 552,South,0.78,1,6647.48,6647.48,1,1,1
553,Bank 553,West,0.97,0,,0.0,0,1,1
554,Bank 554,South,0.67,1,1806.41,1806.41,1,1,1
555,Bank 555,North,0.53,1,1810.19,1810.19,1,2,2
556,Bank 556,South,0.88,3,6156.42,18469.25,0,0,0
557,Bank 557,West,0.58,3,6193.24,18579.71,1,1,1
558,Bank 558,East,0.64,0,,0.0,0,1,1
559,Bank 559,East,0.82,0,,0.0,0,4,4
560,Bank 560,South,0.81,3,5041.7,15125.09,0,0,0
561,Bank 561,North,0.76,1,6043.12,6043.12,0,1,1
562,Bank 562,East,0.81,1,587.11,587.11,0,2,2
563,Bank 563,North,0.78,1,459.49,459.49,0,1,1
564,Bank 564,North,0.75,0,,0.0,0,2,2
565,Bank 565,East,0.72,2,4999.61,9999.23,0,2,2
566,Bank 566,North,0.89,1,7354.65,7354.65,1,0,0
567,Bank 567,East,0.98,3,2256.72,6770.15,2,1,1
568,Bank 568,West,0.72,0,,0.0,0,1,1
569,Bank 569,South,0.8,0,,0.0,0,1,1
570,Bank 570,East,0.95,0,,0.0,0,2,2
571,Bank 571,East,0.83,1,980.92,980.92,1,2,2
572,Bank 572,East,0.58,0,,0.0,0,0,0
573,Bank 573,East,0.71,2,2163.22,4326.44,2,0,0
574,Bank 574,West,0.82,0,,0.0,0,1,1
575,Bank 575,West,0.55,1,7262.49,7262.49,1,1,1
576,Bank 576,West,0.97,1,6208.19,6208.19,0,1,1
577,Bank 577,East,0.94,0,,0.0,0,1,1
578,Bank 578,South,0.53,1,862.82,862.82,0,1,1
579,Bank 579,East,0.53,0,,0.0,0,0,0
580,Bank 580,West,0.52,1,5585.25,5585.25,0,2,2
581,Bank 581,South,0.9,0,,0.0,0,2,2
582,Bank 582,South,0.68,1,2330.49,2330.49,1,2,2
583,Bank 583,East,0.76,0,,0.0,0,1,1
584,Bank 584,North,0.5,1,1816.67,1816.67,1,0,0
585,Bank 585,South,0.88,0,,0.0,0,0,0
586,Bank 586,East,0.6,1,3151.21,3151.21,1,2,2
587,Bank 587,North,0.68,0,,0.0,0,1,1
588,Bank 588,North,0.85,2,6389.14,12778.27,2,1,1
589,Bank 589,East,0.68,1,4662.69,4662.69,1,0,0
590,Bank 590,North,0.78,1,9411.22,9411.22,0,2,2
591,Bank 591,South,0.93,1,2929.82,2929.82,0,0,0
592,Bank 592,North,0.54,0,,0.0,0,2,2
593,Bank 593,West,0.94,0,,0.0,0,1,1
594,Bank 594,East,0.7,2,5533.06,11066.11,0,1,1
595,Bank 595,South,0.8,0,,0.0,0,0,0
596,Bank 596,North,0.88,0,,0.0,0,0,0
597,Bank 597,North,0.96,0,,0.0,0,2,2
598,Bank 598,South,0.57,2,4690.58,9381.15,1,2,2
599,Bank 599,East,0.8,0,,0.0,0,1,1
600,Bank 600,North,0.66,1,6001.63,6001.63,1,1,1
601,Bank 601,East,0.67,1,5122.28,5122.28,0,3,3
602,Bank 602,East,0.9,3,6759.39,20278.18,0,1,1
603,Bank 603,West,0.56,0,,0.0,0,0,0
604,Bank 604,East,0.78,0,,0.0,0,1,1
605,Bank 605,East,0.74,2,2681.78,5363.56,2,1,1
606,Bank 606,East,0.62,3,2107.53,6322.59,1,0,0
607,Bank 607,North,0.52,0,,0.0,0,1,1
608,Bank 608,West,0.76,2,7502.03,15004.07,1,2,2
609,Bank 609,East,0.63,1,2721.97,2721.97,0,0,0
610,Bank 610,South,0.97,3,5585.18,16755.53,1,2,2
611,Bank 611,South,0.7,1,2334.6,2334.6,0,0,0
612,Bank 612,East,0.9,2,6618.41,13236.82,2,1,1
613,Bank 613,East,0.74,1,8685.31,8685.31,1,1,1
614,Bank 614,West,0.53,2,2736.65,5473.3,1,1,1
615,Bank 615,North,0.52,3,3039.72,9119.15,3,0,0
616,Bank 616,East,0.66,3,5486.31,16458.92,2,2,2
617,Bank 617,North,0.75,4,5474.54,21898.16,2,0,0
618,Bank 618,West,0.76,1,7964.42,7964.42,1,0,0
619,Bank 619,South,0.89,2,4857.64,9715.27,1,1,1
620,Bank 620,West,0.95,1,4063.65,4063.65,1,0,0
621,Bank 621,East,0.89,1,2657.98,2657.98,1,1,1
622,Bank 622,West,0.92,5,3566.54,17832.69,2,2,2
623,Bank 623,West,0.96,0,,0.0,0,0,0
624,Bank 624,East,0.71,0,,0.0,0,0,0
625,Bank 625,South,0.62,0,,0.0,0,1,1
626,Bank 626,North,0.93,1,6332.92,6332.92,0,1,1
627,Bank 627,North,0.59,2,8478.3,16956.59,0,1,1
628,Bank 628,North,0.86,1,6390.85,6390.85,0,0,0
629,Bank 629,West,0.64,3,5358.14,16074.42,2,0,0
630,Bank 630,East,0.74,3,4328.76,12986.28,2,3,3
631,Bank 631,East,0.86,3,6415.2,19245.6,0,3,3
632,Bank 632,East,1.0,1,2841.25,2841.25,0,1,1
633,Bank 633,West,0.7,0,,0.0,0,1,1
634,Bank 634,South,0.95,1,4794.33,4794.33,0,1,1
635,Bank 635,East,0.74,0,,0.0,0,1,1
636,Bank 636,South,0.65,1,6686.31,6686.31,0,1,1
637,Bank 637,East,0.93,0,,0.0,0,4,4
638,Bank 638,North,0.87,2,2345.54,4691.07,1,1,1
639,Bank 639,South,0.58,1,1081.23,1081.23,1,1,1
640,Bank 640,West,0.96,1,1120.76,1120.76,1,3,3
641,Bank 641,West,0.61,1,2355.94,2355.94,0,0,0
642,Bank 642,North,0.73,0,,0.0,0,0,0
643,Bank 643,South,0.63,0,,0.0,0,0,0
644,Bank 644,East,0.68,0,,0.0,0,0,0
645,Bank 645,South,0.69,1,1808.53,1808.53,0,1,1
646,Bank 646,North,0.95,2,7178.75,14357.5,2,0,0
647,Bank 647,South,0.74,1,5494.18,5494.18,1,3,3
648,Bank 648,North,0.6,1,8163.48,8163.48,0,0,0
649,Bank 649,North,0.65,2,4209.13,8418.26,1,1,1
650,Bank 650,South,0.57,0,,0.0,0,2,2
651,Bank 651,North,0.54,1,5910.77,5910.77,1,3,3
652,Bank 652,North,0.84,1,4704.76,4704.76,1,2,2
653,Bank 653,South,0.71,0,,0.0,0,1,1
654,Bank 654,South,0.58,1,4025.26,4025.26,1,3,3
655,Bank 655,East,0.84,2,2504.95,5009.91,0,1,1
656,Bank 656,North,0.81,1,5857.3,5857.3,1,3,3
657,Bank 657,West,0.58,0,,0.0,0,1,1
658,Bank 658,West,0.78,0,,0.0,0,1,1
659,Bank 659,South,0.52,0,,0.0,0,0,0
660,Bank 660,East,0.71,1,5965.7,5965.7,0,0,0
661,Bank 661,South,0.81,0,,0.0,0,0,0
662,Bank 662,East,0.85,1,1075.12,1075.12,0,1,1
663,Bank 663,North,0.97,0,,0.0,0,1,1
664,Bank 664,West,0.77,0,,0.0,0,3,3
665,Bank 665,South,0.79,0,,0.0,0,2,2
666,Bank 666,East,0.79,2,4729.52,9459.03,2,1,1
667,Bank 667,West,0.99,1,3084.57,3084.57,1,1,1
668,Bank 668,North,0.8,0,,0.0,0,0,0
669,Bank 669,South,0.58,1,1105.99,1105.99,1,0,0
670,Bank 670,North,0.72,3,3013.1,9039.3,0,1,1
671,Bank 671,South,0.54,1,578.19,578.19,1,0,0
672,Bank 672,West,0.93,1,8014.13,8014.13,0,0,0
673,Bank 673,West,0.54,2,5307.97,10615.94,1,0,0
674,Bank 674,North,0.75,0,,0.0,0,0,0
675,Bank 675,North,0.97,2,7465.21,14930.42,2,1,1
676,Bank 676,West,1.0,1,3445.8,3445.8,0,1,1
677,Bank 677,North,0.58,1,4561.89,4561.89,1,2,2
678,Bank 678,North,0.89,2,2016.12,4032.24,1,0,0
679,Bank 679,North,0.98,0,,0.0,0,1,1
680,Bank 680,West,0.95,1,9593.95,9593.95,0,0,0
681,Bank 681,South,0.86,1,2658.78,2658.78,1,1,1
682,Bank 682,West,0.82,1,8957.62,8957.62,1,2,2
683,Bank 683,West,0.78,1,4826.96,4826.96,1,0,0
684,Bank 684,West,0.62,1,9020.73,9020.73,1,0,0
685,Bank 685,North,0.96,4,5050.84,20203.35,1,1,1
686,Bank 686,East,0.67,2,5905.91,11811.83,2,2,2
687,Bank 687,South,0.81,1,3372.46,3372.46,0,2,2
688,Bank 688,West,0.81,3,1597.0,4791.01,2,2,2
689,Bank 689,South,0.91,1,4457.57,4457.57,0,5,5
690,Bank 690,West,0.69,1,6212.61,6212.61,0,0,0
691,Bank 691,East,0.89,1,8077.89,8077.89,1,1,1
692,Bank 692,North,0.98,0,,0.0,0,1,1
693,Bank 693,South,0.9,0,,0.0,0,3,3
694,Bank 694,South,0.56,2,7871.26,15742.51,1,3,3
695,Bank 695,South,0.57,0,,0.0,0,1,1
696,Bank 696,West,0.95,3,3342.22,10026.67,2,1,1
697,Bank 697,North,0.61,3,7397.36,22192.09,0,0,0
698,Bank 698,East,0.88,2,3511.7,7023.41,2,1,1
699,Bank 699,North,0.66,1,4150.01,4150.01,1,0,0
700,Bank 700,West,0.59,1,3828.55,3828.55,1,0,0
701,Bank 701,South,0.52,0,,0.0,0,1,1
702,Bank 702,North,0.63,1,3982.78,3982.78,0,1,1
703,Bank 703,West,0.78,1,6512.11,6512.11,0,1,1
704,Bank 704,North,0.92,5,6703.86,33519.31,2,1,1
705,Bank 705,South,0.67,0,,0.0,0,2,2
706,Bank 706,East,0.9,0,,0.0,0,0,0
707,Bank 707,North,0.81,1,375.34,375.34,1,2,2
708,Bank 708,West,0.69,0,,0.0,0,2,2
709,Bank 709,East,0.94,1,4580.7,4580.7,0,2,2
710,Bank 710,South,0.71,0,,0.0,0,1,1
711,Bank 711,South,0.7,0,,0.0,0,1,1
712,Bank 712,West,0.62,1,2593.23,2593.23,0,1,1
713,Bank 713,South,0.94,1,9104.14,9104.14,1,3,3
714,Bank 714,East,0.98,0,,0.0,0,0,0
715,Bank 715,West,0.79,4,5278.6,21114.42,1,2,2
716,Bank 716,South,0.89,0,,0.0,0,3,3
717,Bank 717,West,0.93,0,,0.0,0,2,2
718,Bank 718,East,0.66,0,,0.0,0,0,0
719,Bank 719,North,0.72,1,8165.41,8165.41,1,0,0
720,Bank 720,North,0.89,2,3922.16,7844.33,1,1,1
721,Bank 721,East,0.69,1,8488.58,8488.58,0,1,1
722,Bank 722,West,0.51,0,,0.0,0,1,1
723,Bank 723,South,0.75,2,4936.23,9872.46,1,0,0
724,Bank 724,South,0.98,0,,0.0,0,3,3
725,Bank 725,North,0.83,1,9293.79,9293.79,0,1,1
726,Bank 726,North,0.95,0,,0.0,0,1,1
727,Bank 727,North,0.7,1,5453.36,5453.36,0,3,3
728,Bank 728,South,0.79,0,,0.0,0,1,1
729,Bank 729,East,0.63,0,,0.0,0,1,1
730,Bank 730,North,0.89,2,4216.89,8433.79,0,2,2
731,Bank 731,North,0.52,0,,0.0,0,0,0
732,Bank 732,West,0.94,1,9895.62,9895.62,1,4,4
733,Bank 733,South,0.58,2,6651.98,13303.96,1,0,0
734,Bank 734,West,0.7,0,,0.0,0,3,3
735,Bank 735,East,0.93,0,,0.0,0,1,1
736,Bank 736,South,0.63,1,7312.29,7312.29,0,1,1
737,Bank 737,South,0.76,0,,0.0,0,1,1
738,Bank 738,East,0.81,1,6080.06,6080.06,0,0,0
739,Bank 739,East,0.77,2,1637.96,3275.93,1,0,0
740,Bank 740,North,0.82,2,6247.26,12494.51,2,0,0
741,Bank 741,North,0.97,0,,0.0,0,2,2
742,Bank 742,East,0.88,0,,0.0,0,0,0
743,Bank 743,North,0.53,1,6738.57,6738.57,1,0,0
744,Bank 744,North,0.75,2,5396.17,10792.34,1,1,1
745,Bank 745,West,0.89,1,4449.37,4449.37,0,0,0
746,Bank 746,North,0.53,2,3327.95,6655.91,2,1,1
747,Bank 747,North,0.88,1,1946.99,1946.99,0,1,1
748,Bank 748,South,0.8,1,1571.33,1571.33,1,2,2
749,Bank 749,North,0.85,2,5248.58,10497.16,1,0,0
750,Bank 750,South,0.63,1,9735.81,9735.81,0,1,1
751,Bank 751,West,0.5,1,8457.56,8457.56,1,0,0
752,Bank 752,East,0.75,1,2115.49,2115.49,0,0,0
753,Bank 753,North,0.81,1,8881.09,8881.09,1,1,1
754,Bank 754,South,0.78,1,9308.24,9308.24,1,0,0
755,Bank 755,West,0.84,1,5426.31,5426.31,1,0,0
756,Bank 756,South,0.72,0,,0.0,0,1,1
757,Bank 757,East,0.86,0,,0.0,0,0,0
758,Bank 758,West,1.0,0,,0.0,0,0,0
759,Bank 759,North,0.58,2,7595.1,15190.19,1,1,1
760,Bank 760,East,0.71,2,6081.53,12163.05,1,2,2
761,Bank 761,East,0.7,1,5704.79,5704.79,0,0,0
762,Bank 762,South,0.73,0,,0.0,0,2,2
763,Bank 763,North,0.86,0,,0.0,0,0,0
764,Bank 764,North,0.61,0,,0.0,0,1,1
765,Bank 765,South,0.79,2,4448.6,8897.21,2,0,0
766,Bank 766,East,0.67,3,3378.94,10136.81,3,0,0
767,Bank 767,East,0.87,1,1280.33,1280.33,1,0,0
768,Bank 768,North,0.77,1,5205.17,5205.17,1,1,1
769,Bank 769,South,0.52,0,,0.0,0,2,2
770,Bank 770,South,0.68,0,,0.0,0,0,0
771,Bank 771,South,0.81,0,,0.0,0,2,2
772,Bank 772,East,0.67,0,,0.0,0,1,1
773,Bank 773,West,0.92,0,,0.0,0,1,1
774,Bank 774,North,0.61,1,6563.18,6563.18,0,1,1
775,Bank 775,South,0.93,2,2991.08,5982.15,1,0,0
776,Bank 776,West,0.54,4,6109.52,24438.08,1,0,0
777,Bank 777,West,0.51,0,,0.0,0,0,0
778,Bank 778,East,0.79,0,,0.0,0,0,0
779,Bank 779,South,0.75,2,1971.35,3942.69,0,2,2
780,Bank 780,West,0.97,1,2237.84,2237.84,1,0,0
781,Bank 781,North,0.79,2,4439.01,8878.02,1,1,1
782,Bank 782,East,0.65,1,132.06,132.06,0,2,2
783,Bank 783,South,0.88,1,564.79,564.79,1,1,1
784,Bank 784,West,0.66,1,8796.84,8796.84,0,1,1
785,Bank 785,East,0.95,0,,0.0,0,1,1
786,Bank 786,South,0.75,0,,0.0,0,0,0
787,Bank 787,West,0.54,1,1804.21,1804.21,1,1,1
788,Bank 788,West,0.91,2,3721.22,7442.44,1,2,2
789,Bank 789,West,0.61,2,6049.34,12098.67,1,1,1
790,Bank 790,South,0.57,2,3182.7,6365.4,2,1,1
791,Bank 791,West,0.83,0,,0.0,0,0,0
792,Bank 792,West,0.53,0,,0.0,0,1,1
793,Bank 793,South,0.82,2,8418.19,16836.39,2,2,2
794,Bank 794,South,0.79,1,3894.03,3894.03,1,1,1
795,Bank 795,North,0.88,0,,0.0,0,2,2
796,Bank 796,East,0.71,0,,0.0,0,0,0
797,Bank 797,West,0.64,1,3891.31,3891.31,1,1,1
798,Bank 798,East,0.96,0,,0.0,0,0,0
799,Bank 799,West,0.97,1,7158.82,7158.82,0,1,1
800,Bank 800,East,0.88,1,6392.35,6392.35,1,2,2
801,Bank 801,South,0.92,1,5108.84,5108.84,1,1,1
802,Bank 802,East,0.72,2,1559.34,3118.67,0,0,0
803,Bank 803,South,0.82,3,1928.47,5785.42,0,0,0
804,Bank 804,South,0.67,4,8357.52,33430.07,1,0,0
805,Bank 805,North,0.75,1,3364.09,3364.09,0,0,0
806,Bank 806,East,0.54,1,6445.35,6445.35,0,0,0
807,Bank 807,South,0.86,1,7294.25,7294.25,1,2,2
808,Bank 808,East,0.92,2,5777.99,11555.98,0,0,0
809,Bank 809,North,0.59,2,8771.44,17542.87,2,2,2
810,Bank 810,North,0.59,0,,0.0,0,0,0
811,Bank 811,West,0.73,0,,0.0,0,0,0
812,Bank 812,South,0.94,2,6764.66,13529.31,1,0,0
813,Bank 813,South,0.72,0,,0.0,0,0,0
814,Bank 814,South,1.0,1,6050.36,6050.36,1,0,0
815,Bank 815,South,0.73,0,,0.0,0,0,0
816,Bank 816,West,0.63,0,,0.0,0,2,2
817,Bank 817,North,0.69,1,8394.68,8394.68,0,1,1
818,Bank 818,West,0.61,0,,0.0,0,2,2
819,Bank 819,North,0.9,1,4676.44,4676.44,0,1,1
820,Bank 820,South,0.9,0,,0.0,0,1,1
821,Bank 821,North,0.89,1,3571.16,3571.16,1,1,1
822,Bank 822,West,0.53,1,2126.21,2126.21,1,2,2
823,Bank 823,East,0.69,0,,0.0,0,2,2
824,Bank 824,North,0.6,0,,0.0,0,1,1
825,Bank 825,North,0.8,0,,0.0,0,1,1
826,Bank 826,East,0.71,0,,0.0,0,3,3
827,Bank 827,West,0.9,1,1815.27,1815.27,1,0,0
828,Bank 828,South,0.97,1,554.61,554.61,0,1,1
829,Bank 829,North,0.59,0,,0.0,0,1,1
830,Bank 830,East,0.93,2,3441.96,6883.92,1,0,0
831,Bank 831,South,0.77,1,8806.2,8806.2,0,1,1
832,Bank 832,South,0.75,0,,0.0,0,0,0
833,Bank 833,West,0.79,0,,0.0,0,1,1
834,Bank 834,South,0.71,1,135.47,135.47,1,0,0
835,Bank 835,North,0.83,1,6338.1,6338.1,1,1,1
836,Bank 836,East,0.98,1,2886.41,2886.41,1,0,0
837,Bank 837,West,0.54,0,,0.0,0,1,1
838,Bank 838,East,0.51,2,6191.43,12382.86,0,1,1
839,Bank 839,West,0.72,0,,0.0,0,0,0
840,Bank 840,South,0.93,1,2377.28,2377.28,1,1,1
841,Bank 841,East,0.63,0,,0.0,0,0,0
842,Bank 842,East,0.71,0,,0.0,0,1,1
843,Bank 843,South,0.95,2,4856.85,9713.69,1,3,3
844,Bank 844,North,0.75,1,1773.87,1773.87,1,2,2
845,Bank 845,North,0.53,2,8579.02,17158.04,0,0,0
846,Bank 846,East,0.93,1,6524.94,6524.94,0,1,1
847,Bank 847,West,0.57,0,,0.0,0,5,5
848,Bank 848,North,0.58,2,4587.08,9174.16,1,1,1
849,Bank 849,West,0.8,1,6850.81,6850.81,1,3,3
850,Bank 850,West,0.88,2,6530.63,13061.25,0,2,2
851,Bank 851,East,0.71,2,3435.42,6870.84,0,1,1
852,Bank 852,North,0.53,2,4775.62,9551.23,1,1,1
853,Bank 853,East,0.77,0,,0.0,0,2,2
854,Bank 854,East,0.52,1,6821.33,6821.33,1,1,1
855,Bank 855,West,0.98,1,2316.97,2316.97,0,0,0
856,Bank 856,East,0.54,0,,0.0,0,0,0
857,Bank 857,West,0.61,1,8964.11,8964.11,0,1,1
858,Bank 858,West,0.56,1,5600.47,5600.47,1,1,1
859,Bank 859,North,0.9,2,2389.61,4779.23,1,1,1
860,Bank 860,North,0.77,1,2903.38,2903.38,0,0,0
861,Bank 861,North,0.75,0,,0.0,0,0,0
862,Bank 862,West,0.77,1,89.41,89.41,1,1,1
863,Bank 863,South,0.72,1,882.71,882.71,0,0,0
864,Bank 864,South,0.55,0,,0.0,0,1,1
865,Bank 865,East,0.62,1,1594.56,1594.56,0,4,4
866,Bank 866,North,0.64,3,4039.23,12117.7,1,1,1
867,Bank 867,East,0.57,2,7379.76,14759.52,0,0,0
868,Bank 868,West,0.72,2,235.51,471.02,0,3,3
869,Bank 869,East,0.82,1,5989.25,5989.25,1,1,1
870,Bank 870,North,0.58,1,2024.4,2024.4,0,1,1
871,Bank 871,West,0.7,1,8389.31,8389.31,1,2,2
872,Bank 872,West,0.93,2,5638.85,11277.7,1,1,1
873,Bank 873,North,0.68,1,6185.55,6185.55,0,1,1
874,Bank 874,West,0.77,1,8529.58,8529.58,1,1,1
875,Bank 875,South,0.58,3,6253.17,18759.51,2,1,1
876,Bank 876,South,0.55,2,6735.91,13471.82,0,0,0
877,Bank 877,South,0.73,0,,0.0,0,3,3
878,Bank 878,North,0.76,0,,0.0,0,0,0
879,Bank 879,East,0.67,3,5948.25,17844.75,2,1,1
880,Bank 880,West,0.96,2,5002.65,10005.3,2,0,0
881,Bank 881,North,1.0,1,3383.69,3383.69,1,1,1
882,Bank 882,East,0.65,2,2752.81,5505.61,1,2,2
883,Bank 883,North,0.79,0,,0.0,0,1,1
884,Bank 884,South,0.56,1,5852.85,5852.85,0,0,0
885,Bank 885,North,0.7,2,4059.56,8119.12,2,1,1
886,Bank 886,North,0.88,0,,0.0,0,0,0
887,Bank 887,North,0.85,0,,0.0,0,1,1
888,Bank 888,East,0.87,1,6089.18,6089.18,1,3,3
889,Bank 889,North,0.69,0,,0.0,0,0,0
890,Bank 890,North,0.67,0,,0.0,0,5,5
891,Bank 891,South,0.81,2,5149.66,10299.33,1,0,0
892,Bank 892,North,0.84,0,,0.0,0,1,1
893,Bank 893,North,0.93,0,,0.0,0,1,1
894,Bank 894,North,0.67,0,,0.0,0,0,0
895,Bank 895,North,0.91,1,1603.76,1603.76,0,1,1
896,Bank 896,South,0.69,1,5682.56,5682.56,1,1,1
897,Bank 897,North,0.8,1,5555.16,5555.16,1,0,0
898,Bank 898,North,0.72,2,6962.48,13924.97,1,1,1
899,Bank 899,South,0.67,0,,0.0,0,2,2
900,Bank 900,South,0.62,1,349.8,349.8,0,1,1
901,Bank 901,South,0.66,0,,0.0,0,1,1
902,Bank 902,West,0.76,1,6276.0,6276.0,0,3,3
903,Bank 903,South,0.76,1,9203.33,9203.33,0,2,2
904,Bank 904,West,0.75,0,,0.0,0,0,0
905,Bank 905,East,0.73,1,7277.08,7277.08,0,0,0
906,Bank 906,South,0.72,2,7149.85,14299.7,2,2,2
907,Bank 907,West,0.65,1,4320.66,4320.66,0,2,2
908,Bank 908,South,0.77,0,,0.0,0,1,1
909,Bank 909,South,0.55,0,,0.0,0,2,2
910,Bank 910,South,0.52,1,2280.84,2280.84,1,1,1
911,Bank 911,East,0.97,0,,0.0,0,1,1
912,Bank 912,South,0.81,1,270.54,270.54,0,1,1
913,Bank 913,West,0.51,0,,0.0,0,3,3
914,Bank 914,South,0.82,1,2752.02,2752.02,0,3,3
915,Bank 915,North,0.89,1,1014.12,1014.12,0,2,2
916,Bank 916,South,0.83,0,,0.0,0,1,1
917,Bank 917,South,0.65,0,,0.0,0,0,0
918,Bank 918,South,0.52,1,3637.41,3637.41,1,0,0
919,Bank 919,West,0.84,2,4326.48,8652.96,0,1,1
920,Bank 920,East,0.71,0,,0.0,0,2,2
921,Bank 921,North,0.61,0,,0.0,0,2,2
922,Bank 922,East,0.95,1,3690.23,3690.23,0,0,0
923,Bank 923,North,0.84,0,,0.0,0,0,0
924,Bank 924,South,0.59,2,5693.16,11386.31,0,2,2
925,Bank 925,North,0.87,2,7902.48,15804.96,2,2,2
926,Bank 926,South,0.77,1,2612.29,2612.29,1,0,0
927,Bank 927,East,0.71,1,5439.16,5439.16,1,1,1
928,Bank 928,North,0.66,1,4610.14,4610.14,1,1,1
929,Bank 929,West,0.51,0,,0.0,0,0,0
930,Bank 930,West,0.74,3,4388.33,13164.99,2,2,2
931,Bank 931,West,0.79,0,,0.0,0,0,0
932,Bank 932,South,0.52,0,,0.0,0,0,0
933,Bank 933,East,0.53,1,831.12,831.12,1,0,0
934,Bank 934,East,0.58,1,3910.84,3910.84,0,0,0
935,Bank 935,East,0.86,2,7956.45,15912.91,2,1,1
936,Bank 936,North,0.62,1,5501.76,5501.76,0,0,0
937,Bank 937,South,0.54,1,2723.36,2723.36,1,0,0
938,Bank 938,East,0.93,2,5752.04,11504.08,0,1,1
939,Bank 939,West,0.55,1,8857.61,8857.61,0,1,1
940,Bank 940,South,0.63,0,,0.0,0,2,2
941,Bank 941,West,0.78,2,6378.68,12757.35,1,2,2
942,Bank 942,East,0.84,0,,0.0,0,0,0
943,Bank 943,North,1.0,2,2061.71,4123.42,0,1,1
944,Bank 944,North,0.76,1,9821.71,9821.71,0,1,1
945,Bank 945,East,0.53,0,,0.0,0,0,0
946,Bank 946,East,0.81,0,,0.0,0,0,0
947,Bank 947,South,0.66,3,5256.15,15768.44,2,0,0
948,Bank 948,South,0.6,0,,0.0,0,0,0
949,Bank 949,South,0.92,0,,0.0,0,1,1
950,Bank 950,East,0.52,2,2848.62,5697.24,1,0,0
951,Bank 951,North,0.59,0,,0.0,0,1,1
952,Bank 952,South,0.63,1,4705.23,4705.23,1,2,2
953,Bank 953,East,0.91,1,9265.02,9265.02,1,1,1
954,Bank 954,South,0.98,0,,0.0,0,0,0
955,Bank 955,North,0.54,1,251.09,251.09,1,1,1
956,Bank 956,East,0.95,1,1549.96,1549.96,0,1,1
957,Bank 957,East,0.86,0,,0.0,0,2,2
958,Bank 958,North,0.84,3,5457.02,16371.06,2,1,1
959,Bank 959,North,0.69,0,,0.0,0,2,2
960,Bank 960,East,0.75,1,4503.43,4503.43,1,1,1
961,Bank 961,South,0.87,1,26.65,26.65,0,0,0
962,Bank 962,South,0.9,1,1070.63,1070.63,0,1,1
963,Bank 963,North,0.84,1,4851.24,4851.24,1,2,2
964,Bank 964,South,0.63,2,3261.18,6522.37,0,0,0
965,Bank 965,South,0.95,1,7153.5,7153.5,1,0,0
966,Bank 966,East,0.69,0,,0.0,0,4,4
967,Bank 967,West,0.98,1,4748.88,4748.88,0,3,3
968,Bank 968,North,0.83,2,2723.43,5446.86,2,0,0
969,Bank 969,East,0.97,2,5140.39,10280.77,1,0,0
970,Bank 970,East,0.74,0,,0.0,0,2,2
971,Bank 971,South,0.83,1,5881.23,5881.23,0,1,1
972,Bank 972,South,0.68,0,,0.0,0,0,0
973,Bank 973,East,0.8,2,8102.48,16204.95,0,1,1
974,Bank 974,West,0.72,2,4296.65,8593.29,2,2,2
975,Bank 975,East,0.68,0,,0.0,0,2,2
976,Bank 976,West,0.89,2,1564.38,3128.75,1,0,0
977,Bank 977,South,0.63,0,,0.0,0,1,1
978,Bank 978,South,0.97,2,4111.32,8222.63,2,0,0
979,Bank 979,East,0.6,0,,0.0,0,1,1
980,Bank 980,West,0.72,1,3735.99,3735.99,1,2,2
981,Bank 981,West,0.83,0,,0.0,0,2,2
982,Bank 982,South,0.88,1,3131.17,3131.17,1,1,1
983,Bank 983,North,0.74,0,,0.0,0,1,1
984,Bank 984,East,0.96,1,7018.96,7018.96,1,0,0
985,Bank 985,South,0.91,2,4916.65,9833.3,0,2,2
986,Bank 986,West,0.92,1,1591.87,1591.87,1,0,0
987,Bank 987,North,0.61,0,,0.0,0,0,0
988,Bank 988,North,0.97,3,6149.62,18448.86,3,2,2
989,Bank 989,West,0.83,0,,0.0,0,0,0
990,Bank 990,North,1.0,1,6669.07,6669.07,0,2,2
991,Bank 991,North,0.88,1,7764.82,7764.82,0,3,3
992,Bank 992,West,0.91,3,5460.83,16382.48,1,2,2
993,Bank 993,South,0.97,2,6795.53,13591.06,1,1,1
994,Bank 994,South,0.99,0,,0.0,0,0,0
995,Bank 995,North,0.94,2,6817.18,13634.35,1,2,2
996,Bank 996,East,0.77,2,5425.1,10850.2,2,2,2
997,Bank 997,South,0.7,1,3963.45,3963.45,1,4,4
998,Bank 998,East,0.73,0,,0.0,0,0,0
999,Bank 999,East,0.76,3,4140.48,12421.45,2,4,4
1000,Bank 1000,East,0.96,1,9679.24,9679.24,1,0,0
1001,Bank 1001,South,0.66,3,4354.87,13064.62,2,0,0
1002,Bank 1002,West,0.79,2,1082.38,2164.75,1,0,0
1003,Bank 1003,West,0.59,2,2519.82,5039.64,1,0,0
1004,Bank 1004,South,0.94,0,,0.0,0,1,1
1005,Bank 1005,North,0.98,1,5113.55,5113.55,0,0,0
1006,Bank 1006,West,0.5,3,5931.77,17795.32,0,1,1
1007,Bank 1007,North,0.92,2,3555.13,7110.26,2,0,0
1008,Bank 1008,West,0.71,1,5133.66,5133.66,0,2,2
1009,Bank 1009,West,0.71,2,6487.72,12975.44,0,0,0
1010,Bank 1010,North,0.8,1,6572.08,6572.08,1,2,2
