customer_id,name,region,stated_risk_level,txn_frequency,avg_txn_amount,total_txn_amount,high_risk_txn_count,large_txn_count,sanction_count,score_high_risk_txns,score_large_txns,score_sanctions,score_stated_level,composite_risk_score,computed_segment
1,Anthony Smith,West,Medium,1,5185.75,5185.75,0,0,1,0,0,25,12,37,Medium
2,Brenda Johnson,South,Low,2,6503.46,13006.92,1,1,1,10,12,25,0,47,Medium
3,Edwin Soto,North,High,1,3151.21,3151.21,1,0,2,10,0,25,25,60,High
4,James Campbell,South,Low,4,4092.14,16368.56,0,0,3,0,0,25,0,25,Low
5,Richard Cohen,North,Medium,0,,0.0,0,0,2,0,0,25,12,37,Medium
6,Ryan Henry,North,Medium,0,,0.0,0,0,3,0,0,25,12,37,Medium
7,Chris Wong,East,Low,1,4133.14,4133.14,1,0,1,10,0,25,0,35,Medium
8,Patrick Spencer,East,Low,1,6583.51,6583.51,0,0,1,0,0,25,0,25,Low
9,James Lopez,East,Medium,3,4593.86,13781.57,2,0,1,20,0,25,12,57,Medium
10,Jared Harmon,North,High,3,2462.24,7386.73,1,0,1,10,0,25,25,60,High
11,Christopher Palmer,East,Low,1,5631.9,5631.9,0,0,0,0,0,0,0,0,Low
12,Alejandra Turner,West,Low,0,,0.0,0,0,4,0,0,25,0,25,Low
13,Sarah Harper,East,Low,2,5864.76,11729.52,1,0,2,10,0,25,0,35,Medium
14,April Brown,South,Low,1,8724.29,8724.29,1,0,3,10,0,25,0,35,Medium
15,Johnny Wilson,South,Low,1,4809.83,4809.83,1,0,1,10,0,25,0,35,Medium
16,Jason Lee,North,Low,0,,0.0,0,0,0,0,0,0,0,0,Low
17,Deborah Gilbert,North,Low,0,,0.0,0,0,0,0,0,0,0,0,Low
18,Frank Myers,West,Medium,1,7750.07,7750.07,1,0,2,10,0,25,12,47,Medium
19,Rebekah Alexander,West,Low,3,2430.96,7292.88,2,0,0,20,0,0,0,20,Low
20,Amanda Franklin,West,Medium,0,,0.0,0,0,0,0,0,0,12,12,Low
21,Michelle Hart,West,Medium,2,6150.3,12300.6,0,0,1,0,0,25,12,37,Medium
22,Lucas Lynch,East,Low,0,,0.0,0,0,0,0,0,0,0,0,Low
23,Stephanie Cummings,South,Low,1,5772.74,5772.74,0,0,1,0,0,25,0,25,Low
24,Carolyn Gilmore,West,Low,1,6825.12,6825.12,1,0,3,10,0,25,0,35,Medium
25,Laura Smith,South,Low,1,7610.93,7610.93,1,0,1,10,0,25,0,35,Medium
26,James Rivera,North,High,0,,0.0,0,0,1,0,0,25,25,50,Medium
27,Linda Chavez,West,Medium,1,6050.36,6050.36,1,0,0,10,0,0,12,22,Low
28,Steven Pineda,West,Low,2,3693.14,7386.27,1,0,3,10,0,25,0,35,Medium
29,Becky Hughes DVM,South,High,1,6418.22,6418.22,1,0,1,10,0,25,25,60,High
30,Rebekah Rivers,East,Medium,1,980.92,980.92,1,0,2,10,0,25,12,47,Medium
31,Scott Smith,West,Low,1,8488.58,8488.58,0,0,1,0,0,25,0,25,Low
32,Thomas Gutierrez,East,Low,0,,0.0,0,0,0,0,0,0,0,0,Low
33,Tammy Lopez,North,Medium,1,6234.57,6234.57,1,0,1,10,0,25,12,47,Medium
34,Jessica Bowman,South,High,2,8131.33,16262.65,0,1,0,0,12,0,25,37,Medium
35,Jenny Obrien,South,Low,0,,0.0,0,0,0,0,0,0,0,0,Low
36,Shannon Arnold,West,Medium,0,,0.0,0,0,1,0,0,25,12,37,Medium
37,Jonathan Collins,East,High,2,2955.01,5910.01,1,0,2,10,0,25,25,60,High
38,James Hubbard,North,Medium,0,,0.0,0,0,0,0,0,0,12,12,Low
39,Charles Barnes,South,Low,1,6524.94,6524.94,0,0,0,0,0,0,0,0,Low
40,Amber Anderson,East,Low,1,3597.19,3597.19,0,0,1,0,0,25,0,25,Low
41,Tyler Gray,West,High,1,6712.87,6712.87,0,0,0,0,0,0,25,25,Low
42,Tyler Ferguson,West,Low,0,,0.0,0,0,0,0,0,0,0,0,Low
43,Dana Delgado,North,Low,0,,0.0,0,0,1,0,0,25,0,25,Low
44,Melanie Rose,South,Low,1,6793.69,6793.69,0,0,0,0,0,0,0,0,Low
45,Nicholas Mccarthy,West,High,1,9662.49,9662.49,1,1,2,10,12,25,25,72,High
46,Jennifer Saunders,South,Medium,2,1340.72,2681.43,1,0,1,10,0,25,12,47,Medium
47,Sarah Lewis,East,High,2,3312.51,6625.02,1,0,1,10,0,25,25,60,High
48,Nicole Bowers,East,High,1,4148.39,4148.39,1,0,1,10,0,25,25,60,High
49,John Wells,East,Low,0,,0.0,0,0,1,0,0,25,0,25,Low
50,Michelle Gallagher,South,Medium,2,2718.19,5436.37,1,0,0,10,0,0,12,22,Low
51,Michael Rice,North,Medium,0,,0.0,0,0,0,0,0,0,12,12,Low
52,Briana Johnson,East,Low,1,7025.51,7025.51,1,0,1,10,0,25,0,35,Medium
53,Brandon Maynard,East,Medium,1,823.07,823.07,1,0,1,10,0,25,12,47,Medium
54,Roger Allison,South,High,2,6731.73,13463.47,0,0,0,0,0,0,25,25,Low
55,Kristina Myers,South,High,0,,0.0,0,0,0,0,0,0,25,25,Low
56,Joseph Vincent,South,Low,1,9515.56,9515.56,1,1,2,10,12,25,0,47,Medium
57,Dr. Natalie Hernandez,East,Low,1,3548.93,3548.93,1,0,1,10,0,25,0,35,Medium
58,Jennifer Bell,West,Low,0,,0.0,0,0,0,0,0,0,0,0,Low
59,Rachel Avila,West,High,1,6010.86,6010.86,1,0,1,10,0,25,25,60,High
60,Heather Parrish,West,Low,1,2136.09,2136.09,0,0,1,0,0,25,0,25,Low
61,George Smith,West,Medium,0,,0.0,0,0,0,0,0,0,12,12,Low
62,Stephanie Sanders,West,High,1,467.73,467.73,0,0,0,0,0,0,25,25,Low
63,Andrew Harris,West,Low,0,,0.0,0,0,2,0,0,25,0,25,Low
64,Tina Farmer,West,Medium,1,4907.27,4907.27,1,0,1,10,0,25,12,47,Medium
65,Christopher Coleman,North,Low,0,,0.0,0,0,3,0,0,25,0,25,Low
66,Robert Sosa,East,Low,2,4641.93,9283.87,1,0,0,10,0,0,0,10,Low
67,Jessica Moyer,South,Medium,3,1396.78,4190.34,1,0,1,10,0,25,12,47,Medium
68,Anthony Nunez,West,Medium,2,3408.07,6816.14,1,0,1,10,0,25,12,47,Medium
69,Christopher Morton,West,Medium,0,,0.0,0,0,2,0,0,25,12,37,Medium
70,Kathleen Larson,North,Medium,0,,0.0,0,0,0,0,0,0,12,12,Low
71,John Preston,South,Medium,1,9138.89,9138.89,1,1,2,10,12,25,12,59,Medium
72,Bradley Lewis,North,Low,3,7216.26,21648.77,2,0,2,20,0,25,0,45,Medium
73,Kathleen Baker,West,Low,0,,0.0,0,0,1,0,0,25,0,25,Low
74,Lauren Torres,South,Medium,1,4176.01,4176.01,1,0,0,10,0,0,12,22,Low
75,David Lopez,East,Low,2,4078.45,8156.89,1,0,2,10,0,25,0,35,Medium
76,Chelsea Bradley,West,Medium,1,5108.84,5108.84,1,0,1,10,0,25,12,47,Medium
77,Elizabeth Davidson,South,Low,1,6801.69,6801.69,0,0,2,0,0,25,0,25,Low
78,Michael Young,South,High,0,,0.0,0,0,0,0,0,0,25,25,Low
79,Linda Simpson,North,Medium,3,2648.34,7945.02,2,0,1,20,0,25,12,57,Medium
80,Eddie Brown,North,High,0,,0.0,0,0,0,0,0,0,25,25,Low
81,Cynthia Christensen,West,Low,2,8858.98,17717.96,1,1,1,10,12,25,0,47,Medium
82,Christine Lopez,North,Medium,1,8910.06,8910.06,1,0,2,10,0,25,12,47,Medium
83,Daniel Kim,South,Medium,1,8267.66,8267.66,0,0,1,0,0,25,12,37,Medium
84,Jennifer Hanson,East,Medium,0,,0.0,0,0,2,0,0,25,12,37,Medium
85,Randy Campbell,East,Low,1,3786.84,3786.84,1,0,2,10,0,25,0,35,Medium
86,Brandon Christensen,North,Low,0,,0.0,0,0,0,0,0,0,0,0,Low
87,Ann Mccann,South,High,1,1529.63,1529.63,1,0,3,10,0,25,25,60,High
88,Denise Pierce,North,Low,1,4131.0,4131.0,0,0,0,0,0,0,0,0,Low
89,Christina Cross,South,Low,3,2650.59,7951.76,1,0,0,10,0,0,0,10,Low
90,Isaiah Cooper,West,High,0,,0.0,0,0,0,0,0,0,25,25,Low
91,Tina Murray,North,High,0,,0.0,0,0,1,0,0,25,25,50,Medium
92,David Krause,West,High,0,,0.0,0,0,2,0,0,25,25,50,Medium
93,Jeff Thomas,West,Low,2,5617.35,11234.7,0,1,1,0,12,25,0,37,Medium
94,David Baker,West,Low,1,9394.08,9394.08,1,1,0,10,12,0,0,22,Low
95,Amy Bates,East,Medium,3,4953.2,14859.61,2,1,0,20,12,0,12,44,Medium
96,Tonya Harrison,North,Low,0,,0.0,0,0,1,0,0,25,0,25,Low
97,Linda Johnson,East,High,1,224.51,224.51,0,0,2,0,0,25,25,50,Medium
98,Luis Williamson,South,Medium,0,,0.0,0,0,2,0,0,25,12,37,Medium
99,Bradley Scott,East,Medium,2,2184.34,4368.69,1,0,1,10,0,25,12,47,Medium
100,Christopher Holt,West,Low,2,5821.19,11642.39,1,0,0,10,0,0,0,10,Low
101,Kenneth Patel,South,Medium,0,,0.0,0,0,1,0,0,25,12,37,Medium
102,Emily Whitney,West,Low,2,3332.01,6664.02,2,0,0,20,0,0,0,20,Low
103,Felicia Johnson,North,High,0,,0.0,0,0,4,0,0,25,25,50,Medium
104,Stephanie Castro,East,Low,0,,0.0,0,0,1,0,0,25,0,25,Low
105,Jennifer Williams,West,Medium,0,,0.0,0,0,1,0,0,25,12,37,Medium
106,Glenn Gill,West,High,0,,0.0,0,0,1,0,0,25,25,50,Medium
107,Anna Sutton,East,Low,1,3894.03,3894.03,1,0,0,10,0,0,0,10,Low
108,Robert Bryant,North,High,2,8619.75,17239.49,1,1,0,10,12,0,25,47,Medium
109,Angela Garner,East,Low,1,5939.23,5939.23,0,0,0,0,0,0,0,0,Low
110,Kyle Blevins,North,High,0,,0.0,0,0,1,0,0,25,25,50,Medium
111,Scott Allison,South,Low,0,,0.0,0,0,0,0,0,0,0,0,Low
112,Hector Hayden,East,High,0,,0.0,0,0,1,0,0,25,25,50,Medium
113,Steven Hansen PhD,East,Low,1,5553.1,5553.1,1,0,2,10,0,25,0,35,Medium
114,Marissa Foster,North,Medium,0,,0.0,0,0,0,0,0,0,12,12,Low
115,Amanda Webb,West,High,2,5560.06,11120.11,2,0,1,20,0,25,25,70,High
116,Christopher Turner,East,Low,0,,0.0,0,0,2,0,0,25,0,25,Low
117,Yolanda Hardy,West,High,1,1472.6,1472.6,1,0,1,10,0,25,25,60,High
118,Amanda Walker,East,Medium,1,9383.67,9383.67,0,1,0,0,12,0,12,24,Low
119,Joanna Johns,South,Medium,2,3845.29,7690.58,2,0,1,20,0,25,12,57,Medium
120,Melinda Rodriguez,East,Low,3,5988.15,17964.44,2,0,0,20,0,0,0,20,Low
121,Lance Hebert,East,High,0,,0.0,0,0,1,0,0,25,25,50,Medium
122,Angel Harper,East,Low,1,9387.23,9387.23,1,1,0,10,12,0,0,22,Low
123,Philip Underwood,North,High,0,,0.0,0,0,1,0,0,25,25,50,Medium
124,Marcia Fisher,East,Low,0,,0.0,0,0,1,0,0,25,0,25,Low
125,Edwin Cabrera,East,High,0,,0.0,0,0,0,0,0,0,25,25,Low
126,Justin Bryant,West,Low,1,5438.63,5438.63,1,0,2,10,0,25,0,35,Medium
127,Gina Rios,North,Medium,2,4818.65,9637.3,1,0,0,10,0,0,12,22,Low
128,Angela Mcpherson,East,High,0,,0.0,0,0,1,0,0,25,25,50,Medium
129,Megan Wilson,West,High,0,,0.0,0,0,2,0,0,25,25,50,Medium
130,Jesse Mckinney,East,High,2,1764.97,3529.94,2,0,1,20,0,25,25,70,High
131,Robert Rogers,West,High,0,,0.0,0,0,0,0,0,0,25,25,Low
132,Cheryl Gillespie,East,High,1,2721.97,2721.97,0,0,1,0,0,25,25,50,Medium
133,Anna Sanders MD,North,Medium,1,1808.53,1808.53,0,0,2,0,0,25,12,37,Medium
134,Michele Freeman DVM,West,High,1,3790.68,3790.68,0,0,1,0,0,25,25,50,Medium
135,Logan Wilson,West,Medium,0,,0.0,0,0,1,0,0,25,12,37,Medium
136,Raven Rogers,East,Medium,2,2750.07,5500.14,1,0,1,10,0,25,12,47,Medium
137,Christopher Jackson,West,High,1,2230.82,2230.82,1,0,2,10,0,25,25,60,High
138,Kyle Collins,East,Low,0,,0.0,0,0,2,0,0,25,0,25,Low
139,Ronald Duncan,South,Low,2,2936.72,5873.44,0,0,1,0,0,25,0,25,Low
140,Kevin Larson,West,Low,1,6809.58,6809.58,0,0,0,0,0,0,0,0,Low
141,Mary Jordan,West,Low,1,4063.65,4063.65,1,0,1,10,0,25,0,35,Medium
142,Billy Lee,North,Medium,2,3769.74,7539.48,1,0,1,10,0,25,12,47,Medium
143,Mark Taylor,East,Medium,3,8439.97,25319.9,1,2,1,10,24,25,12,71,High
144,Douglas Moss,South,High,0,,0.0,0,0,0,0,0,0,25,25,Low
145,Dylan Simpson,North,High,3,3647.17,10941.52,1,0,0,10,0,0,25,35,Medium
146,Kaitlyn Adams,South,Medium,1,1571.33,1571.33,1,0,3,10,0,25,12,47,Medium
147,Amanda Gill,South,Low,1,9322.58,9322.58,1,1,0,10,12,0,0,22,Low
148,Susan Martin,East,Medium,0,,0.0,0,0,1,0,0,25,12,37,Medium
149,Timothy Fox,South,Low,2,5297.61,10595.22,2,1,2,20,12,25,0,57,Medium
150,Benjamin Robinson DVM,East,Medium,1,9183.25,9183.25,1,1,2,10,12,25,12,59,Medium
151,Cory Collins,East,High,2,4905.84,9811.67,2,1,3,20,12,25,25,82,High
152,Robert Jackson,North,High,1,582.94,582.94,0,0,0,0,0,0,25,25,Low
153,Karen Yang,West,Low,3,7540.15,22620.44,2,1,1,20,12,25,0,57,Medium
154,Nancy Flowers,North,Medium,1,9308.24,9308.24,1,1,1,10,12,25,12,59,Medium
155,Christopher Anderson,North,Low,2,4764.46,9528.92,1,0,1,10,0,25,0,35,Medium
156,Steven Hunt,North,Medium,2,997.3,1994.61,1,0,1,10,0,25,12,47,Medium
157,Dr. John Gonzalez Jr.,North,High,0,,0.0,0,0,1,0,0,25,25,50,Medium
158,Shannon Allen,North,Low,2,6393.84,12787.68,1,0,0,10,0,0,0,10,Low
159,Jeffrey Lawson,East,High,1,9831.19,9831.19,0,1,0,0,12,0,25,37,Medium
160,Sylvia Hess DVM,East,Low,3,5505.93,16517.8,3,0,2,25,0,25,0,50,Medium
161,Timothy Moore,South,Medium,1,7020.76,7020.76,1,0,3,10,0,25,12,47,Medium
162,Bryan Galloway,East,Medium,2,7557.1,15114.21,1,0,3,10,0,25,12,47,Medium
163,Gina Wallace,North,Low,0,,0.0,0,0,1,0,0,25,0,25,Low
164,Scott Fernandez,West,Low,1,9203.33,9203.33,0,1,0,0,12,0,0,12,Low
165,Dawn Alexander,East,Low,0,,0.0,0,0,1,0,0,25,0,25,Low
166,Maria Griffith,West,High,0,,0.0,0,0,0,0,0,0,25,25,Low
167,Joshua Wolf,North,Low,2,4364.52,8729.05,2,0,0,20,0,0,0,20,Low
168,Christina Miller,North,Medium,0,,0.0,0,0,0,0,0,0,12,12,Low
169,Nathan Velasquez,East,Medium,3,4259.86,12779.59,2,0,2,20,0,25,12,57,Medium
170,Michelle Alvarado,North,Low,1,2084.02,2084.02,0,0,0,0,0,0,0,0,Low
171,Alice Whitney,North,Low,1,3579.57,3579.57,0,0,1,0,0,25,0,25,Low
172,Michael Kelly,North,High,0,,0.0,0,0,0,0,0,0,25,25,Low
173,Debbie Clay,North,High,1,9735.81,9735.81,0,1,0,0,12,0,25,37,Medium
174,Anthony Taylor,South,Medium,2,5421.22,10842.44,2,0,0,20,0,0,12,32,Medium
175,Anthony Gonzales,South,Low,3,2710.72,8132.17,1,0,4,10,0,25,0,35,Medium
176,Julie Walker,West,High,2,4309.09,8618.18,2,0,0,20,0,0,25,45,Medium
177,Kimberly Martin,South,Low,2,6886.9,13773.79,1,0,1,10,0,25,0,35,Medium
178,Tamara Castro,North,High,3,1987.24,5961.71,1,0,2,10,0,25,25,60,High
179,John Bell,South,High,0,,0.0,0,0,0,0,0,0,25,25,Low
180,Jeffrey Kemp,North,Low,0,,0.0,0,0,0,0,0,0,0,0,Low
181,Jacob Patton,East,Low,0,,0.0,0,0,3,0,0,25,0,25,Low
182,Vickie Scott,North,Low,1,3084.57,3084.57,1,0,1,10,0,25,0,35,Medium
183,Daisy Miranda,South,Low,0,,0.0,0,0,2,0,0,25,0,25,Low
184,John Keller,West,Low,0,,0.0,0,0,0,0,0,0,0,0,Low
185,Ashley Bauer,North,High,2,3171.24,6342.49,1,0,0,10,0,0,25,35,Medium
186,Sandra Fleming,South,Medium,0,,0.0,0,0,1,0,0,25,12,37,Medium
187,Linda Robinson,West,High,2,5788.55,11577.09,2,0,0,20,0,0,25,45,Medium
188,Michelle Stone,West,High,0,,0.0,0,0,0,0,0,0,25,25,Low
189,Donna Hicks,East,High,1,3272.73,3272.73,1,0,0,10,0,0,25,35,Medium
190,Gina Lopez,West,High,2,1698.87,3397.73,2,0,1,20,0,25,25,70,High
191,Mr. Justin Taylor,South,High,1,5402.23,5402.23,0,0,1,0,0,25,25,50,Medium
192,Derrick Anderson,West,High,0,,0.0,0,0,0,0,0,0,25,25,Low
193,Manuel Chang,North,Low,1,625.95,625.95,0,0,0,0,0,0,0,0,Low
194,Lawrence Morales,South,Medium,0,,0.0,0,0,2,0,0,25,12,37,Medium
195,Brittany Nelson,West,High,0,,0.0,0,0,1,0,0,25,25,50,Medium
196,Cristina Goodwin,North,High,3,5620.52,16861.57,3,1,1,25,12,25,25,87,High
197,Andrew Livingston,South,Medium,1,3457.62,3457.62,0,0,2,0,0,25,12,37,Medium
198,Alexander Thomas,East,Low,0,,0.0,0,0,2,0,0,25,0,25,Low
199,Michelle Stafford,South,Low,3,5820.93,17462.78,3,0,2,25,0,25,0,50,Medium
200,Jason Andersen,East,Low,0,,0.0,0,0,0,0,0,0,0,0,Low
201,Sheena Sullivan,East,Medium,1,2103.3,2103.3,1,0,1,10,0,25,12,47,Medium
202,Sarah Yang,East,High,0,,0.0,0,0,2,0,0,25,25,50,Medium
203,Amanda Floyd,West,Low,1,5797.25,5797.25,0,0,0,0,0,0,0,0,Low
204,Brandy Cortez,East,Low,0,,0.0,0,0,2,0,0,25,0,25,Low
205,Tina Young,West,High,1,420.03,420.03,0,0,0,0,0,0,25,25,Low
206,Erika Lopez,East,High,0,,0.0,0,0,3,0,0,25,25,50,Medium
207,Nathan Green,North,Medium,2,9484.7,18969.4,2,2,0,20,24,0,12,56,Medium
208,Robert Cameron,West,High,1,4210.36,4210.36,0,0,0,0,0,0,25,25,Low
209,Alejandra Butler,East,Low,1,9954.31,9954.31,0,1,0,0,12,0,0,12,Low
210,Alexis Holt,North,Low,1,6094.4,6094.4,1,0,2,10,0,25,0,35,Medium
211,Maria Fowler,East,High,1,1816.67,1816.67,1,0,2,10,0,25,25,60,High
212,Bryan Bennett PhD,South,Medium,3,5984.65,17953.95,1,0,0,10,0,0,12,22,Low
213,Cameron Stafford,West,Medium,1,5013.57,5013.57,1,0,2,10,0,25,12,47,Medium
214,Jose Gallagher,North,Low,0,,0.0,0,0,1,0,0,25,0,25,Low
215,Elizabeth Davies,West,High,0,,0.0,0,0,1,0,0,25,25,50,Medium
216,Charles Martinez,North,Medium,1,8480.02,8480.02,0,0,0,0,0,0,12,12,Low
217,Andrew Golden,East,High,1,5426.31,5426.31,1,0,1,10,0,25,25,60,High
218,Molly Thomas,East,Low,1,1946.99,1946.99,0,0,0,0,0,0,0,0,Low
219,Amber Schwartz,North,Low,0,,0.0,0,0,1,0,0,25,0,25,Low
220,Edward Powers,West,High,3,6318.28,18954.83,0,0,2,0,0,25,25,50,Medium
221,Christopher Johnson,West,Medium,0,,0.0,0,0,3,0,0,25,12,37,Medium
222,John Ware,East,Low,1,9964.43,9964.43,0,1,2,0,12,25,0,37,Medium
223,Dawn Wilson,North,High,1,6647.48,6647.48,1,0,1,10,0,25,25,60,High
224,Jonathan Collins,North,High,1,6821.33,6821.33,1,0,0,10,0,0,25,35,Medium
225,Robert Ware,West,Medium,1,2861.53,2861.53,1,0,1,10,0,25,12,47,Medium
226,Jay Hoffman,East,High,0,,0.0,0,0,1,0,0,25,25,50,Medium
227,Julie Potts,West,Medium,1,8394.68,8394.68,0,0,3,0,0,25,12,37,Medium
228,Andrew Krause,South,High,1,1910.4,1910.4,0,0,3,0,0,25,25,50,Medium
229,Rick Williams,West,Low,0,,0.0,0,0,0,0,0,0,0,0,Low
230,Gabriela Clark,North,Low,2,6592.69,13185.39,0,0,0,0,0,0,0,0,Low
231,Lauren Miller,West,High,1,3729.47,3729.47,1,0,2,10,0,25,25,60,High
232,Elizabeth Clark,West,High,0,,0.0,0,0,3,0,0,25,25,50,Medium
233,Joseph Salazar,South,High,0,,0.0,0,0,1,0,0,25,25,50,Medium
234,Daniel Ortega,East,High,1,6216.57,6216.57,0,0,0,0,0,0,25,25,Low
235,Tamara Garner,West,High,0,,0.0,0,0,0,0,0,0,25,25,Low
236,Carol Hale,South,Medium,0,,0.0,0,0,1,0,0,25,12,37,Medium
237,Justin Curtis,South,Low,0,,0.0,0,0,1,0,0,25,0,25,Low
238,Ashley Rogers,East,Medium,0,,0.0,0,0,1,0,0,25,12,37,Medium
239,Karen Rice,West,Medium,1,2630.61,2630.61,1,0,1,10,0,25,12,47,Medium
240,Jill Harding,East,Medium,1,3740.71,3740.71,1,0,1,10,0,25,12,47,Medium
241,Joseph Cole,West,Low,0,,0.0,0,0,0,0,0,0,0,0,Low
242,Patricia Carter,East,Medium,1,2209.98,2209.98,1,0,2,10,0,25,12,47,Medium
243,Seth Anderson,East,Low,1,5006.46,5006.46,0,0,3,0,0,25,0,25,Low
244,Jack Barnes,South,High,1,5153.8,5153.8,1,0,1,10,0,25,25,60,High
245,Christina Waters,North,Medium,2,5223.07,10446.13,2,0,0,20,0,0,12,32,Medium
246,Stephen Vega,West,Medium,3,3808.69,11426.06,2,0,4,20,0,25,12,57,Medium
247,Rachel Sims,North,Low,4,3236.3,12945.21,2,0,0,20,0,0,0,20,Low
248,Thomas Rodriguez,East,Medium,1,6183.03,6183.03,1,0,0,10,0,0,12,22,Low
249,Janet Anderson DDS,North,Low,3,4506.91,13520.72,1,0,2,10,0,25,0,35,Medium
250,Ashley Gardner,West,High,1,684.09,684.09,1,0,1,10,0,25,25,60,High
251,Christopher Moore,West,High,1,7046.31,7046.31,1,0,3,10,0,25,25,60,High
252,Sarah Odom,West,Medium,4,4382.22,17528.89,3,0,1,25,0,25,12,62,High
253,Stacy Morgan,East,High,0,,0.0,0,0,1,0,0,25,25,50,Medium
254,Abigail Herrera,West,High,1,4748.88,4748.88,0,0,0,0,0,0,25,25,Low
255,Cody Baker,West,Low,1,6382.82,6382.82,1,0,1,10,0,25,0,35,Medium
256,Ariana Prince,East,Medium,1,3059.82,3059.82,1,0,2,10,0,25,12,47,Medium
257,Stephanie Hayes,South,High,0,,0.0,0,0,1,0,0,25,25,50,Medium
258,Crystal Lopez,West,High,0,,0.0,0,0,0,0,0,0,25,25,Low
259,Christopher Moore,West,High,1,5586.2,5586.2,1,0,1,10,0,25,25,60,High
260,Casey Cervantes,East,High,0,,0.0,0,0,0,0,0,0,25,25,Low
261,Sheila Price,South,Low,0,,0.0,0,0,0,0,0,0,0,0,Low
262,Amanda Mcmillan,North,Medium,1,2398.96,2398.96,1,0,1,10,0,25,12,47,Medium
263,Travis Taylor,North,Medium,1,4503.43,4503.43,1,0,2,10,0,25,12,47,Medium
264,Haley Willis,North,Low,0,,0.0,0,0,0,0,0,0,0,0,Low
265,Alicia Martin,North,Medium,1,5719.56,5719.56,0,0,1,0,0,25,12,37,Medium
266,Miss Stephanie Middleton,North,Medium,0,,0.0,0,0,1,0,0,25,12,37,Medium
267,Kenneth King,North,Medium,2,4284.94,8569.89,1,0,1,10,0,25,12,47,Medium
268,Ryan Fox,South,High,4,6178.97,24715.88,1,0,0,10,0,0,25,35,Medium
269,Brandy Anderson,South,High,0,,0.0,0,0,3,0,0,25,25,50,Medium
270,Daniel Mason,South,Low,1,9934.56,9934.56,1,1,0,10,12,0,0,22,Low
271,Valerie Robinson,East,Low,2,8220.72,16441.44,1,1,0,10,12,0,0,22,Low
272,Darryl Pearson,West,High,0,,0.0,0,0,1,0,0,25,25,50,Medium
273,Adam Caldwell,South,Low,2,3774.58,7549.16,0,0,0,0,0,0,0,0,Low
274,Michael Velasquez,North,High,0,,0.0,0,0,0,0,0,0,25,25,Low
275,Linda Lee,West,Low,1,7354.65,7354.65,1,0,2,10,0,25,0,35,Medium
276,Nicholas Hunt,East,Low,0,,0.0,0,0,1,0,0,25,0,25,Low
277,Brian Marsh,West,Medium,0,,0.0,0,0,0,0,0,0,12,12,Low
278,Joanna Perez,North,Low,0,,0.0,0,0,1,0,0,25,0,25,Low
279,Courtney Nicholson,South,High,0,,0.0,0,0,0,0,0,0,25,25,Low
280,Jacqueline Dennis,West,High,1,4398.44,4398.44,0,0,1,0,0,25,25,50,Medium
281,Marissa Gilbert,South,High,0,,0.0,0,0,2,0,0,25,25,50,Medium
282,Keith Cox,West,High,0,,0.0,0,0,1,0,0,25,25,50,Medium
283,Kimberly Bates,North,High,0,,0.0,0,0,0,0,0,0,25,25,Low
284,Jennifer Coleman,East,Low,1,6981.48,6981.48,1,0,3,10,0,25,0,35,Medium
285,Daniel Smith,South,Low,2,6987.53,13975.06,1,0,0,10,0,0,0,10,Low
286,Kevin Martin,West,Low,1,4247.92,4247.92,1,0,1,10,0,25,0,35,Medium
287,Julia Cherry,South,Medium,0,,0.0,0,0,2,0,0,25,12,37,Medium
288,Emily Aguilar,North,Low,3,5436.09,16308.27,0,0,0,0,0,0,0,0,Low
289,Brian Shelton,South,High,1,1075.12,1075.12,0,0,1,0,0,25,25,50,Medium
290,Cory Thomas,North,Low,2,3803.95,7607.9,0,0,1,0,0,25,0,25,Low
291,Andrea Martinez,South,Low,1,5144.52,5144.52,0,0,0,0,0,0,0,0,Low
292,Richard Lewis,West,High,1,6766.39,6766.39,1,0,1,10,0,25,25,60,High
293,Linda Jordan,West,High,0,,0.0,0,0,2,0,0,25,25,50,Medium
294,Jill Lynch,North,High,1,8710.94,8710.94,1,0,1,10,0,25,25,60,High
295,Tonya Miller,South,Low,1,7804.25,7804.25,0,0,3,0,0,25,0,25,Low
296,Stacy Mccoy,North,Medium,2,6997.32,13994.64,1,0,0,10,0,0,12,22,Low
297,Marcus Simon,East,High,0,,0.0,0,0,0,0,0,0,25,25,Low
298,Seth Shaw,West,High,1,7764.82,7764.82,0,0,3,0,0,25,25,50,Medium
299,Mark Ritter,East,Low,2,7002.4,14004.81,1,0,1,10,0,25,0,35,Medium
300,Joseph Lee,South,Low,1,3057.17,3057.17,1,0,0,10,0,0,0,10,Low
301,Timothy Contreras,North,Medium,4,5271.78,21087.12,3,1,0,25,12,0,12,49,Medium
302,Catherine Cherry,North,High,0,,0.0,0,0,0,0,0,0,25,25,Low
303,Jeffery Tran,North,High,1,9376.8,9376.8,1,1,1,10,12,25,25,72,High
304,Martin Brown,East,High,0,,0.0,0,0,3,0,0,25,25,50,Medium
305,Bruce Ferguson III,North,Medium,0,,0.0,0,0,0,0,0,0,12,12,Low
306,Michele Smith,North,Low,0,,0.0,0,0,0,0,0,0,0,0,Low
307,Diana Alvarez,North,Medium,1,1105.99,1105.99,1,0,1,10,0,25,12,47,Medium
308,Cynthia Phillips,East,Low,1,7711.75,7711.75,0,0,3,0,0,25,0,25,Low
309,Eric Howell,South,High,1,6343.65,6343.65,1,0,4,10,0,25,25,60,High
310,Diane Owen,East,Medium,1,3349.29,3349.29,1,0,1,10,0,25,12,47,Medium
311,James King,West,Medium,1,9571.68,9571.68,0,1,0,0,12,0,12,24,Low
312,Jessica Lambert,West,Medium,0,,0.0,0,0,2,0,0,25,12,37,Medium
313,Jared Garcia,South,Medium,0,,0.0,0,0,0,0,0,0,12,12,Low
314,Lisa Colon,West,Low,2,7113.41,14226.83,1,1,1,10,12,25,0,47,Medium
315,James Garrett,East,Low,3,8090.54,24271.63,1,0,0,10,0,0,0,10,Low
316,Paul Harmon,East,High,2,2362.39,4724.79,2,0,0,20,0,0,25,45,Medium
317,Kimberly Ramirez,West,Medium,0,,0.0,0,0,2,0,0,25,12,37,Medium
318,Andrea Tanner,West,High,1,4020.19,4020.19,1,0,0,10,0,0,25,35,Medium
319,Shelia Carroll,North,High,2,7068.52,14137.05,1,0,1,10,0,25,25,60,High
320,Renee Lopez,East,High,1,5609.28,5609.28,0,0,0,0,0,0,25,25,Low
321,Kelli Gutierrez,East,Medium,1,6578.16,6578.16,0,0,2,0,0,25,12,37,Medium
322,Erin Fox,East,High,0,,0.0,0,0,0,0,0,0,25,25,Low
323,John Crane,South,Medium,2,5541.02,11082.04,1,0,1,10,0,25,12,47,Medium
324,Adam Hall,North,Medium,0,,0.0,0,0,0,0,0,0,12,12,Low
325,Benjamin Johnston,East,Medium,1,2712.13,2712.13,1,0,0,10,0,0,12,22,Low
326,Maria Martin,South,Low,1,9293.79,9293.79,0,1,1,0,12,25,0,37,Medium
327,Lisa Snyder,West,Low,0,,0.0,0,0,1,0,0,25,0,25,Low
328,Brandon Wright,North,Medium,0,,0.0,0,0,5,0,0,25,12,37,Medium
329,Daniel Boone,West,Low,0,,0.0,0,0,1,0,0,25,0,25,Low
330,Katherine Baker,North,Low,0,,0.0,0,0,0,0,0,0,0,0,Low
331,Melissa Rojas,West,Low,1,1625.93,1625.93,0,0,1,0,0,25,0,25,Low
332,Amber Huff,South,High,0,,0.0,0,0,2,0,0,25,25,50,Medium
333,Christian Escobar,West,High,0,,0.0,0,0,2,0,0,25,25,50,Medium
334,Donna Coleman,West,Low,0,,0.0,0,0,1,0,0,25,0,25,Low
335,Stephen Jackson,South,Medium,1,4011.08,4011.08,0,0,1,0,0,25,12,37,Medium
336,Laura Jimenez,East,High,0,,0.0,0,0,1,0,0,25,25,50,Medium
337,Paul Foley,East,High,1,6501.27,6501.27,0,0,1,0,0,25,25,50,Medium
338,Jason Davis III,East,Low,0,,0.0,0,0,1,0,0,25,0,25,Low
339,James Hunter,North,Medium,1,6276.0,6276.0,0,0,2,0,0,25,12,37,Medium
340,Melissa Garcia,South,Medium,1,4372.02,4372.02,0,0,0,0,0,0,12,12,Low
341,Catherine Ray,East,Medium,0,,0.0,0,0,3,0,0,25,12,37,Medium
342,Trevor Doyle,South,Medium,0,,0.0,0,0,1,0,0,25,12,37,Medium
343,Christopher Anderson,North,Medium,5,5491.6,27458.0,2,0,3,20,0,25,12,57,Medium
344,Sylvia Perez,North,Low,1,9525.79,9525.79,0,1,1,0,12,25,0,37,Medium
345,Amanda Benson,North,Medium,0,,0.0,0,0,2,0,0,25,12,37,Medium
346,John Stephens,West,High,1,3929.07,3929.07,0,0,1,0,0,25,25,50,Medium
347,Sandra Douglas,South,Medium,1,4713.35,4713.35,1,0,3,10,0,25,12,47,Medium
348,Kathleen Collins,South,Medium,1,4915.54,4915.54,1,0,0,10,0,0,12,22,Low
349,Lindsey Tran,East,Medium,1,3433.03,3433.03,1,0,1,10,0,25,12,47,Medium
350,Linda Taylor,North,Low,3,6235.58,18706.74,1,1,1,10,12,25,0,47,Medium
351,Jeremy Blake,South,Low,2,7748.42,15496.85,0,0,1,0,0,25,0,25,Low
352,John Benton,South,Low,1,5055.1,5055.1,0,0,3,0,0,25,0,25,Low
353,Jeremy Meyers,South,Low,0,,0.0,0,0,0,0,0,0,0,0,Low
354,Joanne Beltran,South,Low,0,,0.0,0,0,0,0,0,0,0,0,Low
355,Katie Campbell,North,Low,1,1707.44,1707.44,0,0,2,0,0,25,0,25,Low
356,Dakota Burton,South,High,1,9319.83,9319.83,0,1,1,0,12,25,25,62,High
357,Kathryn Shelton,West,High,1,9995.9,9995.9,1,1,2,10,12,25,25,72,High
358,Eric Ramos,North,Low,1,103.07,103.07,0,0,1,0,0,25,0,25,Low
359,Matthew Reyes,West,Low,0,,0.0,0,0,1,0,0,25,0,25,Low
360,James Green,East,Low,0,,0.0,0,0,2,0,0,25,0,25,Low
361,Lori Harris,East,Medium,0,,0.0,0,0,2,0,0,25,12,37,Medium
362,Barbara Hawkins,South,High,0,,0.0,0,0,0,0,0,0,25,25,Low
363,Mary Cook,North,Low,0,,0.0,0,0,1,0,0,25,0,25,Low
364,Jennifer Hawkins,West,High,2,5942.7,11885.41,1,0,4,10,0,25,25,60,High
365,Veronica Bryant,West,Low,0,,0.0,0,0,0,0,0,0,0,0,Low
366,Michelle Martin,South,Medium,1,130.14,130.14,0,0,1,0,0,25,12,37,Medium
367,Nancy Morales DDS,East,High,0,,0.0,0,0,0,0,0,0,25,25,Low
368,Shannon King,West,Low,3,6657.08,19971.25,0,0,0,0,0,0,0,0,Low
369,Lauren Johnson,West,Low,3,4875.16,14625.48,0,1,1,0,12,25,0,37,Medium
370,Tyrone Peters,South,Low,1,9045.09,9045.09,1,1,1,10,12,25,0,47,Medium
371,Tonya Lane,East,Low,2,5231.96,10463.92,0,0,1,0,0,25,0,25,Low
372,Michael Arnold,North,Medium,1,9017.49,9017.49,1,1,0,10,12,0,12,34,Medium
373,Nicole Reed,North,Low,0,,0.0,0,0,2,0,0,25,0,25,Low
374,Matthew Foster,North,High,2,5565.99,11131.99,1,0,2,10,0,25,25,60,High
375,Juan Cruz DDS,North,Low,1,3321.99,3321.99,0,0,1,0,0,25,0,25,Low
376,Scott Adams,South,Low,2,5034.73,10069.47,0,0,0,0,0,0,0,0,Low
377,Joseph Lowe,North,Low,1,4709.74,4709.74,1,0,2,10,0,25,0,35,Medium
378,Jennifer Rodriguez,East,Medium,1,4558.89,4558.89,1,0,0,10,0,0,12,22,Low
379,Brian Gonzalez,South,Low,1,2697.21,2697.21,1,0,1,10,0,25,0,35,Medium
380,Angela Griffin,East,Medium,0,,0.0,0,0,5,0,0,25,12,37,Medium
381,Amanda Newman,East,Low,3,3808.17,11424.52,2,1,0,20,12,0,0,32,Medium
382,Elizabeth Taylor,East,Low,1,3820.24,3820.24,1,0,1,10,0,25,0,35,Medium
383,Daniel Bishop,West,Low,0,,0.0,0,0,2,0,0,25,0,25,Low
384,Elizabeth Hoffman,South,Low,0,,0.0,0,0,0,0,0,0,0,0,Low
385,Patricia Schwartz,East,High,2,6864.18,13728.37,1,0,0,10,0,0,25,35,Medium
386,Phillip Shelton,East,Medium,0,,0.0,0,0,2,0,0,25,12,37,Medium
387,Ashley Dean,West,Medium,3,5708.38,17125.14,2,0,2,20,0,25,12,57,Medium
388,Michael Thompson,North,Medium,1,9746.91,9746.91,0,1,2,0,12,25,12,49,Medium
389,Michelle Watkins,West,Low,1,1555.02,1555.02,0,0,2,0,0,25,0,25,Low
390,Timothy Murphy,East,Medium,1,715.49,715.49,0,0,2,0,0,25,12,37,Medium
391,Jonathan Spencer,North,High,3,9731.53,29194.59,3,3,0,25,25,0,25,75,High
392,Stephanie Young,South,Low,1,7227.93,7227.93,0,0,2,0,0,25,0,25,Low
393,Brooke Padilla,East,Medium,0,,0.0,0,0,1,0,0,25,12,37,Medium
394,Dawn Lopez,East,Medium,2,9302.8,18605.6,0,2,2,0,24,25,12,61,High
395,Sara Brown,East,Medium,1,8054.89,8054.89,1,0,0,10,0,0,12,22,Low
396,Crystal Gonzalez,East,High,0,,0.0,0,0,1,0,0,25,25,50,Medium
397,Steve Johnson,North,Medium,0,,0.0,0,0,1,0,0,25,12,37,Medium
398,William Alexander,East,Medium,0,,0.0,0,0,2,0,0,25,12,37,Medium
399,Mike Lindsey,West,Medium,0,,0.0,0,0,1,0,0,25,12,37,Medium
400,Mary Brewer,South,Low,4,5409.5,21637.99,2,1,0,20,12,0,0,32,Medium
401,Sabrina Williams,South,Medium,1,1815.27,1815.27,1,0,1,10,0,25,12,47,Medium
402,Cynthia Browning,South,Low,2,2871.94,5743.88,0,0,2,0,0,25,0,25,Low
403,Mrs. Kristen Watson,East,High,0,,0.0,0,0,0,0,0,0,25,25,Low
404,Richard Cordova,East,High,1,2618.9,2618.9,1,0,1,10,0,25,25,60,High
405,Travis Hill,South,High,1,9663.3,9663.3,1,1,0,10,12,0,25,47,Medium
406,Sharon Walker,East,Low,0,,0.0,0,0,3,0,0,25,0,25,Low
407,Steven Griffith,West,High,2,3853.13,7706.26,2,0,2,20,0,25,25,70,High
408,Sherry Wells,East,Low,2,5862.09,11724.19,2,0,0,20,0,0,0,20,Low
409,Steve Fox,East,Medium,0,,0.0,0,0,1,0,0,25,12,37,Medium
410,Karen Ramos,North,Medium,0,,0.0,0,0,0,0,0,0,12,12,Low
411,Michelle Harding,West,Medium,1,2965.41,2965.41,1,0,0,10,0,0,12,22,Low
412,Sandra Cervantes,West,Low,2,7145.51,14291.02,1,0,3,10,0,25,0,35,Medium
413,Judith Mejia,North,High,0,,0.0,0,0,0,0,0,0,25,25,Low
414,Jane Garcia,East,Low,1,3554.49,3554.49,0,0,1,0,0,25,0,25,Low
415,Jennifer Murillo,West,Medium,1,3022.37,3022.37,1,0,3,10,0,25,12,47,Medium
416,Nicholas Sloan,North,Medium,1,7531.77,7531.77,1,0,0,10,0,0,12,22,Low
417,Jeffery Marquez,North,Low,0,,0.0,0,0,2,0,0,25,0,25,Low
418,Christopher Goodwin,West,Low,0,,0.0,0,0,0,0,0,0,0,0,Low
419,Heather Baldwin,West,Medium,1,8953.74,8953.74,0,0,3,0,0,25,12,37,Medium
420,Mark Weiss,South,High,0,,0.0,0,0,1,0,0,25,25,50,Medium
421,Jessica Hart,West,Medium,1,9815.7,9815.7,0,1,3,0,12,25,12,49,Medium
422,Veronica Ross,North,High,0,,0.0,0,0,1,0,0,25,25,50,Medium
423,Joshua Ortiz,South,Medium,3,4648.45,13945.34,3,0,1,25,0,25,12,62,High
424,Bobby Franklin,West,High,2,5415.05,10830.09,1,1,0,10,12,0,25,47,Medium
425,Sara Hawkins,South,Medium,0,,0.0,0,0,1,0,0,25,12,37,Medium
426,Daniel Hickman,North,Medium,0,,0.0,0,0,0,0,0,0,12,12,Low
427,Shirley Gordon,East,Medium,0,,0.0,0,0,2,0,0,25,12,37,Medium
428,Shannon Williams,South,High,1,8825.2,8825.2,0,0,1,0,0,25,25,50,Medium
429,Matthew Patel,South,Medium,3,6193.44,18580.32,2,1,2,20,12,25,12,69,High
430,Joshua Brown,West,High,0,,0.0,0,0,0,0,0,0,25,25,Low
431,Sandra Mathis,South,Medium,3,4794.53,14383.59,2,0,0,20,0,0,12,32,Medium
432,Madison Gilmore,South,Medium,0,,0.0,0,0,0,0,0,0,12,12,Low
433,Amanda Lynch,North,Low,1,6391.3,6391.3,0,0,1,0,0,25,0,25,Low
434,Dr. Shawn Shepard,North,High,1,2428.29,2428.29,0,0,3,0,0,25,25,50,Medium
435,Vanessa Kennedy,North,Medium,0,,0.0,0,0,1,0,0,25,12,37,Medium
436,Connie Burton,West,High,2,4253.19,8506.38,2,0,0,20,0,0,25,45,Medium
437,Scott Johnson,South,Low,2,4668.64,9337.27,1,0,0,10,0,0,0,10,Low
438,Robert Lowe,South,High,1,2511.98,2511.98,0,0,0,0,0,0,25,25,Low
439,Laura Fisher,South,Low,1,2480.82,2480.82,1,0,1,10,0,25,0,35,Medium
440,Samuel Burns,West,High,0,,0.0,0,0,1,0,0,25,25,50,Medium
441,Michael Soto,South,Low,0,,0.0,0,0,2,0,0,25,0,25,Low
442,Paul Owens,West,High,1,7084.1,7084.1,1,0,1,10,0,25,25,60,High
443,Michael Rodgers,East,Low,1,2841.25,2841.25,0,0,1,0,0,25,0,25,Low
444,Ronald Bennett,North,Medium,0,,0.0,0,0,1,0,0,25,12,37,Medium
445,Anthony Hunter,West,Medium,1,1549.96,1549.96,0,0,2,0,0,25,12,37,Medium
446,Brandon Snyder,North,Medium,0,,0.0,0,0,1,0,0,25,12,37,Medium
447,Wanda Carter,South,High,1,8230.38,8230.38,0,0,0,0,0,0,25,25,Low
448,Seth Reyes,North,Medium,1,4091.36,4091.36,1,0,1,10,0,25,12,47,Medium
449,Jeffery Thomas,West,Medium,1,4974.08,4974.08,1,0,0,10,0,0,12,22,Low
450,Kaitlyn Bruce,East,Low,1,4766.97,4766.97,0,0,0,0,0,0,0,0,Low
451,Cody Smith,North,Low,1,4123.7,4123.7,1,0,0,10,0,0,0,10,Low
452,John White,South,Low,0,,0.0,0,0,0,0,0,0,0,0,Low
453,Patrick Hendricks,South,Medium,2,5728.05,11456.1,0,0,0,0,0,0,12,12,Low
454,Alexis Conway,West,High,2,4605.6,9211.21,1,0,1,10,0,25,25,60,High
455,Amy Montgomery,South,Low,0,,0.0,0,0,1,0,0,25,0,25,Low
456,Nicole Choi,North,Low,0,,0.0,0,0,0,0,0,0,0,0,Low
457,Amanda Smith,South,Low,1,3302.83,3302.83,1,0,5,10,0,25,0,35,Medium
458,Michael Marshall,South,Medium,3,6883.42,20650.27,2,0,0,20,0,0,12,32,Medium
459,Amber Oliver,South,Low,0,,0.0,0,0,0,0,0,0,0,0,Low
460,Tina Taylor,East,Low,3,3872.96,11618.87,2,0,1,20,0,25,0,45,Medium
461,Tyler Martin,East,Low,1,6353.24,6353.24,0,0,1,0,0,25,0,25,Low
462,Timothy Andrews,East,High,1,9750.32,9750.32,0,1,0,0,12,0,25,37,Medium
463,Victoria Butler,South,Low,0,,0.0,0,0,0,0,0,0,0,0,Low
464,Joshua Richard,North,Low,1,4875.58,4875.58,1,0,1,10,0,25,0,35,Medium
465,Johnathan Frazier,North,Low,0,,0.0,0,0,0,0,0,0,0,0,Low
466,Angela Young,South,High,2,3221.64,6443.27,1,0,0,10,0,0,25,35,Medium
467,Stanley Rowe,South,Medium,1,2126.21,2126.21,1,0,1,10,0,25,12,47,Medium
468,Dawn Hanson,West,High,2,2401.41,4802.81,1,0,0,10,0,0,25,35,Medium
469,Beth Maxwell,East,Medium,2,2648.77,5297.54,0,0,0,0,0,0,12,12,Low
470,Tonya Parsons,South,High,2,2196.52,4393.04,1,0,1,10,0,25,25,60,High
471,William Cook,West,High,1,5555.32,5555.32,0,0,0,0,0,0,25,25,Low
472,Brett Morrison,East,High,1,6168.77,6168.77,1,0,1,10,0,25,25,60,High
473,Hailey Steele,North,Low,0,,0.0,0,0,0,0,0,0,0,0,Low
474,Alyssa Black,East,High,1,8795.33,8795.33,1,0,1,10,0,25,25,60,High
475,Isaac Hutchinson,North,Low,3,4950.1,14850.29,3,0,2,25,0,25,0,50,Medium
476,Carolyn Smith,West,Low,0,,0.0,0,0,1,0,0,25,0,25,Low
477,Vanessa Reyes,South,Medium,0,,0.0,0,0,0,0,0,0,12,12,Low
478,Carol Ward,East,High,1,7721.13,7721.13,1,0,0,10,0,0,25,35,Medium
479,Eric Jones,East,Low,1,2929.82,2929.82,0,0,0,0,0,0,0,0,Low
480,Michelle Young,North,Medium,0,,0.0,0,0,1,0,0,25,12,37,Medium
481,Jenna Payne,North,Low,3,8481.07,25443.21,1,1,2,10,12,25,0,47,Medium
482,Kimberly Owens,North,Medium,1,3150.25,3150.25,0,0,1,0,0,25,12,37,Medium
483,Chad Green,West,High,2,8357.85,16715.71,1,0,1,10,0,25,25,60,High
484,Jason Young,East,Medium,2,4575.39,9150.77,2,0,1,20,0,25,12,57,Medium
485,Joseph Pierce,West,Medium,0,,0.0,0,0,2,0,0,25,12,37,Medium
486,Taylor Molina,South,Low,0,,0.0,0,0,1,0,0,25,0,25,Low
487,Margaret Ochoa,South,Low,0,,0.0,0,0,4,0,0,25,0,25,Low
488,Travis Murray,South,Medium,2,1420.93,2841.86,1,0,0,10,0,0,12,22,Low
489,Linda Bowers,South,Low,0,,0.0,0,0,0,0,0,0,0,0,Low
490,Jacob Lewis,North,Medium,0,,0.0,0,0,2,0,0,25,12,37,Medium
491,Mr. Vincent Cook PhD,South,Low,1,594.82,594.82,1,0,4,10,0,25,0,35,Medium
492,April Ray,North,Medium,1,9482.81,9482.81,0,1,1,0,12,25,12,49,Medium
493,Michelle Rivera,South,Medium,3,4300.95,12902.84,1,0,1,10,0,25,12,47,Medium
494,Steven Ochoa,South,Medium,1,5585.25,5585.25,0,0,1,0,0,25,12,37,Medium
495,Bradley Riddle,South,Low,0,,0.0,0,0,1,0,0,25,0,25,Low
496,Christopher Calhoun,North,Low,2,3742.88,7485.75,1,0,1,10,0,25,0,35,Medium
497,Michelle Guzman,North,Medium,0,,0.0,0,0,1,0,0,25,12,37,Medium
498,Brian Thompson,South,Low,3,7129.03,21387.1,3,1,1,25,12,25,0,62,High
499,Mitchell Kim,East,High,0,,0.0,0,0,0,0,0,0,25,25,Low
500,Dawn Parrish,North,High,1,9240.92,9240.92,1,1,2,10,12,25,25,72,High
501,Travis Galloway,South,Medium,1,9636.4,9636.4,0,1,0,0,12,0,12,24,Low
502,Tiffany Kelly,East,Low,1,463.15,463.15,0,0,1,0,0,25,0,25,Low
503,Charles Willis,South,High,2,5411.17,10822.34,1,0,2,10,0,25,25,60,High
504,Victoria Paul,East,High,0,,0.0,0,0,2,0,0,25,25,50,Medium
505,Lori Olson,East,Medium,3,3664.77,10994.32,0,0,0,0,0,0,12,12,Low
506,Destiny Montgomery,North,Low,1,5776.99,5776.99,1,0,1,10,0,25,0,35,Medium
507,Craig Wilkins,East,High,2,9137.2,18274.41,0,1,0,0,12,0,25,37,Medium
508,Elizabeth Sullivan,North,Low,0,,0.0,0,0,4,0,0,25,0,25,Low
509,Anna Mcdowell,East,High,0,,0.0,0,0,0,0,0,0,25,25,Low
510,Samantha Chase,West,Low,0,,0.0,0,0,0,0,0,0,0,0,Low
511,Rebecca Murray,East,Medium,1,8287.55,8287.55,1,0,0,10,0,0,12,22,Low
512,Erica Rogers,West,High,1,6572.08,6572.08,1,0,2,10,0,25,25,60,High
513,Dawn Stevens,North,Medium,3,3486.09,10458.28,1,0,1,10,0,25,12,47,Medium
514,Daisy Melton,North,High,1,136.69,136.69,0,0,1,0,0,25,25,50,Medium
515,Kathryn Bond,North,High,1,5873.63,5873.63,1,0,0,10,0,0,25,35,Medium
516,Henry Gilbert,North,Medium,1,7233.76,7233.76,0,0,2,0,0,25,12,37,Medium
517,Timothy Murphy,West,Medium,1,8868.4,8868.4,0,0,3,0,0,25,12,37,Medium
518,Christopher Turner,East,Low,0,,0.0,0,0,0,0,0,0,0,0,Low
519,James Osborne,North,Low,3,3564.7,10694.11,2,0,1,20,0,25,0,45,Medium
520,Terry Quinn,West,Medium,1,678.11,678.11,0,0,0,0,0,0,12,12,Low
521,Tiffany Hammond,South,High,0,,0.0,0,0,3,0,0,25,25,50,Medium
522,Danielle Martinez,East,Medium,1,2951.02,2951.02,0,0,0,0,0,0,12,12,Low
523,Thomas Hernandez,North,High,1,9261.44,9261.44,0,1,2,0,12,25,25,62,High
524,Michelle Bennett MD,North,Low,2,4787.73,9575.47,2,0,1,20,0,25,0,45,Medium
525,Brittany Wagner,South,High,1,9476.66,9476.66,0,1,1,0,12,25,25,62,High
526,Andrew Stone,North,Low,0,,0.0,0,0,1,0,0,25,0,25,Low
527,Michelle Thomas,East,High,2,1265.65,2531.3,1,0,0,10,0,0,25,35,Medium
528,Pamela Galvan,South,Medium,1,1357.0,1357.0,0,0,0,0,0,0,12,12,Low
529,Tiffany Fields,East,Low,1,701.95,701.95,0,0,3,0,0,25,0,25,Low
530,Joanne Wells,West,High,1,922.7,922.7,0,0,2,0,0,25,25,50,Medium
531,Jennifer Thomas,South,Low,1,2330.47,2330.47,1,0,0,10,0,0,0,10,Low
532,Stephanie Hudson,South,Low,3,5911.99,17735.96,0,0,1,0,0,25,0,25,Low
533,Sonya Phillips,West,Medium,1,2316.97,2316.97,0,0,0,0,0,0,12,12,Low
534,Dwayne Mcdonald,West,Medium,1,8269.02,8269.02,1,0,3,10,0,25,12,47,Medium
535,Elizabeth Pena,North,High,0,,0.0,0,0,2,0,0,25,25,50,Medium
536,Matthew Cook,East,Low,2,1991.03,3982.06,2,0,2,20,0,25,0,45,Medium
537,Alexa Shelton,South,Low,3,5134.92,15404.75,2,0,0,20,0,0,0,20,Low
538,Samantha Nelson,North,Medium,0,,0.0,0,0,1,0,0,25,12,37,Medium
539,Joshua Fox,South,High,1,3952.29,3952.29,0,0,1,0,0,25,25,50,Medium
540,Alyssa Bush,East,High,1,31.68,31.68,0,0,1,0,0,25,25,50,Medium
541,Scott Watson,North,High,3,3487.16,10461.49,1,0,3,10,0,25,25,60,High
542,Linda Phillips,South,Low,2,3224.15,6448.3,1,0,2,10,0,25,0,35,Medium
543,Elizabeth Schultz,West,High,0,,0.0,0,0,1,0,0,25,25,50,Medium
544,Bruce Thomas,North,Low,0,,0.0,0,0,2,0,0,25,0,25,Low
545,Kimberly Moore,East,Low,1,2273.83,2273.83,1,0,0,10,0,0,0,10,Low
546,Amy Allen,West,High,0,,0.0,0,0,1,0,0,25,25,50,Medium
547,Joshua Alvarado,South,High,1,1138.43,1138.43,0,0,1,0,0,25,25,50,Medium
548,Daniel Anderson,East,Low,1,4662.69,4662.69,1,0,2,10,0,25,0,35,Medium
549,Stacy Parker,North,Medium,1,5899.61,5899.61,1,0,1,10,0,25,12,47,Medium
550,Shannon Torres,South,High,0,,0.0,0,0,0,0,0,0,25,25,Low
551,Carol Berg,West,Medium,3,2076.42,6229.27,2,0,0,20,0,0,12,32,Medium
552,Jerry Martinez,East,High,1,9805.83,9805.83,0,1,1,0,12,25,25,62,High
553,Erika Stewart MD,East,Medium,2,7115.61,14231.23,1,0,3,10,0,25,12,47,Medium
554,Cody Johnson,West,Low,0,,0.0,0,0,3,0,0,25,0,25,Low
555,Nathan Garza,North,Low,2,5728.89,11457.77,2,0,2,20,0,25,0,45,Medium
556,Theresa Curry,North,Medium,1,1536.46,1536.46,1,0,2,10,0,25,12,47,Medium
557,Lisa Murray,South,Low,2,4330.98,8661.96,1,0,0,10,0,0,0,10,Low
558,Amy Patel,West,High,2,8146.76,16293.51,0,1,2,0,12,25,25,62,High
559,Kathryn Rice,North,High,1,8011.53,8011.53,1,0,3,10,0,25,25,60,High
560,Mark Long,East,Low,0,,0.0,0,0,1,0,0,25,0,25,Low
561,Stacy Smith,East,High,3,5834.49,17503.48,3,1,0,25,12,0,25,62,High
562,Kimberly Davidson DDS,South,Low,1,3690.23,3690.23,0,0,0,0,0,0,0,0,Low
563,Michael Nelson,East,Medium,0,,0.0,0,0,1,0,0,25,12,37,Medium
564,Alicia Gonzalez,East,Low,1,5939.31,5939.31,1,0,0,10,0,0,0,10,Low
565,Mr. Adam Johnson,East,Low,1,3433.1,3433.1,1,0,1,10,0,25,0,35,Medium
566,Scott Wilcox,North,High,1,1295.05,1295.05,1,0,1,10,0,25,25,60,High
567,Rita Myers,North,Low,1,1789.34,1789.34,0,0,1,0,0,25,0,25,Low
568,Annette Adams,South,Medium,1,5059.83,5059.83,0,0,3,0,0,25,12,37,Medium
569,Trevor Trevino,North,Low,1,132.06,132.06,0,0,1,0,0,25,0,25,Low
570,Tara Bennett,East,Low,0,,0.0,0,0,2,0,0,25,0,25,Low
571,Christian Green,East,Low,1,7332.16,7332.16,0,0,0,0,0,0,0,0,Low
572,Stacy Newman,South,Low,1,3145.99,3145.99,0,0,1,0,0,25,0,25,Low
573,David Cochran,South,High,1,3792.94,3792.94,1,0,1,10,0,25,25,60,High
574,Anna Gibson,West,High,1,433.13,433.13,0,0,3,0,0,25,25,50,Medium
575,Holly Moore,North,High,0,,0.0,0,0,1,0,0,25,25,50,Medium
576,Jessica White,South,Medium,0,,0.0,0,0,1,0,0,25,12,37,Medium
577,Kelly Lee,North,High,0,,0.0,0,0,1,0,0,25,25,50,Medium
578,Melinda Alvarado,West,Low,1,6709.07,6709.07,0,0,1,0,0,25,0,25,Low
579,Tony Stokes,South,High,2,5910.31,11820.62,2,0,0,20,0,0,25,45,Medium
580,Jeff Munoz,West,Low,3,6623.89,19871.68,1,2,1,10,24,25,0,59,Medium
581,Tammy Tucker,North,Low,1,5406.76,5406.76,0,0,1,0,0,25,0,25,Low
582,Walter Adams,East,Medium,0,,0.0,0,0,1,0,0,25,12,37,Medium
583,Victoria Lee,West,Medium,2,3304.37,6608.73,1,0,1,10,0,25,12,47,Medium
584,Shannon Moore,North,Medium,0,,0.0,0,0,2,0,0,25,12,37,Medium
585,Wesley Wallace,North,High,2,4818.32,9636.64,2,0,1,20,0,25,25,70,High
586,Shane Stein,North,Medium,1,3364.09,3364.09,0,0,1,0,0,25,12,37,Medium
587,Ashley Williams,West,Low,1,529.14,529.14,1,0,0,10,0,0,0,10,Low
588,Tyler Harrington,West,Medium,0,,0.0,0,0,0,0,0,0,12,12,Low
589,Ashley Sutton,West,Low,0,,0.0,0,0,2,0,0,25,0,25,Low
590,Connie Palmer,West,Low,0,,0.0,0,0,1,0,0,25,0,25,Low
591,David Mcdaniel,South,Medium,1,2903.38,2903.38,0,0,0,0,0,0,12,12,Low
592,Christopher Caldwell,West,High,1,8012.16,8012.16,0,0,0,0,0,0,25,25,Low
593,Erica Marquez,East,Low,2,4352.15,8704.31,1,0,2,10,0,25,0,35,Medium
594,Samantha Morgan,South,Medium,2,3110.56,6221.11,2,0,1,20,0,25,12,57,Medium
595,Sherry Brown,West,Low,2,7704.51,15409.02,1,1,3,10,12,25,0,47,Medium
596,Paul Jackson,East,Medium,0,,0.0,0,0,1,0,0,25,12,37,Medium
597,Michael Dunn,East,High,2,6452.36,12904.73,1,0,2,10,0,25,25,60,High
598,Lindsey Green,West,High,0,,0.0,0,0,0,0,0,0,25,25,Low
599,Stephanie Miller,South,Low,1,8244.88,8244.88,1,0,3,10,0,25,0,35,Medium
600,Bobby Taylor,West,Low,0,,0.0,0,0,1,0,0,25,0,25,Low
601,Melissa Ward,East,High,0,,0.0,0,0,1,0,0,25,25,50,Medium
602,Laura Thomas,West,Low,0,,0.0,0,0,1,0,0,25,0,25,Low
603,Daniel Brown,West,High,0,,0.0,0,0,0,0,0,0,25,25,Low
604,Ruth Travis,West,Low,0,,0.0,0,0,1,0,0,25,0,25,Low
605,Danielle Yang MD,North,High,1,440.31,440.31,1,0,1,10,0,25,25,60,High
606,Nicole Bryant,South,High,0,,0.0,0,0,1,0,0,25,25,50,Medium
607,Jamie Smith,North,High,0,,0.0,0,0,1,0,0,25,25,50,Medium
608,Kristy Stephens,North,High,2,1176.52,2353.04,1,0,0,10,0,0,25,35,Medium
609,Rachel Townsend,North,High,2,4347.47,8694.93,1,0,2,10,0,25,25,60,High
610,Wendy Martin,North,High,0,,0.0,0,0,1,0,0,25,25,50,Medium
611,Sharon Crawford,East,Low,4,4004.44,16017.77,3,0,2,25,0,25,0,50,Medium
612,Diane Hart,West,High,1,6390.85,6390.85,0,0,0,0,0,0,25,25,Low
613,Katelyn Farrell,East,Low,1,9265.02,9265.02,1,1,1,10,12,25,0,47,Medium
614,James Schmidt,North,High,1,6886.38,6886.38,0,0,1,0,0,25,25,50,Medium
615,Samantha Lara,South,High,0,,0.0,0,0,1,0,0,25,25,50,Medium
616,Charles Martinez,East,High,1,9411.5,9411.5,0,1,0,0,12,0,25,37,Medium
617,Amy Perez,South,Medium,0,,0.0,0,0,0,0,0,0,12,12,Low
618,Cheryl Hill,East,High,1,2453.74,2453.74,0,0,2,0,0,25,25,50,Medium
619,Paul Garza,South,Low,0,,0.0,0,0,1,0,0,25,0,25,Low
620,Amy Harris,North,High,0,,0.0,0,0,2,0,0,25,25,50,Medium
621,David Williamson,North,High,2,3640.46,7280.92,1,0,3,10,0,25,25,60,High
622,Melissa May,East,High,1,3261.11,3261.11,0,0,0,0,0,0,25,25,Low
623,Michael Maldonado,South,High,1,7631.71,7631.71,0,0,1,0,0,25,25,50,Medium
624,Paul Mcdonald,West,Medium,1,328.74,328.74,1,0,2,10,0,25,12,47,Medium
625,Lindsey Clark,West,Medium,1,8845.4,8845.4,1,0,0,10,0,0,12,22,Low
626,Deborah Harris,East,Low,2,5811.54,11623.08,2,0,1,20,0,25,0,45,Medium
627,Joshua Farrell,East,Low,0,,0.0,0,0,2,0,0,25,0,25,Low
628,Patricia Wheeler,West,Medium,0,,0.0,0,0,1,0,0,25,12,37,Medium
629,Kevin Walker,North,Low,0,,0.0,0,0,1,0,0,25,0,25,Low
630,Logan Mendez,South,Low,1,3262.58,3262.58,0,0,1,0,0,25,0,25,Low
631,Robert Nunez,North,Medium,1,3153.81,3153.81,1,0,2,10,0,25,12,47,Medium
632,Jason Barnett,North,Medium,0,,0.0,0,0,1,0,0,25,12,37,Medium
633,Mary Vang,South,High,1,5704.22,5704.22,0,0,2,0,0,25,25,50,Medium
634,Denise Cunningham,East,Medium,0,,0.0,0,0,1,0,0,25,12,37,Medium
635,Bradley Fox,South,Medium,0,,0.0,0,0,1,0,0,25,12,37,Medium
636,Brian Jones,South,High,1,8907.32,8907.32,0,0,0,0,0,0,25,25,Low
637,Jeremy Chavez,East,High,0,,0.0,0,0,2,0,0,25,25,50,Medium
638,Patricia Bird,North,Low,2,4754.48,9508.95,0,0,2,0,0,25,0,25,Low
639,Matthew Martinez,East,Low,1,4805.8,4805.8,1,0,2,10,0,25,0,35,Medium
640,Brittany Huber,South,High,1,280.01,280.01,1,0,0,10,0,0,25,35,Medium
641,Lisa Erickson,South,High,0,,0.0,0,0,0,0,0,0,25,25,Low
642,Kristen Rollins,North,Low,1,357.36,357.36,1,0,0,10,0,0,0,10,Low
643,Shannon Ramirez,South,Medium,1,4822.18,4822.18,1,0,1,10,0,25,12,47,Medium
644,Denise Mercado,North,Medium,0,,0.0,0,0,0,0,0,0,12,12,Low
645,Kristen Sanchez,West,Low,1,7054.76,7054.76,0,0,0,0,0,0,0,0,Low
646,Clayton Newman DDS,West,High,3,5183.63,15550.88,1,0,0,10,0,0,25,35,Medium
647,Sarah Johnson,East,Low,0,,0.0,0,0,1,0,0,25,0,25,Low
648,Yvette Rodriguez,North,Medium,0,,0.0,0,0,2,0,0,25,12,37,Medium
649,Ashley Wise,South,Medium,3,6354.98,19064.93,1,1,0,10,12,0,12,34,Medium
650,Joseph Andrews,North,Low,1,3432.85,3432.85,1,0,1,10,0,25,0,35,Medium
651,Mark Arellano,West,Medium,1,6032.62,6032.62,0,0,1,0,0,25,12,37,Medium
652,Amy Holden,South,Low,1,5504.76,5504.76,0,0,1,0,0,25,0,25,Low
653,Mrs. Nancy Harris,East,Low,1,530.93,530.93,0,0,0,0,0,0,0,0,Low
654,David Wright,West,Low,1,4055.84,4055.84,0,0,3,0,0,25,0,25,Low
655,Diana Smith,East,High,2,4342.82,8685.64,1,0,0,10,0,0,25,35,Medium
656,Scott Young,North,High,1,3289.64,3289.64,1,0,1,10,0,25,25,60,High
657,Louis Shaw,West,High,0,,0.0,0,0,2,0,0,25,25,50,Medium
658,Jordan Carr,South,High,1,9912.62,9912.62,0,1,0,0,12,0,25,37,Medium
659,James Juarez,South,Low,1,6688.2,6688.2,0,0,2,0,0,25,0,25,Low
660,Scott Davis,East,Medium,1,1246.47,1246.47,1,0,1,10,0,25,12,47,Medium
661,Carlos Salas,East,Medium,1,6536.11,6536.11,1,0,0,10,0,0,12,22,Low
662,Michelle Davis,West,Low,0,,0.0,0,0,1,0,0,25,0,25,Low
663,Anthony Johnston,East,High,1,8685.31,8685.31,1,0,0,10,0,0,25,35,Medium
664,Melvin Carr,South,Low,1,6080.06,6080.06,0,0,0,0,0,0,0,0,Low
665,Michael Cummings,North,Medium,2,5668.23,11336.45,0,0,1,0,0,25,12,37,Medium
666,Katie Myers,East,High,0,,0.0,0,0,2,0,0,25,25,50,Medium
667,John Williams,East,Low,2,826.32,1652.63,1,0,0,10,0,0,0,10,Low
668,Jessica Reynolds,West,Medium,0,,0.0,0,0,3,0,0,25,12,37,Medium
669,Sheri Schwartz,South,Low,2,2989.0,5978.0,1,0,0,10,0,0,0,10,Low
670,Jennifer Johnson,North,High,3,4918.91,14756.73,1,0,1,10,0,25,25,60,High
671,Alyssa Quinn,East,High,2,5029.24,10058.49,2,0,2,20,0,25,25,70,High
672,Emily Scott,West,Medium,0,,0.0,0,0,2,0,0,25,12,37,Medium
673,Nicole Miller,West,Low,0,,0.0,0,0,0,0,0,0,0,0,Low
674,Aaron Rivera,West,High,3,1939.51,5818.53,2,0,1,20,0,25,25,70,High
675,Danielle Myers,East,Medium,1,58.63,58.63,1,0,0,10,0,0,12,22,Low
676,Heather Brown,West,High,0,,0.0,0,0,1,0,0,25,25,50,Medium
677,Audrey Jones MD,West,High,0,,0.0,0,0,0,0,0,0,25,25,Low
678,Karen Roberson,East,Low,1,204.06,204.06,1,0,0,10,0,0,0,10,Low
679,Michael Watts,East,Medium,1,3924.17,3924.17,0,0,1,0,0,25,12,37,Medium
680,Monica Cook DDS,West,High,1,5933.81,5933.81,1,0,4,10,0,25,25,60,High
681,Sharon Perkins MD,West,High,2,5179.93,10359.87,1,0,1,10,0,25,25,60,High
682,James Le,East,Medium,0,,0.0,0,0,0,0,0,0,12,12,Low
683,John Carney,East,Medium,1,8674.97,8674.97,1,0,1,10,0,25,12,47,Medium
684,Kim Vance,South,Low,0,,0.0,0,0,0,0,0,0,0,0,Low
685,Mark Schultz,West,High,1,6794.99,6794.99,0,0,1,0,0,25,25,50,Medium
686,Kenneth Jacobs,West,High,0,,0.0,0,0,1,0,0,25,25,50,Medium
687,Anna Patterson,East,High,2,7290.95,14581.91,2,1,2,20,12,25,25,82,High
688,Isabel Silva,West,High,0,,0.0,0,0,0,0,0,0,25,25,Low
689,Rachel Hansen,West,High,1,4390.82,4390.82,0,0,2,0,0,25,25,50,Medium
690,Christina Manning,North,High,0,,0.0,0,0,0,0,0,0,25,25,Low
691,Ruth Lewis,East,High,1,2657.98,2657.98,1,0,0,10,0,0,25,35,Medium
692,Brittany Sanchez DDS,North,Low,1,3884.58,3884.58,1,0,0,10,0,0,0,10,Low
693,Austin Perkins,South,High,1,8122.23,8122.23,1,0,1,10,0,25,25,60,High
694,Jeffrey Harding,South,Low,1,7431.94,7431.94,1,0,3,10,0,25,0,35,Medium
695,Tammie Kennedy,North,High,1,5270.88,5270.88,0,0,1,0,0,25,25,50,Medium
696,Roberta Cuevas,North,Medium,1,2421.83,2421.83,0,0,1,0,0,25,12,37,Medium
697,Donald Williams,North,Low,0,,0.0,0,0,1,0,0,25,0,25,Low
698,Christopher Mendez,South,Medium,0,,0.0,0,0,1,0,0,25,12,37,Medium
699,William Ruiz,North,Medium,0,,0.0,0,0,1,0,0,25,12,37,Medium
700,Amanda Barber,West,Medium,0,,0.0,0,0,1,0,0,25,12,37,Medium
701,Bryan Fleming,North,Medium,1,2861.56,2861.56,1,0,0,10,0,0,12,22,Low
702,Jennifer Rodgers,North,Medium,0,,0.0,0,0,0,0,0,0,12,12,Low
703,Elizabeth Diaz DDS,West,Medium,0,,0.0,0,0,1,0,0,25,12,37,Medium
704,Kerry Nelson,North,High,0,,0.0,0,0,0,0,0,0,25,25,Low
705,Peter Mills,East,High,0,,0.0,0,0,0,0,0,0,25,25,Low
706,Diana Torres,South,Low,2,5839.85,11679.71,2,0,2,20,0,25,0,45,Medium
707,Sarah Walker,West,Low,3,6470.55,19411.65,1,1,1,10,12,25,0,47,Medium
708,Lisa Black,West,High,1,9514.35,9514.35,0,1,1,0,12,25,25,62,High
709,Emily Martinez,East,High,1,1782.42,1782.42,0,0,0,0,0,0,25,25,Low
710,Dr. Jason Ortega,South,High,2,2232.63,4465.27,0,0,2,0,0,25,25,50,Medium
711,David Ortiz,South,Medium,0,,0.0,0,0,1,0,0,25,12,37,Medium
712,Jaime Shepard,North,Medium,2,6905.41,13810.82,1,0,1,10,0,25,12,47,Medium
713,Arthur Carter,South,Medium,2,7757.73,15515.46,0,1,0,0,12,0,12,24,Low
714,Alexis Wilson,West,Medium,4,5505.36,22021.45,1,0,1,10,0,25,12,47,Medium
715,Melissa Murray,West,Low,3,4707.13,14121.39,2,0,0,20,0,0,0,20,Low
716,Ryan Hurst,West,Low,0,,0.0,0,0,2,0,0,25,0,25,Low
717,Albert Freeman,North,Medium,2,7480.55,14961.09,1,0,0,10,0,0,12,22,Low
718,Christopher Baxter,North,Medium,2,5366.26,10732.53,0,1,1,0,12,25,12,49,Medium
719,Lawrence Warner,West,Low,2,2498.01,4996.01,1,0,2,10,0,25,0,35,Medium
720,Christopher Lopez,West,Low,1,9391.38,9391.38,0,1,0,0,12,0,0,12,Low
721,John Flynn,West,High,2,6728.9,13457.81,2,0,0,20,0,0,25,45,Medium
722,Melissa Fuller,South,High,0,,0.0,0,0,1,0,0,25,25,50,Medium
723,Jeffrey Garrett,South,Low,1,5130.16,5130.16,1,0,0,10,0,0,0,10,Low
724,Rachel Callahan,North,Medium,1,6789.75,6789.75,1,0,0,10,0,0,12,22,Low
725,Peter James,East,Medium,2,6455.64,12911.28,0,0,0,0,0,0,12,12,Low
726,Tony Harris,South,Low,0,,0.0,0,0,1,0,0,25,0,25,Low
727,Maria Green,East,Low,0,,0.0,0,0,1,0,0,25,0,25,Low
728,Andrew Bell,West,Medium,1,7081.95,7081.95,0,0,1,0,0,25,12,37,Medium
729,Marcia Bruce,South,Medium,1,9501.07,9501.07,0,1,2,0,12,25,12,49,Medium
730,Michael Harrison,North,High,0,,0.0,0,0,0,0,0,0,25,25,Low
731,Tyler Pham,South,Low,1,854.38,854.38,0,0,0,0,0,0,0,0,Low
732,Frank Harris,West,Low,2,5964.51,11929.02,0,0,1,0,0,25,0,25,Low
733,Jessica Byrd,West,High,0,,0.0,0,0,2,0,0,25,25,50,Medium
734,Marcia Cox,West,Low,3,1510.95,4532.85,1,0,1,10,0,25,0,35,Medium
735,Jamie Morgan,East,Medium,1,5704.01,5704.01,1,0,0,10,0,0,12,22,Low
736,Anthony Doyle,East,Low,0,,0.0,0,0,1,0,0,25,0,25,Low
737,Jennifer Wright,East,High,0,,0.0,0,0,1,0,0,25,25,50,Medium
738,Mariah Winters,South,High,1,3334.99,3334.99,0,0,1,0,0,25,25,50,Medium
739,Steven Ritter,East,Low,1,8464.68,8464.68,0,0,2,0,0,25,0,25,Low
740,Ronnie Aguirre,West,Medium,1,8806.2,8806.2,0,0,2,0,0,25,12,37,Medium
741,Sean Peterson,North,Medium,0,,0.0,0,0,1,0,0,25,12,37,Medium
742,Thomas Wright,West,High,2,5583.01,11166.02,1,0,1,10,0,25,25,60,High
743,Rachel Johnson,South,Medium,1,5402.65,5402.65,0,0,1,0,0,25,12,37,Medium
744,Ana Rivas,North,High,1,1014.12,1014.12,0,0,1,0,0,25,25,50,Medium
745,Joshua Warner,East,High,0,,0.0,0,0,1,0,0,25,25,50,Medium
746,Kimberly Hess,West,High,0,,0.0,0,0,0,0,0,0,25,25,Low
747,Karen Hernandez,East,High,1,1804.21,1804.21,1,0,0,10,0,0,25,35,Medium
748,Susan Zuniga,West,High,1,1556.59,1556.59,1,0,1,10,0,25,25,60,High
749,Laura Wright,South,High,1,6155.52,6155.52,1,0,1,10,0,25,25,60,High
750,Melinda Pope,East,Medium,1,9815.99,9815.99,1,1,2,10,12,25,12,59,Medium
751,Tyler Gibbs II,North,High,1,4145.44,4145.44,1,0,1,10,0,25,25,60,High
752,John Smith,North,High,1,4676.44,4676.44,0,0,1,0,0,25,25,50,Medium
753,Thomas Haney,North,Medium,2,6968.58,13937.17,2,0,2,20,0,25,12,57,Medium
754,Jessica Farmer,East,High,2,5399.06,10798.12,1,0,0,10,0,0,25,35,Medium
755,Debbie Parrish DDS,South,Medium,2,2684.35,5368.69,1,0,2,10,0,25,12,47,Medium
756,Joseph Haley,West,Low,0,,0.0,0,0,0,0,0,0,0,0,Low
757,Catherine Fox,South,Low,1,459.49,459.49,0,0,0,0,0,0,0,0,Low
758,Jacob Hunter,South,High,0,,0.0,0,0,0,0,0,0,25,25,Low
759,Juan Lopez,West,Medium,0,,0.0,0,0,1,0,0,25,12,37,Medium
760,Kevin Poole,West,Low,3,3863.4,11590.21,0,0,0,0,0,0,0,0,Low
761,Ashley Evans,East,Medium,0,,0.0,0,0,2,0,0,25,12,37,Medium
762,Randy Mullen,West,Medium,0,,0.0,0,0,1,0,0,25,12,37,Medium
763,Brandi Meadows,South,Low,3,1540.48,4621.45,1,0,0,10,0,0,0,10,Low
764,Brittany Scott,West,Low,0,,0.0,0,0,0,0,0,0,0,0,Low
765,Allen Delgado,East,Medium,1,3064.15,3064.15,0,0,1,0,0,25,12,37,Medium
766,Robert Davidson,East,Low,1,6338.1,6338.1,1,0,1,10,0,25,0,35,Medium
767,Brian Patrick MD,North,High,1,3982.78,3982.78,0,0,1,0,0,25,25,50,Medium
768,Susan Nelson,East,Low,2,2847.93,5695.86,2,0,0,20,0,0,0,20,Low
769,Mary Ross,East,Medium,1,5868.06,5868.06,1,0,1,10,0,25,12,47,Medium
770,Mark Wilson,East,Low,0,,0.0,0,0,2,0,0,25,0,25,Low
771,Jennifer Jimenez,West,Medium,4,5795.33,23181.32,3,1,1,25,12,25,12,74,High
772,Lonnie Brooks Jr.,South,Low,1,2349.21,2349.21,1,0,1,10,0,25,0,35,Medium
773,Danielle Welch,South,Low,1,6902.88,6902.88,0,0,1,0,0,25,0,25,Low
774,Crystal Palmer,North,Medium,0,,0.0,0,0,0,0,0,0,12,12,Low
775,Melissa Obrien,South,Low,1,2411.67,2411.67,1,0,0,10,0,0,0,10,Low
776,Scott Hudson,North,Low,1,2158.33,2158.33,0,0,0,0,0,0,0,0,Low
777,Anna Henson,West,Low,2,3071.73,6143.45,0,0,3,0,0,25,0,25,Low
778,Mark Rogers,East,Low,2,5776.61,11553.23,1,0,1,10,0,25,0,35,Medium
779,Daniel Hawkins,West,Medium,1,4705.28,4705.28,1,0,2,10,0,25,12,47,Medium
780,Tanner Weaver,North,Low,3,5278.84,15836.53,2,1,4,20,12,25,0,57,Medium
781,Jessica Schmitt,South,High,1,5839.21,5839.21,1,0,0,10,0,0,25,35,Medium
782,Robert Williams,West,Low,0,,0.0,0,0,1,0,0,25,0,25,Low
783,Sarah Austin,South,High,0,,0.0,0,0,3,0,0,25,25,50,Medium
784,Jessica Rubio,East,High,6,5130.06,30780.33,3,0,3,25,0,25,25,75,High
785,Curtis Davis,North,Low,3,5375.96,16127.88,2,1,0,20,12,0,0,32,Medium
786,Deborah Reyes,East,High,5,4612.99,23064.96,2,1,1,20,12,25,25,82,High
787,Max Lloyd,East,Low,2,5336.24,10672.47,2,0,0,20,0,0,0,20,Low
788,Michael Soto,North,High,2,4534.11,9068.23,1,0,0,10,0,0,25,35,Medium
789,Cassidy Quinn,East,Medium,2,3201.2,6402.41,0,0,0,0,0,0,12,12,Low
790,Brett Mann,East,Low,0,,0.0,0,0,0,0,0,0,0,0,Low
791,Lindsey Ruiz,North,Medium,1,5298.63,5298.63,0,0,0,0,0,0,12,12,Low
792,Mary Johnson,East,Low,1,8929.57,8929.57,0,0,0,0,0,0,0,0,Low
793,Nathan Hernandez,East,Low,2,4932.53,9865.07,1,0,2,10,0,25,0,35,Medium
794,Lauren Silva MD,East,Low,0,,0.0,0,0,0,0,0,0,0,0,Low
795,Crystal Schultz,West,High,2,6491.71,12983.42,1,0,0,10,0,0,25,35,Medium
796,Julie Padilla,South,Low,0,,0.0,0,0,0,0,0,0,0,0,Low
797,Nicole Medina,East,High,1,4704.76,4704.76,1,0,0,10,0,0,25,35,Medium
798,Gene Perry,South,Low,1,7436.33,7436.33,1,0,1,10,0,25,0,35,Medium
799,Mark Reeves,South,Low,1,1638.54,1638.54,0,0,1,0,0,25,0,25,Low
800,Benjamin Reyes,East,Medium,2,6952.39,13904.77,1,0,2,10,0,25,12,47,Medium
801,Sara Hines,West,High,1,9880.61,9880.61,0,1,2,0,12,25,25,62,High
802,Sarah Roberts,North,Low,2,6491.26,12982.53,1,0,2,10,0,25,0,35,Medium
803,Karen Carter,South,Medium,1,8829.18,8829.18,1,0,1,10,0,25,12,47,Medium
804,Wesley Butler,East,Low,3,5630.51,16891.54,0,0,1,0,0,25,0,25,Low
805,Richard Simpson,North,Low,0,,0.0,0,0,1,0,0,25,0,25,Low
806,Brandon Schultz,North,High,2,1438.1,2876.2,2,0,3,20,0,25,25,70,High
807,Jonathan White,West,High,0,,0.0,0,0,1,0,0,25,25,50,Medium
808,Tiffany Stone,North,High,0,,0.0,0,0,5,0,0,25,25,50,Medium
809,Melissa Carroll,South,High,1,8457.56,8457.56,1,0,1,10,0,25,25,60,High
810,Linda Green,South,High,1,146.95,146.95,1,0,0,10,0,0,25,35,Medium
811,Christian Riley,South,Low,0,,0.0,0,0,0,0,0,0,0,0,Low
812,Barbara Williams,North,High,1,8165.41,8165.41,1,0,1,10,0,25,25,60,High
813,Aimee Wright,West,Medium,1,2592.12,2592.12,1,0,2,10,0,25,12,47,Medium
814,Amy Mitchell,East,Low,0,,0.0,0,0,1,0,0,25,0,25,Low
815,Andrew Strickland,South,Medium,2,3185.47,6370.95,1,0,0,10,0,0,12,22,Low
816,Terri Garcia,West,Medium,1,1015.55,1015.55,1,0,1,10,0,25,12,47,Medium
817,Evan Campbell,West,Low,3,3372.75,10118.25,2,0,0,20,0,0,0,20,Low
818,Patricia Daugherty,West,Low,0,,0.0,0,0,0,0,0,0,0,0,Low
819,Ronald Cortez,East,Low,2,5957.41,11914.82,0,0,3,0,0,25,0,25,Low
820,Steven Hernandez,North,Low,0,,0.0,0,0,1,0,0,25,0,25,Low
821,Brittany Mosley,North,Low,1,905.28,905.28,0,0,1,0,0,25,0,25,Low
822,William Thompson,South,Medium,2,3328.4,6656.8,2,0,1,20,0,25,12,57,Medium
823,Robert Davis,South,Medium,0,,0.0,0,0,1,0,0,25,12,37,Medium
824,Melissa White,East,Low,2,3795.84,7591.68,1,0,2,10,0,25,0,35,Medium
825,Dr. Michelle Warner,South,Low,1,1914.77,1914.77,1,0,1,10,0,25,0,35,Medium
826,John Petersen,South,Low,2,1899.43,3798.87,0,0,1,0,0,25,0,25,Low
827,Kelly Ramirez,West,High,0,,0.0,0,0,2,0,0,25,25,50,Medium
828,Eric Stevens,West,High,0,,0.0,0,0,0,0,0,0,25,25,Low
829,Susan Gibson,South,High,1,4336.54,4336.54,1,0,2,10,0,25,25,60,High
830,Christopher Brown,South,Medium,2,3837.07,7674.14,1,0,1,10,0,25,12,47,Medium
831,Samantha Thompson,North,Low,3,1819.51,5458.53,3,0,0,25,0,0,0,25,Low
832,Susan Watkins,East,Medium,2,5800.3,11600.59,0,0,2,0,0,25,12,37,Medium
833,Helen Williams,North,High,2,4986.41,9972.83,0,0,1,0,0,25,25,50,Medium
834,Kimberly Thompson,East,High,1,6060.93,6060.93,1,0,1,10,0,25,25,60,High
835,Thomas Holland,East,Low,3,6951.76,20855.28,1,0,0,10,0,0,0,10,Low
836,William Adams,West,High,0,,0.0,0,0,2,0,0,25,25,50,Medium
837,Alexis Herrera,North,Medium,1,2593.23,2593.23,0,0,0,0,0,0,12,12,Low
838,Christine Ramirez,North,Medium,2,6114.48,12228.97,2,0,0,20,0,0,12,32,Medium
839,Andre Wilson,West,Medium,1,700.83,700.83,0,0,2,0,0,25,12,37,Medium
840,Sherry Andrade,North,Medium,0,,0.0,0,0,2,0,0,25,12,37,Medium
841,Hailey Miller,North,High,3,2884.6,8653.79,1,0,0,10,0,0,25,35,Medium
842,Abigail Jones,West,High,1,2187.11,2187.11,0,0,1,0,0,25,25,50,Medium
843,Pedro Schwartz,West,High,1,9673.62,9673.62,0,1,1,0,12,25,25,62,High
844,Angela Buck,South,Low,1,1439.14,1439.14,1,0,1,10,0,25,0,35,Medium
845,Timothy Shepard,South,Medium,0,,0.0,0,0,0,0,0,0,12,12,Low
846,Travis Reyes,North,Low,3,4281.32,12843.97,2,0,0,20,0,0,0,20,Low
847,Melissa Parker,North,High,0,,0.0,0,0,1,0,0,25,25,50,Medium
848,Alicia Lewis,East,Medium,0,,0.0,0,0,0,0,0,0,12,12,Low
849,Sarah Mccarty,West,Low,3,7342.88,22028.63,1,1,0,10,12,0,0,22,Low
850,Brittney Murray,South,Medium,2,4413.24,8826.48,0,0,1,0,0,25,12,37,Medium
851,Stephen Richards,West,Medium,2,3747.17,7494.34,0,0,2,0,0,25,12,37,Medium
852,Charles Davis,North,Medium,1,8163.48,8163.48,0,0,0,0,0,0,12,12,Low
853,Stephanie Coleman,South,Low,2,3473.45,6946.9,1,0,1,10,0,25,0,35,Medium
854,Stephen Foster,North,Medium,0,,0.0,0,0,0,0,0,0,12,12,Low
855,Michael Hunt,North,Low,2,8185.05,16370.1,1,1,2,10,12,25,0,47,Medium
856,Amy Blackwell,East,Medium,0,,0.0,0,0,1,0,0,25,12,37,Medium
857,Jeffrey Anderson,West,Medium,3,1722.09,5166.26,1,0,1,10,0,25,12,47,Medium
858,Carol Love,South,Low,0,,0.0,0,0,0,0,0,0,0,0,Low
859,Darren Bernard,West,High,2,6346.88,12693.75,2,0,1,20,0,25,25,70,High
860,Rodney Campbell,South,High,1,977.82,977.82,1,0,0,10,0,0,25,35,Medium
861,Robert Alexander,East,Low,1,7733.22,7733.22,1,0,3,10,0,25,0,35,Medium
862,Christina Hull,West,Medium,0,,0.0,0,0,1,0,0,25,12,37,Medium
863,James Shaffer,North,Medium,0,,0.0,0,0,0,0,0,0,12,12,Low
864,Patricia Hunter,South,Low,2,1787.73,3575.47,0,0,1,0,0,25,0,25,Low
865,David Nolan,East,Medium,0,,0.0,0,0,0,0,0,0,12,12,Low
866,Michelle Gray,West,Medium,2,5312.16,10624.33,1,0,4,10,0,25,12,47,Medium
867,Eric White,West,Medium,2,3818.33,7636.65,0,0,1,0,0,25,12,37,Medium
868,Douglas Martin,South,High,1,9931.19,9931.19,1,1,1,10,12,25,25,72,High
869,Richard Hernandez,West,Medium,0,,0.0,0,0,0,0,0,0,12,12,Low
870,Henry Kelly,East,Medium,1,3973.95,3973.95,0,0,0,0,0,0,12,12,Low
871,Chelsey Green,South,High,1,922.06,922.06,0,0,2,0,0,25,25,50,Medium
872,Bianca Cameron,North,High,1,8596.02,8596.02,0,0,0,0,0,0,25,25,Low
873,Kenneth Martin,West,Medium,0,,0.0,0,0,1,0,0,25,12,37,Medium
874,Johnny Harris,East,Medium,0,,0.0,0,0,0,0,0,0,12,12,Low
875,Benjamin Acosta,West,Low,0,,0.0,0,0,2,0,0,25,0,25,Low
876,April Reed,East,High,2,5214.77,10429.55,1,0,0,10,0,0,25,35,Medium
877,Kimberly Jones,East,High,1,2107.14,2107.14,0,0,2,0,0,25,25,50,Medium
878,John Fisher,North,Medium,2,5062.61,10125.23,1,0,1,10,0,25,12,47,Medium
879,Katie Reid,East,Low,0,,0.0,0,0,1,0,0,25,0,25,Low
880,Tracey Martinez,West,Medium,0,,0.0,0,0,0,0,0,0,12,12,Low
881,Alyssa Roberts,South,Medium,2,6979.36,13958.72,1,1,0,10,12,0,12,34,Medium
882,Kendra Davidson,South,Medium,0,,0.0,0,0,0,0,0,0,12,12,Low
883,Joseph Carlson,South,Medium,1,2330.52,2330.52,0,0,0,0,0,0,12,12,Low
884,Jason Moore,West,Low,1,878.54,878.54,0,0,0,0,0,0,0,0,Low
885,Kenneth Murphy,North,Low,0,,0.0,0,0,1,0,0,25,0,25,Low
886,Katherine Hoover,South,High,3,3150.5,9451.5,0,0,2,0,0,25,25,50,Medium
887,Justin Davies,South,Medium,1,7506.58,7506.58,1,0,0,10,0,0,12,22,Low
888,Shaun Howard,East,Medium,2,5257.68,10515.37,2,1,0,20,12,0,12,44,Medium
889,Brenda Richardson,West,Low,1,3445.8,3445.8,0,0,2,0,0,25,0,25,Low
890,Danielle Chen,East,High,0,,0.0,0,0,1,0,0,25,25,50,Medium
891,Joshua Ferguson,West,High,0,,0.0,0,0,2,0,0,25,25,50,Medium
892,Oscar Greene DVM,South,Low,1,6753.55,6753.55,1,0,1,10,0,25,0,35,Medium
893,Debra Ferguson,West,Low,0,,0.0,0,0,0,0,0,0,0,0,Low
894,Lisa Hines,North,Low,0,,0.0,0,0,1,0,0,25,0,25,Low
895,Ashley White,West,Low,0,,0.0,0,0,1,0,0,25,0,25,Low
896,Matthew Rosario,West,Low,1,2090.42,2090.42,1,0,0,10,0,0,0,10,Low
897,Lauren Lee,West,Low,1,7949.59,7949.59,0,0,1,0,0,25,0,25,Low
898,Caroline Alvarez,North,Medium,1,7676.75,7676.75,0,0,0,0,0,0,12,12,Low
899,Robin Cox,East,High,1,4093.14,4093.14,1,0,3,10,0,25,25,60,High
900,Carolyn Murphy,West,Low,0,,0.0,0,0,0,0,0,0,0,0,Low
901,Michael Nelson,South,Low,0,,0.0,0,0,3,0,0,25,0,25,Low
902,Marcia Jones,North,Medium,0,,0.0,0,0,2,0,0,25,12,37,Medium
903,Stephanie Lewis,West,Medium,1,3955.59,3955.59,1,0,0,10,0,0,12,22,Low
904,Jessica Duke,South,Medium,0,,0.0,0,0,0,0,0,0,12,12,Low
905,Travis Davis,West,High,0,,0.0,0,0,0,0,0,0,25,25,Low
906,Juan Cherry,North,Medium,1,3062.71,3062.71,1,0,2,10,0,25,12,47,Medium
907,Jeremiah Russell,West,Medium,2,8636.44,17272.87,1,0,0,10,0,0,12,22,Low
908,Angel Peterson,East,High,0,,0.0,0,0,1,0,0,25,25,50,Medium
909,Christie Johnson,West,Medium,3,6522.78,19568.35,2,0,2,20,0,25,12,57,Medium
910,Gabriella Rivera,South,High,2,4375.9,8751.8,2,0,1,20,0,25,25,70,High
911,Gary Whitaker,East,High,3,4586.23,13758.7,3,0,1,25,0,25,25,75,High
912,Jeremy Brown,South,High,1,1732.45,1732.45,1,0,0,10,0,0,25,35,Medium
913,Martha Haynes,South,Medium,1,5122.28,5122.28,0,0,0,0,0,0,12,12,Low
914,Rhonda Burton,West,Medium,0,,0.0,0,0,0,0,0,0,12,12,Low
915,Melanie Davis,East,Medium,1,4905.83,4905.83,0,0,0,0,0,0,12,12,Low
916,Melissa Wagner,West,Low,2,4566.02,9132.05,2,0,0,20,0,0,0,20,Low
917,James Clark,South,High,3,7510.28,22530.83,3,0,0,25,0,0,25,50,Medium
918,Douglas Pace,North,Low,0,,0.0,0,0,0,0,0,0,0,0,Low
919,Kathy Koch,South,Low,0,,0.0,0,0,0,0,0,0,0,0,Low
920,Bruce Chavez,East,Medium,0,,0.0,0,0,0,0,0,0,12,12,Low
921,Matthew Alvarez,South,Medium,0,,0.0,0,0,1,0,0,25,12,37,Medium
922,Mckenzie Dudley,East,Medium,0,,0.0,0,0,2,0,0,25,12,37,Medium
923,Jennifer Watts,East,High,2,3659.52,7319.04,0,0,1,0,0,25,25,50,Medium
924,Shelby Howell,North,Low,2,4387.16,8774.33,0,0,3,0,0,25,0,25,Low
925,Breanna Miles,East,Medium,0,,0.0,0,0,3,0,0,25,12,37,Medium
926,Judith Kennedy,South,High,2,3773.12,7546.23,1,0,1,10,0,25,25,60,High
927,Jeremy Tucker,East,Low,0,,0.0,0,0,0,0,0,0,0,0,Low
928,Samuel Clark,North,High,1,6768.72,6768.72,0,0,0,0,0,0,25,25,Low
929,Roger Larson,East,Low,2,8374.08,16748.16,0,1,1,0,12,25,0,37,Medium
930,Haley Harris,East,High,3,5533.68,16601.03,2,1,0,20,12,0,25,57,Medium
931,Alexandria Thomas,East,Medium,0,,0.0,0,0,0,0,0,0,12,12,Low
932,Timothy Thomas,West,Medium,0,,0.0,0,0,0,0,0,0,12,12,Low
933,April Jacobs,East,High,0,,0.0,0,0,0,0,0,0,25,25,Low
934,Spencer Woods,West,Low,1,5625.84,5625.84,0,0,2,0,0,25,0,25,Low
935,Matthew Lopez,South,Low,1,1234.38,1234.38,0,0,0,0,0,0,0,0,Low
936,Zachary Edwards DDS,North,High,1,2237.84,2237.84,1,0,0,10,0,0,25,35,Medium
937,Melissa Smith,West,Low,2,2345.13,4690.25,0,0,1,0,0,25,0,25,Low
938,Beth Logan,West,High,0,,0.0,0,0,2,0,0,25,25,50,Medium
939,Kevin Hudson,East,Low,1,520.42,520.42,1,0,1,10,0,25,0,35,Medium
940,Amy Garrison,West,Medium,0,,0.0,0,0,3,0,0,25,12,37,Medium
941,Gabriela Davis,South,High,2,6424.5,12849.0,1,1,0,10,12,0,25,47,Medium
942,Margaret Huffman,South,High,0,,0.0,0,0,0,0,0,0,25,25,Low
943,Andrea Green,East,Low,1,8656.6,8656.6,0,0,1,0,0,25,0,25,Low
944,Alexa Brown,North,Low,1,8195.84,8195.84,0,0,0,0,0,0,0,0,Low
945,Stephen Terry,North,High,0,,0.0,0,0,0,0,0,0,25,25,Low
946,Jillian Molina,East,Medium,1,4449.37,4449.37,0,0,0,0,0,0,12,12,Low
947,Scott Cruz,West,High,0,,0.0,0,0,1,0,0,25,25,50,Medium
948,Darrell Farmer,South,Low,1,688.99,688.99,0,0,0,0,0,0,0,0,Low
949,Marcus Day,West,Low,0,,0.0,0,0,1,0,0,25,0,25,Low
950,Paula Hart,West,Medium,0,,0.0,0,0,0,0,0,0,12,12,Low
951,Cynthia Williams,South,Medium,0,,0.0,0,0,0,0,0,0,12,12,Low
952,Michael Velez,North,Low,1,663.35,663.35,1,0,0,10,0,0,0,10,Low
953,John Mcdaniel,West,Medium,1,9532.44,9532.44,0,1,1,0,12,25,12,49,Medium
954,Robert Lee,North,Medium,0,,0.0,0,0,0,0,0,0,12,12,Low
955,Rachel Bell,South,Low,4,2840.82,11363.27,2,0,0,20,0,0,0,20,Low
956,Samantha Stanton,South,Medium,1,8857.61,8857.61,0,0,0,0,0,0,12,12,Low
957,Lisa Olson,North,High,2,5932.11,11864.22,2,0,2,20,0,25,25,70,High
958,Marcus Little,North,Low,3,3982.54,11947.63,2,1,2,20,12,25,0,57,Medium
959,Sean Mccarthy,South,Medium,0,,0.0,0,0,1,0,0,25,12,37,Medium
960,Matthew Taylor,East,High,1,6711.31,6711.31,1,0,1,10,0,25,25,60,High
961,Christopher Miller,East,High,1,9821.71,9821.71,0,1,1,0,12,25,25,62,High
962,Vanessa Mckenzie,South,Medium,1,4228.66,4228.66,1,0,3,10,0,25,12,47,Medium
963,Debbie Clark,East,Low,2,3423.54,6847.08,2,0,0,20,0,0,0,20,Low
964,Michael Rojas,East,Medium,0,,0.0,0,0,2,0,0,25,12,37,Medium
965,Margaret Gomez,West,High,3,3935.48,11806.43,2,0,3,20,0,25,25,70,High
966,Christopher Palmer,North,Low,3,7374.84,22124.52,3,1,1,25,12,25,0,62,High
967,Brittney Hubbard,West,High,0,,0.0,0,0,1,0,0,25,25,50,Medium
968,Lindsey Bailey,West,Medium,0,,0.0,0,0,0,0,0,0,12,12,Low
969,David Kelly,East,High,1,3273.65,3273.65,0,0,2,0,0,25,25,50,Medium
970,Joseph Ruiz,West,Low,0,,0.0,0,0,0,0,0,0,0,0,Low
971,Cheryl Garcia,South,Medium,0,,0.0,0,0,1,0,0,25,12,37,Medium
972,Mr. Joshua Morris,West,Low,1,2334.6,2334.6,0,0,3,0,0,25,0,25,Low
973,Douglas Schroeder,East,High,1,2296.82,2296.82,1,0,1,10,0,25,25,60,High
974,Thomas Miranda,North,Medium,1,3735.99,3735.99,1,0,0,10,0,0,12,22,Low
975,Jeff Mullins,South,High,0,,0.0,0,0,0,0,0,0,25,25,Low
976,Dylan Glass,East,Medium,0,,0.0,0,0,3,0,0,25,12,37,Medium
977,Rachael Bishop,North,High,0,,0.0,0,0,0,0,0,0,25,25,Low
978,Jeremy Hays,North,Medium,1,5689.5,5689.5,1,0,0,10,0,0,12,22,Low
979,Kyle Hayes,South,Medium,0,,0.0,0,0,0,0,0,0,12,12,Low
980,Taylor Gaines,West,Low,1,8721.51,8721.51,1,0,1,10,0,25,0,35,Medium
981,Danny Lewis,East,Medium,1,2569.61,2569.61,0,0,0,0,0,0,12,12,Low
982,April Gates,West,Low,1,6043.12,6043.12,0,0,2,0,0,25,0,25,Low
983,Robert Ball,North,Low,0,,0.0,0,0,4,0,0,25,0,25,Low
984,Jeffrey Dawson,South,Medium,0,,0.0,0,0,1,0,0,25,12,37,Medium
985,Travis Nguyen,East,Medium,0,,0.0,0,0,1,0,0,25,12,37,Medium
986,Charles Brown,North,Low,0,,0.0,0,0,1,0,0,25,0,25,Low
987,Denise Maldonado,West,Medium,3,2684.98,8054.94,2,0,1,20,0,25,12,57,Medium
988,James Johnson,East,Medium,1,694.14,694.14,1,0,2,10,0,25,12,47,Medium
989,Ashley Herrera,West,Low,2,6914.0,13828.0,1,0,1,10,0,25,0,35,Medium
990,Ebony Elliott,East,Low,1,2798.56,2798.56,0,0,0,0,0,0,0,0,Low
991,Timothy Morgan,East,Low,0,,0.0,0,0,1,0,0,25,0,25,Low
992,Jorge Bradford,North,High,0,,0.0,0,0,1,0,0,25,25,50,Medium
993,James Allen,South,Low,0,,0.0,0,0,2,0,0,25,0,25,Low
994,Emily Walker,West,Low,1,1756.98,1756.98,0,0,0,0,0,0,0,0,Low
995,Kimberly Sanders,North,Low,1,3571.16,3571.16,1,0,0,10,0,0,0,10,Low
996,Chad Lambert,West,Medium,2,6755.15,13510.29,1,0,4,10,0,25,12,47,Medium
997,Kellie Juarez,South,Low,0,,0.0,0,0,2,0,0,25,0,25,Low
998,Ashley Martin,North,Low,1,6332.92,6332.92,0,0,1,0,0,25,0,25,Low
999,Katelyn Vasquez,North,High,1,9429.64,9429.64,1,1,0,10,12,0,25,47,Medium
1000,Andrew Robinson,West,Low,0,,0.0,0,0,1,0,0,25,0,25,Low
