customer_id,name,region,stated_risk_level,txn_frequency,avg_txn_amount,total_txn_amount,max_txn_amount,high_risk_txn_count,large_txn_count,sanction_count,first_txn_date,last_txn_date
1,Anthony Smith,West,Medium,1,5185.75,5185.75,5185.75,0,0,1,2024-02-18,2024-02-18
2,Brenda Johnson,South,Low,2,6503.46,13006.92,9928.75,1,1,1,2024-07-15,2024-10-30
3,Edwin Soto,North,High,1,3151.21,3151.21,3151.21,1,0,2,2023-12-25,2023-12-25
4,James Campbell,South,Low,4,4092.14,16368.56,6185.55,0,0,3,2024-01-13,2024-11-19
5,Richard Cohen,North,Medium,0,,0.0,,0,0,2,,
6,Ryan Henry,North,Medium,0,,0.0,,0,0,3,,
7,Chris Wong,East,Low,1,4133.14,4133.14,4133.14,1,0,1,2024-06-10,2024-06-10
8,Patrick Spencer,East,Low,1,6583.51,6583.51,6583.51,0,0,1,2024-11-14,2024-11-14
9,James Lopez,East,Medium,3,4593.86,13781.57,7909.91,2,0,1,2024-07-21,2024-11-18
10,Jared Harmon,North,High,3,2462.24,7386.73,3298.52,1,0,1,2024-08-20,2024-09-22
11,Christopher Palmer,East,Low,1,5631.9,5631.9,5631.9,0,0,0,2024-10-11,2024-10-11
12,Alejandra Turner,West,Low,0,,0.0,,0,0,4,,
13,Sarah Harper,East,Low,2,5864.76,11729.52,6884.99,1,0,2,2023-12-18,2024-05-15
14,April Brown,South,Low,1,8724.29,8724.29,8724.29,1,0,3,2023-11-23,2023-11-23
15,Johnny Wilson,South,Low,1,4809.83,4809.83,4809.83,1,0,1,2024-09-30,2024-09-30
16,Jason Lee,North,Low,0,,0.0,,0,0,0,,
17,Deborah Gilbert,North,Low,0,,0.0,,0,0,0,,
18,Frank Myers,West,Medium,1,7750.07,7750.07,7750.07,1,0,2,2024-07-26,2024-07-26
19,Rebekah Alexander,West,Low,3,2430.96,7292.88,3668.41,2,0,0,2023-12-05,2024-05-21
20,Amanda Franklin,West,Medium,0,,0.0,,0,0,0,,
21,Michelle Hart,West,Medium,2,6150.3,12300.6,6445.35,0,0,1,2024-05-28,2024-09-22
22,Lucas Lynch,East,Low,0,,0.0,,0,0,0,,
23,Stephanie Cummings,South,Low,1,5772.74,5772.74,5772.74,0,0,1,2024-08-03,2024-08-03
24,Carolyn Gilmore,West,Low,1,6825.12,6825.12,6825.12,1,0,3,2024-08-20,2024-08-20
25,Laura Smith,South,Low,1,7610.93,7610.93,7610.93,1,0,1,2024-04-19,2024-04-19
26,James Rivera,North,High,0,,0.0,,0,0,1,,
27,Linda Chavez,West,Medium,1,6050.36,6050.36,6050.36,1,0,0,2023-12-02,2023-12-02
28,Steven Pineda,West,Low,2,3693.14,7386.27,7010.93,1,0,3,2024-03-11,2024-07-08
29,Becky Hughes DVM,South,High,1,6418.22,6418.22,6418.22,1,0,1,2024-06-07,2024-06-07
30,Rebekah Rivers,East,Medium,1,980.92,980.92,980.92,1,0,2,2024-03-10,2024-03-10
31,Scott Smith,West,Low,1,8488.58,8488.58,8488.58,0,0,1,2024-08-18,2024-08-18
32,Thomas Gutierrez,East,Low,0,,0.0,,0,0,0,,
33,Tammy Lopez,North,Medium,1,6234.57,6234.57,6234.57,1,0,1,2024-07-04,2024-07-04
34,Jessica Bowman,South,High,2,8131.33,16262.65,9074.28,0,1,0,2024-03-18,2024-04-14
35,Jenny Obrien,South,Low,0,,0.0,,0,0,0,,
36,Shannon Arnold,West,Medium,0,,0.0,,0,0,1,,
37,Jonathan Collins,East,High,2,2955.01,5910.01,4022.74,1,0,2,2024-02-12,2024-04-21
38,James Hubbard,North,Medium,0,,0.0,,0,0,0,,
39,Charles Barnes,South,Low,1,6524.94,6524.94,6524.94,0,0,0,2024-08-05,2024-08-05
40,Amber Anderson,East,Low,1,3597.19,3597.19,3597.19,0,0,1,2023-12-25,2023-12-25
41,Tyler Gray,West,High,1,6712.87,6712.87,6712.87,0,0,0,2024-07-12,2024-07-12
42,Tyler Ferguson,West,Low,0,,0.0,,0,0,0,,
43,Dana Delgado,North,Low,0,,0.0,,0,0,1,,
44,Melanie Rose,South,Low,1,6793.69,6793.69,6793.69,0,0,0,2024-10-09,2024-10-09
45,Nicholas Mccarthy,West,High,1,9662.49,9662.49,9662.49,1,1,2,2024-03-08,2024-03-08
46,Jennifer Saunders,South,Medium,2,1340.72,2681.43,2503.9,1,0,1,2024-06-20,2024-10-28
47,Sarah Lewis,East,High,2,3312.51,6625.02,3910.84,1,0,1,2023-12-26,2024-02-15
48,Nicole Bowers,East,High,1,4148.39,4148.39,4148.39,1,0,1,2024-04-21,2024-04-21
49,John Wells,East,Low,0,,0.0,,0,0,1,,
50,Michelle Gallagher,South,Medium,2,2718.19,5436.37,2723.36,1,0,0,2024-06-05,2024-08-10
51,Michael Rice,North,Medium,0,,0.0,,0,0,0,,
52,Briana Johnson,East,Low,1,7025.51,7025.51,7025.51,1,0,1,2024-01-30,2024-01-30
53,Brandon Maynard,East,Medium,1,823.07,823.07,823.07,1,0,1,2024-04-08,2024-04-08
54,Roger Allison,South,High,2,6731.73,13463.47,6794.4,0,0,0,2024-06-12,2024-08-04
55,Kristina Myers,South,High,0,,0.0,,0,0,0,,
56,Joseph Vincent,South,Low,1,9515.56,9515.56,9515.56,1,1,2,2024-04-18,2024-04-18
57,Dr. Natalie Hernandez,East,Low,1,3548.93,3548.93,3548.93,1,0,1,2024-04-20,2024-04-20
58,Jennifer Bell,West,Low,0,,0.0,,0,0,0,,
59,Rachel Avila,West,High,1,6010.86,6010.86,6010.86,1,0,1,2024-01-01,2024-01-01
60,Heather Parrish,West,Low,1,2136.09,2136.09,2136.09,0,0,1,2024-05-12,2024-05-12
61,George Smith,West,Medium,0,,0.0,,0,0,0,,
62,Stephanie Sanders,West,High,1,467.73,467.73,467.73,0,0,0,2024-06-21,2024-06-21
63,Andrew Harris,West,Low,0,,0.0,,0,0,2,,
64,Tina Farmer,West,Medium,1,4907.27,4907.27,4907.27,1,0,1,2023-12-24,2023-12-24
65,Christopher Coleman,North,Low,0,,0.0,,0,0,3,,
66,Robert Sosa,East,Low,2,4641.93,9283.87,5844.37,1,0,0,2024-01-01,2024-09-27
67,Jessica Moyer,South,Medium,3,1396.78,4190.34,2719.25,1,0,1,2024-01-23,2024-06-28
68,Anthony Nunez,West,Medium,2,3408.07,6816.14,3637.41,1,0,1,2023-12-11,2023-12-16
69,Christopher Morton,West,Medium,0,,0.0,,0,0,2,,
70,Kathleen Larson,North,Medium,0,,0.0,,0,0,0,,
71,John Preston,South,Medium,1,9138.89,9138.89,9138.89,1,1,2,2024-04-14,2024-04-14
72,Bradley Lewis,North,Low,3,7216.26,21648.77,7964.62,2,0,2,2024-03-17,2024-05-29
73,Kathleen Baker,West,Low,0,,0.0,,0,0,1,,
74,Lauren Torres,South,Medium,1,4176.01,4176.01,4176.01,1,0,0,2024-08-15,2024-08-15
75,David Lopez,East,Low,2,4078.45,8156.89,6931.67,1,0,2,2024-02-23,2024-03-06
76,Chelsea Bradley,West,Medium,1,5108.84,5108.84,5108.84,1,0,1,2024-11-04,2024-11-04
77,Elizabeth Davidson,South,Low,1,6801.69,6801.69,6801.69,0,0,2,2024-10-24,2024-10-24
78,Michael Young,South,High,0,,0.0,,0,0,0,,
79,Linda Simpson,North,Medium,3,2648.34,7945.02,3956.41,2,0,1,2024-02-18,2024-08-16
80,Eddie Brown,North,High,0,,0.0,,0,0,0,,
81,Cynthia Christensen,West,Low,2,8858.98,17717.96,9420.27,1,1,1,2024-01-02,2024-06-26
82,Christine Lopez,North,Medium,1,8910.06,8910.06,8910.06,1,0,2,2024-06-18,2024-06-18
83,Daniel Kim,South,Medium,1,8267.66,8267.66,8267.66,0,0,1,2024-01-04,2024-01-04
84,Jennifer Hanson,East,Medium,0,,0.0,,0,0,2,,
85,Randy Campbell,East,Low,1,3786.84,3786.84,3786.84,1,0,2,2024-05-01,2024-05-01
86,Brandon Christensen,North,Low,0,,0.0,,0,0,0,,
87,Ann Mccann,South,High,1,1529.63,1529.63,1529.63,1,0,3,2024-06-21,2024-06-21
88,Denise Pierce,North,Low,1,4131.0,4131.0,4131.0,0,0,0,2024-04-23,2024-04-23
89,Christina Cross,South,Low,3,2650.59,7951.76,4909.12,1,0,0,2024-02-26,2024-07-26
90,Isaiah Cooper,West,High,0,,0.0,,0,0,0,,
91,Tina Murray,North,High,0,,0.0,,0,0,1,,
92,David Krause,West,High,0,,0.0,,0,0,2,,
93,Jeff Thomas,West,Low,2,5617.35,11234.7,9593.95,0,1,1,2024-07-14,2024-11-05
94,David Baker,West,Low,1,9394.08,9394.08,9394.08,1,1,0,2024-05-28,2024-05-28
95,Amy Bates,East,Medium,3,4953.2,14859.61,9856.99,2,1,0,2024-01-19,2024-08-31
96,Tonya Harrison,North,Low,0,,0.0,,0,0,1,,
97,Linda Johnson,East,High,1,224.51,224.51,224.51,0,0,2,2024-09-10,2024-09-10
98,Luis Williamson,South,Medium,0,,0.0,,0,0,2,,
99,Bradley Scott,East,Medium,2,2184.34,4368.69,2723.7,1,0,1,2024-04-15,2024-08-25
100,Christopher Holt,West,Low,2,5821.19,11642.39,8986.67,1,0,0,2024-02-17,2024-06-30
101,Kenneth Patel,South,Medium,0,,0.0,,0,0,1,,
102,Emily Whitney,West,Low,2,3332.01,6664.02,6382.45,2,0,0,2024-04-24,2024-09-03
103,Felicia Johnson,North,High,0,,0.0,,0,0,4,,
104,Stephanie Castro,East,Low,0,,0.0,,0,0,1,,
105,Jennifer Williams,West,Medium,0,,0.0,,0,0,1,,
106,Glenn Gill,West,High,0,,0.0,,0,0,1,,
107,Anna Sutton,East,Low,1,3894.03,3894.03,3894.03,1,0,0,2024-01-07,2024-01-07
108,Robert Bryant,North,High,2,8619.75,17239.49,9337.53,1,1,0,2024-08-14,2024-09-22
109,Angela Garner,East,Low,1,5939.23,5939.23,5939.23,0,0,0,2024-02-28,2024-02-28
110,Kyle Blevins,North,High,0,,0.0,,0,0,1,,
111,Scott Allison,South,Low,0,,0.0,,0,0,0,,
112,Hector Hayden,East,High,0,,0.0,,0,0,1,,
113,Steven Hansen PhD,East,Low,1,5553.1,5553.1,5553.1,1,0,2,2023-11-28,2023-11-28
114,Marissa Foster,North,Medium,0,,0.0,,0,0,0,,
115,Amanda Webb,West,High,2,5560.06,11120.11,8806.59,2,0,1,2024-03-12,2024-04-05
116,Christopher Turner,East,Low,0,,0.0,,0,0,2,,
117,Yolanda Hardy,West,High,1,1472.6,1472.6,1472.6,1,0,1,2024-10-05,2024-10-05
118,Amanda Walker,East,Medium,1,9383.67,9383.67,9383.67,0,1,0,2024-07-31,2024-07-31
119,Joanna Johns,South,Medium,2,3845.29,7690.58,4576.08,2,0,1,2024-02-25,2024-09-30
120,Melinda Rodriguez,East,Low,3,5988.15,17964.44,8034.61,2,0,0,2024-03-30,2024-05-20
121,Lance Hebert,East,High,0,,0.0,,0,0,1,,
122,Angel Harper,East,Low,1,9387.23,9387.23,9387.23,1,1,0,2023-12-22,2023-12-22
123,Philip Underwood,North,High,0,,0.0,,0,0,1,,
124,Marcia Fisher,East,Low,0,,0.0,,0,0,1,,
125,Edwin Cabrera,East,High,0,,0.0,,0,0,0,,
126,Justin Bryant,West,Low,1,5438.63,5438.63,5438.63,1,0,2,2024-09-30,2024-09-30
127,Gina Rios,North,Medium,2,4818.65,9637.3,4988.87,1,0,0,2023-12-12,2024-02-25
128,Angela Mcpherson,East,High,0,,0.0,,0,0,1,,
129,Megan Wilson,West,High,0,,0.0,,0,0,2,,
130,Jesse Mckinney,East,High,2,1764.97,3529.94,2965.15,2,0,1,2024-04-16,2024-05-03
131,Robert Rogers,West,High,0,,0.0,,0,0,0,,
132,Cheryl Gillespie,East,High,1,2721.97,2721.97,2721.97,0,0,1,2023-12-14,2023-12-14
133,Anna Sanders MD,North,Medium,1,1808.53,1808.53,1808.53,0,0,2,2023-11-24,2023-11-24
134,Michele Freeman DVM,West,High,1,3790.68,3790.68,3790.68,0,0,1,2024-01-05,2024-01-05
135,Logan Wilson,West,Medium,0,,0.0,,0,0,1,,
136,Raven Rogers,East,Medium,2,2750.07,5500.14,5139.22,1,0,1,2023-12-12,2024-07-07
137,Christopher Jackson,West,High,1,2230.82,2230.82,2230.82,1,0,2,2024-08-09,2024-08-09
138,Kyle Collins,East,Low,0,,0.0,,0,0,2,,
139,Ronald Duncan,South,Low,2,2936.72,5873.44,5452.55,0,0,1,2024-06-19,2024-08-09
140,Kevin Larson,West,Low,1,6809.58,6809.58,6809.58,0,0,0,2024-06-12,2024-06-12
141,Mary Jordan,West,Low,1,4063.65,4063.65,4063.65,1,0,1,2024-10-14,2024-10-14
142,Billy Lee,North,Medium,2,3769.74,7539.48,3992.58,1,0,1,2024-04-02,2024-06-19
143,Mark Taylor,East,Medium,3,8439.97,25319.9,9480.34,1,2,1,2023-11-23,2024-10-06
144,Douglas Moss,South,High,0,,0.0,,0,0,0,,
145,Dylan Simpson,North,High,3,3647.17,10941.52,8411.99,1,0,0,2023-12-16,2024-06-26
146,Kaitlyn Adams,South,Medium,1,1571.33,1571.33,1571.33,1,0,3,2024-09-21,2024-09-21
147,Amanda Gill,South,Low,1,9322.58,9322.58,9322.58,1,1,0,2023-12-12,2023-12-12
148,Susan Martin,East,Medium,0,,0.0,,0,0,1,,
149,Timothy Fox,South,Low,2,5297.61,10595.22,9294.44,2,1,2,2024-07-08,2024-07-16
150,Benjamin Robinson DVM,East,Medium,1,9183.25,9183.25,9183.25,1,1,2,2024-02-25,2024-02-25
151,Cory Collins,East,High,2,4905.84,9811.67,9509.48,2,1,3,2024-02-17,2024-09-15
152,Robert Jackson,North,High,1,582.94,582.94,582.94,0,0,0,2024-08-19,2024-08-19
153,Karen Yang,West,Low,3,7540.15,22620.44,9016.89,2,1,1,2024-05-20,2024-09-08
154,Nancy Flowers,North,Medium,1,9308.24,9308.24,9308.24,1,1,1,2024-04-21,2024-04-21
155,Christopher Anderson,North,Low,2,4764.46,9528.92,5205.17,1,0,1,2024-06-26,2024-08-22
156,Steven Hunt,North,Medium,2,997.3,1994.61,1980.24,1,0,1,2024-05-03,2024-05-30
157,Dr. John Gonzalez Jr.,North,High,0,,0.0,,0,0,1,,
158,Shannon Allen,North,Low,2,6393.84,12787.68,7536.55,1,0,0,2024-06-06,2024-08-05
159,Jeffrey Lawson,East,High,1,9831.19,9831.19,9831.19,0,1,0,2024-05-13,2024-05-13
160,Sylvia Hess DVM,East,Low,3,5505.93,16517.8,7065.13,3,0,2,2024-01-30,2024-10-26
161,Timothy Moore,South,Medium,1,7020.76,7020.76,7020.76,1,0,3,2024-08-02,2024-08-02
162,Bryan Galloway,East,Medium,2,7557.1,15114.21,8705.3,1,0,3,2024-07-29,2024-11-12
163,Gina Wallace,North,Low,0,,0.0,,0,0,1,,
164,Scott Fernandez,West,Low,1,9203.33,9203.33,9203.33,0,1,0,2024-11-05,2024-11-05
165,Dawn Alexander,East,Low,0,,0.0,,0,0,1,,
166,Maria Griffith,West,High,0,,0.0,,0,0,0,,
167,Joshua Wolf,North,Low,2,4364.52,8729.05,6089.18,2,0,0,2024-01-30,2024-11-08
168,Christina Miller,North,Medium,0,,0.0,,0,0,0,,
169,Nathan Velasquez,East,Medium,3,4259.86,12779.59,7767.43,2,0,2,2024-01-22,2024-11-19
170,Michelle Alvarado,North,Low,1,2084.02,2084.02,2084.02,0,0,0,2024-03-19,2024-03-19
171,Alice Whitney,North,Low,1,3579.57,3579.57,3579.57,0,0,1,2024-07-22,2024-07-22
172,Michael Kelly,North,High,0,,0.0,,0,0,0,,
173,Debbie Clay,North,High,1,9735.81,9735.81,9735.81,0,1,0,2023-11-23,2023-11-23
174,Anthony Taylor,South,Medium,2,5421.22,10842.44,8957.62,2,0,0,2024-08-19,2024-11-18
175,Anthony Gonzales,South,Low,3,2710.72,8132.17,4553.08,1,0,4,2024-01-31,2024-10-13
176,Julie Walker,West,High,2,4309.09,8618.18,7954.56,2,0,0,2024-02-05,2024-07-15
177,Kimberly Martin,South,Low,2,6886.9,13773.79,7309.8,1,0,1,2023-12-26,2024-07-09
178,Tamara Castro,North,High,3,1987.24,5961.71,3463.89,1,0,2,2023-12-06,2024-07-01
179,John Bell,South,High,0,,0.0,,0,0,0,,
180,Jeffrey Kemp,North,Low,0,,0.0,,0,0,0,,
181,Jacob Patton,East,Low,0,,0.0,,0,0,3,,
182,Vickie Scott,North,Low,1,3084.57,3084.57,3084.57,1,0,1,2024-07-24,2024-07-24
183,Daisy Miranda,South,Low,0,,0.0,,0,0,2,,
184,John Keller,West,Low,0,,0.0,,0,0,0,,
185,Ashley Bauer,North,High,2,3171.24,6342.49,5131.22,1,0,0,2024-01-31,2024-10-09
186,Sandra Fleming,South,Medium,0,,0.0,,0,0,1,,
187,Linda Robinson,West,High,2,5788.55,11577.09,6137.93,2,0,0,2024-01-19,2024-10-21
188,Michelle Stone,West,High,0,,0.0,,0,0,0,,
189,Donna Hicks,East,High,1,3272.73,3272.73,3272.73,1,0,0,2024-05-05,2024-05-05
190,Gina Lopez,West,High,2,1698.87,3397.73,2147.56,2,0,1,2024-03-24,2024-09-21
191,Mr. Justin Taylor,South,High,1,5402.23,5402.23,5402.23,0,0,1,2024-04-26,2024-04-26
192,Derrick Anderson,West,High,0,,0.0,,0,0,0,,
193,Manuel Chang,North,Low,1,625.95,625.95,625.95,0,0,0,2024-07-21,2024-07-21
194,Lawrence Morales,South,Medium,0,,0.0,,0,0,2,,
195,Brittany Nelson,West,High,0,,0.0,,0,0,1,,
196,Cristina Goodwin,North,High,3,5620.52,16861.57,9020.73,3,1,1,2024-04-03,2024-11-04
197,Andrew Livingston,South,Medium,1,3457.62,3457.62,3457.62,0,0,2,2024-03-31,2024-03-31
198,Alexander Thomas,East,Low,0,,0.0,,0,0,2,,
199,Michelle Stafford,South,Low,3,5820.93,17462.78,8385.43,3,0,2,2024-05-08,2024-08-27
200,Jason Andersen,East,Low,0,,0.0,,0,0,0,,
201,Sheena Sullivan,East,Medium,1,2103.3,2103.3,2103.3,1,0,1,2024-08-23,2024-08-23
202,Sarah Yang,East,High,0,,0.0,,0,0,2,,
203,Amanda Floyd,West,Low,1,5797.25,5797.25,5797.25,0,0,0,2024-06-04,2024-06-04
204,Brandy Cortez,East,Low,0,,0.0,,0,0,2,,
205,Tina Young,West,High,1,420.03,420.03,420.03,0,0,0,2024-09-04,2024-09-04
206,Erika Lopez,East,High,0,,0.0,,0,0,3,,
207,Nathan Green,North,Medium,2,9484.7,18969.4,9851.24,2,2,0,2023-11-23,2024-02-20
208,Robert Cameron,West,High,1,4210.36,4210.36,4210.36,0,0,0,2023-12-24,2023-12-24
209,Alejandra Butler,East,Low,1,9954.31,9954.31,9954.31,0,1,0,2024-05-08,2024-05-08
210,Alexis Holt,North,Low,1,6094.4,6094.4,6094.4,1,0,2,2024-10-22,2024-10-22
211,Maria Fowler,East,High,1,1816.67,1816.67,1816.67,1,0,2,2024-08-05,2024-08-05
212,Bryan Bennett PhD,South,Medium,3,5984.65,17953.95,7575.61,1,0,0,2024-04-25,2024-09-17
213,Cameron Stafford,West,Medium,1,5013.57,5013.57,5013.57,1,0,2,2024-01-07,2024-01-07
214,Jose Gallagher,North,Low,0,,0.0,,0,0,1,,
215,Elizabeth Davies,West,High,0,,0.0,,0,0,1,,
216,Charles Martinez,North,Medium,1,8480.02,8480.02,8480.02,0,0,0,2024-02-24,2024-02-24
217,Andrew Golden,East,High,1,5426.31,5426.31,5426.31,1,0,1,2024-10-17,2024-10-17
218,Molly Thomas,East,Low,1,1946.99,1946.99,1946.99,0,0,0,2024-07-26,2024-07-26
219,Amber Schwartz,North,Low,0,,0.0,,0,0,1,,
220,Edward Powers,West,High,3,6318.28,18954.83,8740.75,0,0,2,2024-04-23,2024-09-21
221,Christopher Johnson,West,Medium,0,,0.0,,0,0,3,,
222,John Ware,East,Low,1,9964.43,9964.43,9964.43,0,1,2,2024-04-10,2024-04-10
223,Dawn Wilson,North,High,1,6647.48,6647.48,6647.48,1,0,1,2024-03-15,2024-03-15
224,Jonathan Collins,North,High,1,6821.33,6821.33,6821.33,1,0,0,2024-03-05,2024-03-05
225,Robert Ware,West,Medium,1,2861.53,2861.53,2861.53,1,0,1,2024-04-09,2024-04-09
226,Jay Hoffman,East,High,0,,0.0,,0,0,1,,
227,Julie Potts,West,Medium,1,8394.68,8394.68,8394.68,0,0,3,2024-09-14,2024-09-14
228,Andrew Krause,South,High,1,1910.4,1910.4,1910.4,0,0,3,2024-05-04,2024-05-04
229,Rick Williams,West,Low,0,,0.0,,0,0,0,,
230,Gabriela Clark,North,Low,2,6592.69,13185.39,7635.07,0,0,0,2024-04-11,2024-05-12
231,Lauren Miller,West,High,1,3729.47,3729.47,3729.47,1,0,2,2024-09-14,2024-09-14
232,Elizabeth Clark,West,High,0,,0.0,,0,0,3,,
233,Joseph Salazar,South,High,0,,0.0,,0,0,1,,
234,Daniel Ortega,East,High,1,6216.57,6216.57,6216.57,0,0,0,2024-09-14,2024-09-14
235,Tamara Garner,West,High,0,,0.0,,0,0,0,,
236,Carol Hale,South,Medium,0,,0.0,,0,0,1,,
237,Justin Curtis,South,Low,0,,0.0,,0,0,1,,
238,Ashley Rogers,East,Medium,0,,0.0,,0,0,1,,
239,Karen Rice,West,Medium,1,2630.61,2630.61,2630.61,1,0,1,2024-05-26,2024-05-26
240,Jill Harding,East,Medium,1,3740.71,3740.71,3740.71,1,0,1,2024-03-26,2024-03-26
241,Joseph Cole,West,Low,0,,0.0,,0,0,0,,
242,Patricia Carter,East,Medium,1,2209.98,2209.98,2209.98,1,0,2,2024-10-30,2024-10-30
243,Seth Anderson,East,Low,1,5006.46,5006.46,5006.46,0,0,3,2024-07-28,2024-07-28
244,Jack Barnes,South,High,1,5153.8,5153.8,5153.8,1,0,1,2024-04-27,2024-04-27
245,Christina Waters,North,Medium,2,5223.07,10446.13,5498.1,2,0,0,2024-07-07,2024-11-17
246,Stephen Vega,West,Medium,3,3808.69,11426.06,4942.58,2,0,4,2024-08-06,2024-11-05
247,Rachel Sims,North,Low,4,3236.3,12945.21,5667.24,2,0,0,2024-01-18,2024-08-09
248,Thomas Rodriguez,East,Medium,1,6183.03,6183.03,6183.03,1,0,0,2024-02-29,2024-02-29
249,Janet Anderson DDS,North,Low,3,4506.91,13520.72,6058.5,1,0,2,2023-11-28,2024-10-22
250,Ashley Gardner,West,High,1,684.09,684.09,684.09,1,0,1,2024-09-12,2024-09-12
251,Christopher Moore,West,High,1,7046.31,7046.31,7046.31,1,0,3,2024-07-06,2024-07-06
252,Sarah Odom,West,Medium,4,4382.22,17528.89,6815.88,3,0,1,2024-01-23,2024-09-06
253,Stacy Morgan,East,High,0,,0.0,,0,0,1,,
254,Abigail Herrera,West,High,1,4748.88,4748.88,4748.88,0,0,0,2024-08-08,2024-08-08
255,Cody Baker,West,Low,1,6382.82,6382.82,6382.82,1,0,1,2024-03-01,2024-03-01
256,Ariana Prince,East,Medium,1,3059.82,3059.82,3059.82,1,0,2,2024-05-27,2024-05-27
257,Stephanie Hayes,South,High,0,,0.0,,0,0,1,,
258,Crystal Lopez,West,High,0,,0.0,,0,0,0,,
259,Christopher Moore,West,High,1,5586.2,5586.2,5586.2,1,0,1,2024-08-03,2024-08-03
260,Casey Cervantes,East,High,0,,0.0,,0,0,0,,
261,Sheila Price,South,Low,0,,0.0,,0,0,0,,
262,Amanda Mcmillan,North,Medium,1,2398.96,2398.96,2398.96,1,0,1,2024-03-21,2024-03-21
263,Travis Taylor,North,Medium,1,4503.43,4503.43,4503.43,1,0,2,2024-05-29,2024-05-29
264,Haley Willis,North,Low,0,,0.0,,0,0,0,,
265,Alicia Martin,North,Medium,1,5719.56,5719.56,5719.56,0,0,1,2023-12-14,2023-12-14
266,Miss Stephanie Middleton,North,Medium,0,,0.0,,0,0,1,,
267,Kenneth King,North,Medium,2,4284.94,8569.89,5501.76,1,0,1,2024-07-11,2024-07-25
268,Ryan Fox,South,High,4,6178.97,24715.88,8579.15,1,0,0,2023-12-14,2024-08-25
269,Brandy Anderson,South,High,0,,0.0,,0,0,3,,
270,Daniel Mason,South,Low,1,9934.56,9934.56,9934.56,1,1,0,2024-09-16,2024-09-16
271,Valerie Robinson,East,Low,2,8220.72,16441.44,9895.62,1,1,0,2024-01-15,2024-04-13
272,Darryl Pearson,West,High,0,,0.0,,0,0,1,,
273,Adam Caldwell,South,Low,2,3774.58,7549.16,5524.76,0,0,0,2023-11-28,2024-10-10
274,Michael Velasquez,North,High,0,,0.0,,0,0,0,,
275,Linda Lee,West,Low,1,7354.65,7354.65,7354.65,1,0,2,2024-09-16,2024-09-16
276,Nicholas Hunt,East,Low,0,,0.0,,0,0,1,,
277,Brian Marsh,West,Medium,0,,0.0,,0,0,0,,
278,Joanna Perez,North,Low,0,,0.0,,0,0,1,,
279,Courtney Nicholson,South,High,0,,0.0,,0,0,0,,
280,Jacqueline Dennis,West,High,1,4398.44,4398.44,4398.44,0,0,1,2024-03-20,2024-03-20
281,Marissa Gilbert,South,High,0,,0.0,,0,0,2,,
282,Keith Cox,West,High,0,,0.0,,0,0,1,,
283,Kimberly Bates,North,High,0,,0.0,,0,0,0,,
284,Jennifer Coleman,East,Low,1,6981.48,6981.48,6981.48,1,0,3,2023-12-06,2023-12-06
285,Daniel Smith,South,Low,2,6987.53,13975.06,7300.91,1,0,0,2024-02-21,2024-09-29
286,Kevin Martin,West,Low,1,4247.92,4247.92,4247.92,1,0,1,2024-07-09,2024-07-09
287,Julia Cherry,South,Medium,0,,0.0,,0,0,2,,
288,Emily Aguilar,North,Low,3,5436.09,16308.27,8172.59,0,0,0,2023-11-29,2024-09-07
289,Brian Shelton,South,High,1,1075.12,1075.12,1075.12,0,0,1,2024-08-31,2024-08-31
290,Cory Thomas,North,Low,2,3803.95,7607.9,6512.11,0,0,1,2023-12-09,2024-06-23
291,Andrea Martinez,South,Low,1,5144.52,5144.52,5144.52,0,0,0,2024-02-05,2024-02-05
292,Richard Lewis,West,High,1,6766.39,6766.39,6766.39,1,0,1,2024-08-11,2024-08-11
293,Linda Jordan,West,High,0,,0.0,,0,0,2,,
294,Jill Lynch,North,High,1,8710.94,8710.94,8710.94,1,0,1,2024-09-21,2024-09-21
295,Tonya Miller,South,Low,1,7804.25,7804.25,7804.25,0,0,3,2024-06-17,2024-06-17
296,Stacy Mccoy,North,Medium,2,6997.32,13994.64,8881.09,1,0,0,2024-02-19,2024-06-29
297,Marcus Simon,East,High,0,,0.0,,0,0,0,,
298,Seth Shaw,West,High,1,7764.82,7764.82,7764.82,0,0,3,2024-09-22,2024-09-22
299,Mark Ritter,East,Low,2,7002.4,14004.81,8088.19,1,0,1,2024-02-14,2024-10-03
300,Joseph Lee,South,Low,1,3057.17,3057.17,3057.17,1,0,0,2024-02-17,2024-02-17
301,Timothy Contreras,North,Medium,4,5271.78,21087.12,9790.33,3,1,0,2024-03-07,2024-11-20
302,Catherine Cherry,North,High,0,,0.0,,0,0,0,,
303,Jeffery Tran,North,High,1,9376.8,9376.8,9376.8,1,1,1,2024-07-27,2024-07-27
304,Martin Brown,East,High,0,,0.0,,0,0,3,,
305,Bruce Ferguson III,North,Medium,0,,0.0,,0,0,0,,
306,Michele Smith,North,Low,0,,0.0,,0,0,0,,
307,Diana Alvarez,North,Medium,1,1105.99,1105.99,1105.99,1,0,1,2024-09-02,2024-09-02
308,Cynthia Phillips,East,Low,1,7711.75,7711.75,7711.75,0,0,3,2024-11-18,2024-11-18
309,Eric Howell,South,High,1,6343.65,6343.65,6343.65,1,0,4,2023-12-24,2023-12-24
310,Diane Owen,East,Medium,1,3349.29,3349.29,3349.29,1,0,1,2023-12-01,2023-12-01
311,James King,West,Medium,1,9571.68,9571.68,9571.68,0,1,0,2024-09-04,2024-09-04
312,Jessica Lambert,West,Medium,0,,0.0,,0,0,2,,
313,Jared Garcia,South,Medium,0,,0.0,,0,0,0,,
314,Lisa Colon,West,Low,2,7113.41,14226.83,9683.82,1,1,1,2023-12-03,2024-04-07
315,James Garrett,East,Low,3,8090.54,24271.63,8851.2,1,0,0,2024-02-01,2024-04-17
316,Paul Harmon,East,High,2,2362.39,4724.79,4120.22,2,0,0,2023-12-20,2024-03-19
317,Kimberly Ramirez,West,Medium,0,,0.0,,0,0,2,,
318,Andrea Tanner,West,High,1,4020.19,4020.19,4020.19,1,0,0,2024-05-04,2024-05-04
319,Shelia Carroll,North,High,2,7068.52,14137.05,7633.46,1,0,1,2024-02-10,2024-03-14
320,Renee Lopez,East,High,1,5609.28,5609.28,5609.28,0,0,0,2024-08-29,2024-08-29
321,Kelli Gutierrez,East,Medium,1,6578.16,6578.16,6578.16,0,0,2,2024-01-16,2024-01-16
322,Erin Fox,East,High,0,,0.0,,0,0,0,,
323,John Crane,South,Medium,2,5541.02,11082.04,6208.19,1,0,1,2024-02-17,2024-10-08
324,Adam Hall,North,Medium,0,,0.0,,0,0,0,,
325,Benjamin Johnston,East,Medium,1,2712.13,2712.13,2712.13,1,0,0,2024-10-30,2024-10-30
326,Maria Martin,South,Low,1,9293.79,9293.79,9293.79,0,1,1,2024-05-16,2024-05-16
327,Lisa Snyder,West,Low,0,,0.0,,0,0,1,,
328,Brandon Wright,North,Medium,0,,0.0,,0,0,5,,
329,Daniel Boone,West,Low,0,,0.0,,0,0,1,,
330,Katherine Baker,North,Low,0,,0.0,,0,0,0,,
331,Melissa Rojas,West,Low,1,1625.93,1625.93,1625.93,0,0,1,2024-03-23,2024-03-23
332,Amber Huff,South,High,0,,0.0,,0,0,2,,
333,Christian Escobar,West,High,0,,0.0,,0,0,2,,
334,Donna Coleman,West,Low,0,,0.0,,0,0,1,,
335,Stephen Jackson,South,Medium,1,4011.08,4011.08,4011.08,0,0,1,2024-02-19,2024-02-19
336,Laura Jimenez,East,High,0,,0.0,,0,0,1,,
337,Paul Foley,East,High,1,6501.27,6501.27,6501.27,0,0,1,2024-06-13,2024-06-13
338,Jason Davis III,East,Low,0,,0.0,,0,0,1,,
339,James Hunter,North,Medium,1,6276.0,6276.0,6276.0,0,0,2,2024-08-29,2024-08-29
340,Melissa Garcia,South,Medium,1,4372.02,4372.02,4372.02,0,0,0,2023-11-27,2023-11-27
341,Catherine Ray,East,Medium,0,,0.0,,0,0,3,,
342,Trevor Doyle,South,Medium,0,,0.0,,0,0,1,,
343,Christopher Anderson,North,Medium,5,5491.6,27458.0,8419.59,2,0,3,2023-11-23,2024-11-07
344,Sylvia Perez,North,Low,1,9525.79,9525.79,9525.79,0,1,1,2024-08-13,2024-08-13
345,Amanda Benson,North,Medium,0,,0.0,,0,0,2,,
346,John Stephens,West,High,1,3929.07,3929.07,3929.07,0,0,1,2024-02-06,2024-02-06
347,Sandra Douglas,South,Medium,1,4713.35,4713.35,4713.35,1,0,3,2024-10-10,2024-10-10
348,Kathleen Collins,South,Medium,1,4915.54,4915.54,4915.54,1,0,0,2024-10-15,2024-10-15
349,Lindsey Tran,East,Medium,1,3433.03,3433.03,3433.03,1,0,1,2024-10-02,2024-10-02
350,Linda Taylor,North,Low,3,6235.58,18706.74,9190.51,1,1,1,2024-02-21,2024-11-08
351,Jeremy Blake,South,Low,2,7748.42,15496.85,8329.63,0,0,1,2024-07-06,2024-07-20
352,John Benton,South,Low,1,5055.1,5055.1,5055.1,0,0,3,2024-08-24,2024-08-24
353,Jeremy Meyers,South,Low,0,,0.0,,0,0,0,,
354,Joanne Beltran,South,Low,0,,0.0,,0,0,0,,
355,Katie Campbell,North,Low,1,1707.44,1707.44,1707.44,0,0,2,2024-01-28,2024-01-28
356,Dakota Burton,South,High,1,9319.83,9319.83,9319.83,0,1,1,2024-10-25,2024-10-25
357,Kathryn Shelton,West,High,1,9995.9,9995.9,9995.9,1,1,2,2024-11-16,2024-11-16
358,Eric Ramos,North,Low,1,103.07,103.07,103.07,0,0,1,2023-11-24,2023-11-24
359,Matthew Reyes,West,Low,0,,0.0,,0,0,1,,
360,James Green,East,Low,0,,0.0,,0,0,2,,
361,Lori Harris,East,Medium,0,,0.0,,0,0,2,,
362,Barbara Hawkins,South,High,0,,0.0,,0,0,0,,
363,Mary Cook,North,Low,0,,0.0,,0,0,1,,
364,Jennifer Hawkins,West,High,2,5942.7,11885.41,6032.56,1,0,4,2024-05-31,2024-08-02
365,Veronica Bryant,West,Low,0,,0.0,,0,0,0,,
366,Michelle Martin,South,Medium,1,130.14,130.14,130.14,0,0,1,2024-04-23,2024-04-23
367,Nancy Morales DDS,East,High,0,,0.0,,0,0,0,,
368,Shannon King,West,Low,3,6657.08,19971.25,7292.38,0,0,0,2024-03-01,2024-07-26
369,Lauren Johnson,West,Low,3,4875.16,14625.48,9988.13,0,1,1,2024-06-17,2024-09-27
370,Tyrone Peters,South,Low,1,9045.09,9045.09,9045.09,1,1,1,2024-01-04,2024-01-04
371,Tonya Lane,East,Low,2,5231.96,10463.92,5340.8,0,0,1,2024-02-20,2024-03-17
372,Michael Arnold,North,Medium,1,9017.49,9017.49,9017.49,1,1,0,2024-05-31,2024-05-31
373,Nicole Reed,North,Low,0,,0.0,,0,0,2,,
374,Matthew Foster,North,High,2,5565.99,11131.99,5678.63,1,0,2,2024-06-23,2024-06-30
375,Juan Cruz DDS,North,Low,1,3321.99,3321.99,3321.99,0,0,1,2024-10-19,2024-10-19
376,Scott Adams,South,Low,2,5034.73,10069.47,7312.29,0,0,0,2024-06-30,2024-08-31
377,Joseph Lowe,North,Low,1,4709.74,4709.74,4709.74,1,0,2,2024-11-04,2024-11-04
378,Jennifer Rodriguez,East,Medium,1,4558.89,4558.89,4558.89,1,0,0,2024-07-20,2024-07-20
379,Brian Gonzalez,South,Low,1,2697.21,2697.21,2697.21,1,0,1,2024-08-19,2024-08-19
380,Angela Griffin,East,Medium,0,,0.0,,0,0,5,,
381,Amanda Newman,East,Low,3,3808.17,11424.52,9583.48,2,1,0,2023-12-13,2024-11-05
382,Elizabeth Taylor,East,Low,1,3820.24,3820.24,3820.24,1,0,1,2024-08-13,2024-08-13
383,Daniel Bishop,West,Low,0,,0.0,,0,0,2,,
384,Elizabeth Hoffman,South,Low,0,,0.0,,0,0,0,,
385,Patricia Schwartz,East,High,2,6864.18,13728.37,8594.71,1,0,0,2023-12-13,2024-08-13
386,Phillip Shelton,East,Medium,0,,0.0,,0,0,2,,
387,Ashley Dean,West,Medium,3,5708.38,17125.14,7653.14,2,0,2,2023-12-23,2024-09-09
388,Michael Thompson,North,Medium,1,9746.91,9746.91,9746.91,0,1,2,2024-02-16,2024-02-16
389,Michelle Watkins,West,Low,1,1555.02,1555.02,1555.02,0,0,2,2024-11-04,2024-11-04
390,Timothy Murphy,East,Medium,1,715.49,715.49,715.49,0,0,2,2024-07-11,2024-07-11
391,Jonathan Spencer,North,High,3,9731.53,29194.59,9763.79,3,3,0,2024-04-01,2024-11-03
392,Stephanie Young,South,Low,1,7227.93,7227.93,7227.93,0,0,2,2024-10-28,2024-10-28
393,Brooke Padilla,East,Medium,0,,0.0,,0,0,1,,
394,Dawn Lopez,East,Medium,2,9302.8,18605.6,9432.86,0,2,2,2024-02-15,2024-04-11
395,Sara Brown,East,Medium,1,8054.89,8054.89,8054.89,1,0,0,2024-09-19,2024-09-19
396,Crystal Gonzalez,East,High,0,,0.0,,0,0,1,,
397,Steve Johnson,North,Medium,0,,0.0,,0,0,1,,
398,William Alexander,East,Medium,0,,0.0,,0,0,2,,
399,Mike Lindsey,West,Medium,0,,0.0,,0,0,1,,
400,Mary Brewer,South,Low,4,5409.5,21637.99,9209.03,2,1,0,2024-02-20,2024-10-28
401,Sabrina Williams,South,Medium,1,1815.27,1815.27,1815.27,1,0,1,2023-12-29,2023-12-29
402,Cynthia Browning,South,Low,2,2871.94,5743.88,4320.66,0,0,2,2024-07-17,2024-10-31
403,Mrs. Kristen Watson,East,High,0,,0.0,,0,0,0,,
404,Richard Cordova,East,High,1,2618.9,2618.9,2618.9,1,0,1,2024-02-18,2024-02-18
405,Travis Hill,South,High,1,9663.3,9663.3,9663.3,1,1,0,2024-06-26,2024-06-26
406,Sharon Walker,East,Low,0,,0.0,,0,0,3,,
407,Steven Griffith,West,High,2,3853.13,7706.26,7128.07,2,0,2,2024-05-30,2024-08-11
408,Sherry Wells,East,Low,2,5862.09,11724.19,7018.96,2,0,0,2023-12-14,2024-07-09
409,Steve Fox,East,Medium,0,,0.0,,0,0,1,,
410,Karen Ramos,North,Medium,0,,0.0,,0,0,0,,
411,Michelle Harding,West,Medium,1,2965.41,2965.41,2965.41,1,0,0,2024-05-11,2024-05-11
412,Sandra Cervantes,West,Low,2,7145.51,14291.02,8796.84,1,0,3,2024-05-15,2024-11-17
413,Judith Mejia,North,High,0,,0.0,,0,0,0,,
414,Jane Garcia,East,Low,1,3554.49,3554.49,3554.49,0,0,1,2024-10-01,2024-10-01
415,Jennifer Murillo,West,Medium,1,3022.37,3022.37,3022.37,1,0,3,2024-10-28,2024-10-28
416,Nicholas Sloan,North,Medium,1,7531.77,7531.77,7531.77,1,0,0,2024-02-24,2024-02-24
417,Jeffery Marquez,North,Low,0,,0.0,,0,0,2,,
418,Christopher Goodwin,West,Low,0,,0.0,,0,0,0,,
419,Heather Baldwin,West,Medium,1,8953.74,8953.74,8953.74,0,0,3,2024-06-23,2024-06-23
420,Mark Weiss,South,High,0,,0.0,,0,0,1,,
421,Jessica Hart,West,Medium,1,9815.7,9815.7,9815.7,0,1,3,2024-11-17,2024-11-17
422,Veronica Ross,North,High,0,,0.0,,0,0,1,,
423,Joshua Ortiz,South,Medium,3,4648.45,13945.34,7153.5,3,0,1,2024-08-08,2024-10-30
424,Bobby Franklin,West,High,2,5415.05,10830.09,9019.9,1,1,0,2024-01-16,2024-08-19
425,Sara Hawkins,South,Medium,0,,0.0,,0,0,1,,
426,Daniel Hickman,North,Medium,0,,0.0,,0,0,0,,
427,Shirley Gordon,East,Medium,0,,0.0,,0,0,2,,
428,Shannon Williams,South,High,1,8825.2,8825.2,8825.2,0,0,1,2024-07-16,2024-07-16
429,Matthew Patel,South,Medium,3,6193.44,18580.32,9355.9,2,1,2,2024-01-14,2024-09-18
430,Joshua Brown,West,High,0,,0.0,,0,0,0,,
431,Sandra Mathis,South,Medium,3,4794.53,14383.59,6655.74,2,0,0,2024-02-19,2024-08-30
432,Madison Gilmore,South,Medium,0,,0.0,,0,0,0,,
433,Amanda Lynch,North,Low,1,6391.3,6391.3,6391.3,0,0,1,2024-02-16,2024-02-16
434,Dr. Shawn Shepard,North,High,1,2428.29,2428.29,2428.29,0,0,3,2024-08-28,2024-08-28
435,Vanessa Kennedy,North,Medium,0,,0.0,,0,0,1,,
436,Connie Burton,West,High,2,4253.19,8506.38,5555.16,2,0,0,2024-04-02,2024-08-28
437,Scott Johnson,South,Low,2,4668.64,9337.27,5192.36,1,0,0,2023-12-01,2024-08-30
438,Robert Lowe,South,High,1,2511.98,2511.98,2511.98,0,0,0,2024-07-31,2024-07-31
439,Laura Fisher,South,Low,1,2480.82,2480.82,2480.82,1,0,1,2024-11-02,2024-11-02
440,Samuel Burns,West,High,0,,0.0,,0,0,1,,
441,Michael Soto,South,Low,0,,0.0,,0,0,2,,
442,Paul Owens,West,High,1,7084.1,7084.1,7084.1,1,0,1,2024-01-18,2024-01-18
443,Michael Rodgers,East,Low,1,2841.25,2841.25,2841.25,0,0,1,2023-12-17,2023-12-17
444,Ronald Bennett,North,Medium,0,,0.0,,0,0,1,,
445,Anthony Hunter,West,Medium,1,1549.96,1549.96,1549.96,0,0,2,2024-05-01,2024-05-01
446,Brandon Snyder,North,Medium,0,,0.0,,0,0,1,,
447,Wanda Carter,South,High,1,8230.38,8230.38,8230.38,0,0,0,2024-06-08,2024-06-08
448,Seth Reyes,North,Medium,1,4091.36,4091.36,4091.36,1,0,1,2024-03-07,2024-03-07
449,Jeffery Thomas,West,Medium,1,4974.08,4974.08,4974.08,1,0,0,2024-05-26,2024-05-26
450,Kaitlyn Bruce,East,Low,1,4766.97,4766.97,4766.97,0,0,0,2024-02-01,2024-02-01
451,Cody Smith,North,Low,1,4123.7,4123.7,4123.7,1,0,0,2024-09-22,2024-09-22
452,John White,South,Low,0,,0.0,,0,0,0,,
453,Patrick Hendricks,South,Medium,2,5728.05,11456.1,5942.18,0,0,0,2024-05-03,2024-11-20
454,Alexis Conway,West,High,2,4605.6,9211.21,8919.97,1,0,1,2024-05-19,2024-08-31
455,Amy Montgomery,South,Low,0,,0.0,,0,0,1,,
456,Nicole Choi,North,Low,0,,0.0,,0,0,0,,
457,Amanda Smith,South,Low,1,3302.83,3302.83,3302.83,1,0,5,2024-10-08,2024-10-08
458,Michael Marshall,South,Medium,3,6883.42,20650.27,8445.78,2,0,0,2024-05-07,2024-11-18
459,Amber Oliver,South,Low,0,,0.0,,0,0,0,,
460,Tina Taylor,East,Low,3,3872.96,11618.87,6739.74,2,0,1,2024-02-20,2024-08-05
461,Tyler Martin,East,Low,1,6353.24,6353.24,6353.24,0,0,1,2024-08-17,2024-08-17
462,Timothy Andrews,East,High,1,9750.32,9750.32,9750.32,0,1,0,2023-12-22,2023-12-22
463,Victoria Butler,South,Low,0,,0.0,,0,0,0,,
464,Joshua Richard,North,Low,1,4875.58,4875.58,4875.58,1,0,1,2024-09-18,2024-09-18
465,Johnathan Frazier,North,Low,0,,0.0,,0,0,0,,
466,Angela Young,South,High,2,3221.64,6443.27,3927.74,1,0,0,2024-04-24,2024-07-04
467,Stanley Rowe,South,Medium,1,2126.21,2126.21,2126.21,1,0,1,2024-05-24,2024-05-24
468,Dawn Hanson,West,High,2,2401.41,4802.81,4613.5,1,0,0,2024-05-06,2024-10-25
469,Beth Maxwell,East,Medium,2,2648.77,5297.54,3176.45,0,0,0,2024-05-21,2024-08-09
470,Tonya Parsons,South,High,2,2196.52,4393.04,3914.0,1,0,1,2024-06-18,2024-10-15
471,William Cook,West,High,1,5555.32,5555.32,5555.32,0,0,0,2024-05-01,2024-05-01
472,Brett Morrison,East,High,1,6168.77,6168.77,6168.77,1,0,1,2024-09-24,2024-09-24
473,Hailey Steele,North,Low,0,,0.0,,0,0,0,,
474,Alyssa Black,East,High,1,8795.33,8795.33,8795.33,1,0,1,2023-12-20,2023-12-20
475,Isaac Hutchinson,North,Low,3,4950.1,14850.29,7181.1,3,0,2,2024-07-16,2024-08-22
476,Carolyn Smith,West,Low,0,,0.0,,0,0,1,,
477,Vanessa Reyes,South,Medium,0,,0.0,,0,0,0,,
478,Carol Ward,East,High,1,7721.13,7721.13,7721.13,1,0,0,2024-11-05,2024-11-05
479,Eric Jones,East,Low,1,2929.82,2929.82,2929.82,0,0,0,2024-02-23,2024-02-23
480,Michelle Young,North,Medium,0,,0.0,,0,0,1,,
481,Jenna Payne,North,Low,3,8481.07,25443.21,9104.14,1,1,2,2023-12-01,2024-02-21
482,Kimberly Owens,North,Medium,1,3150.25,3150.25,3150.25,0,0,1,2023-12-30,2023-12-30
483,Chad Green,West,High,2,8357.85,16715.71,8637.82,1,0,1,2024-02-12,2024-11-13
484,Jason Young,East,Medium,2,4575.39,9150.77,6888.92,2,0,1,2024-07-28,2024-08-24
485,Joseph Pierce,West,Medium,0,,0.0,,0,0,2,,
486,Taylor Molina,South,Low,0,,0.0,,0,0,1,,
487,Margaret Ochoa,South,Low,0,,0.0,,0,0,4,,
488,Travis Murray,South,Medium,2,1420.93,2841.86,1585.55,1,0,0,2024-04-14,2024-09-13
489,Linda Bowers,South,Low,0,,0.0,,0,0,0,,
490,Jacob Lewis,North,Medium,0,,0.0,,0,0,2,,
491,Mr. Vincent Cook PhD,South,Low,1,594.82,594.82,594.82,1,0,4,2024-08-17,2024-08-17
492,April Ray,North,Medium,1,9482.81,9482.81,9482.81,0,1,1,2024-03-28,2024-03-28
493,Michelle Rivera,South,Medium,3,4300.95,12902.84,7730.8,1,0,1,2024-04-09,2024-09-17
494,Steven Ochoa,South,Medium,1,5585.25,5585.25,5585.25,0,0,1,2023-12-09,2023-12-09
495,Bradley Riddle,South,Low,0,,0.0,,0,0,1,,
496,Christopher Calhoun,North,Low,2,3742.88,7485.75,5297.67,1,0,1,2023-12-29,2024-04-18
497,Michelle Guzman,North,Medium,0,,0.0,,0,0,1,,
498,Brian Thompson,South,Low,3,7129.03,21387.1,9534.8,3,1,1,2023-12-27,2024-10-17
499,Mitchell Kim,East,High,0,,0.0,,0,0,0,,
500,Dawn Parrish,North,High,1,9240.92,9240.92,9240.92,1,1,2,2023-12-27,2023-12-27
501,Travis Galloway,South,Medium,1,9636.4,9636.4,9636.4,0,1,0,2024-10-09,2024-10-09
502,Tiffany Kelly,East,Low,1,463.15,463.15,463.15,0,0,1,2024-04-12,2024-04-12
503,Charles Willis,South,High,2,5411.17,10822.34,6850.81,1,0,2,2024-06-16,2024-09-05
504,Victoria Paul,East,High,0,,0.0,,0,0,2,,
505,Lori Olson,East,Medium,3,3664.77,10994.32,5835.83,0,0,0,2024-03-20,2024-07-22
506,Destiny Montgomery,North,Low,1,5776.99,5776.99,5776.99,1,0,1,2024-01-30,2024-01-30
507,Craig Wilkins,East,High,2,9137.2,18274.41,9798.69,0,1,0,2024-03-05,2024-05-31
508,Elizabeth Sullivan,North,Low,0,,0.0,,0,0,4,,
509,Anna Mcdowell,East,High,0,,0.0,,0,0,0,,
510,Samantha Chase,West,Low,0,,0.0,,0,0,0,,
511,Rebecca Murray,East,Medium,1,8287.55,8287.55,8287.55,1,0,0,2024-02-08,2024-02-08
512,Erica Rogers,West,High,1,6572.08,6572.08,6572.08,1,0,2,2024-08-25,2024-08-25
513,Dawn Stevens,North,Medium,3,3486.09,10458.28,4342.14,1,0,1,2024-01-30,2024-06-04
514,Daisy Melton,North,High,1,136.69,136.69,136.69,0,0,1,2024-05-19,2024-05-19
515,Kathryn Bond,North,High,1,5873.63,5873.63,5873.63,1,0,0,2024-02-13,2024-02-13
516,Henry Gilbert,North,Medium,1,7233.76,7233.76,7233.76,0,0,2,2024-05-08,2024-05-08
517,Timothy Murphy,West,Medium,1,8868.4,8868.4,8868.4,0,0,3,2024-05-12,2024-05-12
518,Christopher Turner,East,Low,0,,0.0,,0,0,0,,
519,James Osborne,North,Low,3,3564.7,10694.11,5045.59,2,0,1,2023-12-23,2024-09-09
520,Terry Quinn,West,Medium,1,678.11,678.11,678.11,0,0,0,2024-03-05,2024-03-05
521,Tiffany Hammond,South,High,0,,0.0,,0,0,3,,
522,Danielle Martinez,East,Medium,1,2951.02,2951.02,2951.02,0,0,0,2024-11-04,2024-11-04
523,Thomas Hernandez,North,High,1,9261.44,9261.44,9261.44,0,1,2,2024-05-16,2024-05-16
524,Michelle Bennett MD,North,Low,2,4787.73,9575.47,5085.23,2,0,1,2024-03-19,2024-11-18
525,Brittany Wagner,South,High,1,9476.66,9476.66,9476.66,0,1,1,2024-02-18,2024-02-18
526,Andrew Stone,North,Low,0,,0.0,,0,0,1,,
527,Michelle Thomas,East,High,2,1265.65,2531.3,1976.69,1,0,0,2024-01-08,2024-06-18
528,Pamela Galvan,South,Medium,1,1357.0,1357.0,1357.0,0,0,0,2024-02-15,2024-02-15
529,Tiffany Fields,East,Low,1,701.95,701.95,701.95,0,0,3,2024-03-29,2024-03-29
530,Joanne Wells,West,High,1,922.7,922.7,922.7,0,0,2,2024-04-06,2024-04-06
531,Jennifer Thomas,South,Low,1,2330.47,2330.47,2330.47,1,0,0,2024-03-15,2024-03-15
532,Stephanie Hudson,South,Low,3,5911.99,17735.96,7157.74,0,0,1,2024-04-23,2024-10-14
533,Sonya Phillips,West,Medium,1,2316.97,2316.97,2316.97,0,0,0,2024-03-16,2024-03-16
534,Dwayne Mcdonald,West,Medium,1,8269.02,8269.02,8269.02,1,0,3,2023-11-23,2023-11-23
535,Elizabeth Pena,North,High,0,,0.0,,0,0,2,,
536,Matthew Cook,East,Low,2,1991.03,3982.06,2692.99,2,0,2,2024-09-06,2024-11-04
537,Alexa Shelton,South,Low,3,5134.92,15404.75,6392.35,2,0,0,2024-02-18,2024-05-04
538,Samantha Nelson,North,Medium,0,,0.0,,0,0,1,,
539,Joshua Fox,South,High,1,3952.29,3952.29,3952.29,0,0,1,2024-04-21,2024-04-21
540,Alyssa Bush,East,High,1,31.68,31.68,31.68,0,0,1,2024-03-15,2024-03-15
541,Scott Watson,North,High,3,3487.16,10461.49,6935.92,1,0,3,2024-06-09,2024-09-20
542,Linda Phillips,South,Low,2,3224.15,6448.3,4914.22,1,0,2,2024-02-07,2024-11-17
543,Elizabeth Schultz,West,High,0,,0.0,,0,0,1,,
544,Bruce Thomas,North,Low,0,,0.0,,0,0,2,,
545,Kimberly Moore,East,Low,1,2273.83,2273.83,2273.83,1,0,0,2024-07-09,2024-07-09
546,Amy Allen,West,High,0,,0.0,,0,0,1,,
547,Joshua Alvarado,South,High,1,1138.43,1138.43,1138.43,0,0,1,2024-04-09,2024-04-09
548,Daniel Anderson,East,Low,1,4662.69,4662.69,4662.69,1,0,2,2024-03-13,2024-03-13
549,Stacy Parker,North,Medium,1,5899.61,5899.61,5899.61,1,0,1,2024-04-09,2024-04-09
550,Shannon Torres,South,High,0,,0.0,,0,0,0,,
551,Carol Berg,West,Medium,3,2076.42,6229.27,4183.5,2,0,0,2024-01-21,2024-04-10
552,Jerry Martinez,East,High,1,9805.83,9805.83,9805.83,0,1,1,2023-12-04,2023-12-04
553,Erika Stewart MD,East,Medium,2,7115.61,14231.23,7277.08,1,0,3,2023-12-18,2024-07-25
554,Cody Johnson,West,Low,0,,0.0,,0,0,3,,
555,Nathan Garza,North,Low,2,5728.89,11457.77,5857.3,2,0,2,2024-02-02,2024-03-23
556,Theresa Curry,North,Medium,1,1536.46,1536.46,1536.46,1,0,2,2024-10-06,2024-10-06
557,Lisa Murray,South,Low,2,4330.98,8661.96,5909.94,1,0,0,2024-01-18,2024-07-07
558,Amy Patel,West,High,2,8146.76,16293.51,9730.33,0,1,2,2024-01-29,2024-03-25
559,Kathryn Rice,North,High,1,8011.53,8011.53,8011.53,1,0,3,2024-04-12,2024-04-12
560,Mark Long,East,Low,0,,0.0,,0,0,1,,
561,Stacy Smith,East,High,3,5834.49,17503.48,9228.75,3,1,0,2024-04-10,2024-06-17
562,Kimberly Davidson DDS,South,Low,1,3690.23,3690.23,3690.23,0,0,0,2024-09-23,2024-09-23
563,Michael Nelson,East,Medium,0,,0.0,,0,0,1,,
564,Alicia Gonzalez,East,Low,1,5939.31,5939.31,5939.31,1,0,0,2024-09-02,2024-09-02
565,Mr. Adam Johnson,East,Low,1,3433.1,3433.1,3433.1,1,0,1,2024-03-08,2024-03-08
566,Scott Wilcox,North,High,1,1295.05,1295.05,1295.05,1,0,1,2024-01-07,2024-01-07
567,Rita Myers,North,Low,1,1789.34,1789.34,1789.34,0,0,1,2024-07-21,2024-07-21
568,Annette Adams,South,Medium,1,5059.83,5059.83,5059.83,0,0,3,2024-06-03,2024-06-03
569,Trevor Trevino,North,Low,1,132.06,132.06,132.06,0,0,1,2024-02-26,2024-02-26
570,Tara Bennett,East,Low,0,,0.0,,0,0,2,,
571,Christian Green,East,Low,1,7332.16,7332.16,7332.16,0,0,0,2024-09-11,2024-09-11
572,Stacy Newman,South,Low,1,3145.99,3145.99,3145.99,0,0,1,2024-02-07,2024-02-07
573,David Cochran,South,High,1,3792.94,3792.94,3792.94,1,0,1,2024-08-08,2024-08-08
574,Anna Gibson,West,High,1,433.13,433.13,433.13,0,0,3,2024-10-18,2024-10-18
575,Holly Moore,North,High,0,,0.0,,0,0,1,,
576,Jessica White,South,Medium,0,,0.0,,0,0,1,,
577,Kelly Lee,North,High,0,,0.0,,0,0,1,,
578,Melinda Alvarado,West,Low,1,6709.07,6709.07,6709.07,0,0,1,2023-12-30,2023-12-30
579,Tony Stokes,South,High,2,5910.31,11820.62,5929.0,2,0,0,2024-02-23,2024-08-22
580,Jeff Munoz,West,Low,3,6623.89,19871.68,9753.09,1,2,1,2023-12-25,2024-06-19
581,Tammy Tucker,North,Low,1,5406.76,5406.76,5406.76,0,0,1,2024-08-28,2024-08-28
582,Walter Adams,East,Medium,0,,0.0,,0,0,1,,
583,Victoria Lee,West,Medium,2,3304.37,6608.73,6397.02,1,0,1,2024-06-26,2024-10-09
584,Shannon Moore,North,Medium,0,,0.0,,0,0,2,,
585,Wesley Wallace,North,High,2,4818.32,9636.64,8389.31,2,0,1,2024-04-19,2024-06-15
586,Shane Stein,North,Medium,1,3364.09,3364.09,3364.09,0,0,1,2023-11-29,2023-11-29
587,Ashley Williams,West,Low,1,529.14,529.14,529.14,1,0,0,2024-03-30,2024-03-30
588,Tyler Harrington,West,Medium,0,,0.0,,0,0,0,,
589,Ashley Sutton,West,Low,0,,0.0,,0,0,2,,
590,Connie Palmer,West,Low,0,,0.0,,0,0,1,,
591,David Mcdaniel,South,Medium,1,2903.38,2903.38,2903.38,0,0,0,2024-09-01,2024-09-01
592,Christopher Caldwell,West,High,1,8012.16,8012.16,8012.16,0,0,0,2024-03-21,2024-03-21
593,Erica Marquez,East,Low,2,4352.15,8704.31,8046.96,1,0,2,2024-10-30,2024-11-10
594,Samantha Morgan,South,Medium,2,3110.56,6221.11,5050.63,2,0,1,2023-12-15,2024-11-11
595,Sherry Brown,West,Low,2,7704.51,15409.02,9443.32,1,1,3,2024-01-07,2024-06-27
596,Paul Jackson,East,Medium,0,,0.0,,0,0,1,,
597,Michael Dunn,East,High,2,6452.36,12904.73,8986.3,1,0,2,2024-04-10,2024-04-26
598,Lindsey Green,West,High,0,,0.0,,0,0,0,,
599,Stephanie Miller,South,Low,1,8244.88,8244.88,8244.88,1,0,3,2024-05-15,2024-05-15
600,Bobby Taylor,West,Low,0,,0.0,,0,0,1,,
601,Melissa Ward,East,High,0,,0.0,,0,0,1,,
602,Laura Thomas,West,Low,0,,0.0,,0,0,1,,
603,Daniel Brown,West,High,0,,0.0,,0,0,0,,
604,Ruth Travis,West,Low,0,,0.0,,0,0,1,,
605,Danielle Yang MD,North,High,1,440.31,440.31,440.31,1,0,1,2024-05-09,2024-05-09
606,Nicole Bryant,South,High,0,,0.0,,0,0,1,,
607,Jamie Smith,North,High,0,,0.0,,0,0,1,,
608,Kristy Stephens,North,High,2,1176.52,2353.04,1521.92,1,0,0,2023-12-30,2024-01-25
609,Rachel Townsend,North,High,2,4347.47,8694.93,7579.24,1,0,2,2023-12-28,2024-05-20
610,Wendy Martin,North,High,0,,0.0,,0,0,1,,
611,Sharon Crawford,East,Low,4,4004.44,16017.77,6738.35,3,0,2,2023-11-25,2024-10-28
612,Diane Hart,West,High,1,6390.85,6390.85,6390.85,0,0,0,2024-01-20,2024-01-20
613,Katelyn Farrell,East,Low,1,9265.02,9265.02,9265.02,1,1,1,2023-12-19,2023-12-19
614,James Schmidt,North,High,1,6886.38,6886.38,6886.38,0,0,1,2024-08-06,2024-08-06
615,Samantha Lara,South,High,0,,0.0,,0,0,1,,
616,Charles Martinez,East,High,1,9411.5,9411.5,9411.5,0,1,0,2024-01-30,2024-01-30
617,Amy Perez,South,Medium,0,,0.0,,0,0,0,,
618,Cheryl Hill,East,High,1,2453.74,2453.74,2453.74,0,0,2,2024-06-19,2024-06-19
619,Paul Garza,South,Low,0,,0.0,,0,0,1,,
620,Amy Harris,North,High,0,,0.0,,0,0,2,,
621,David Williamson,North,High,2,3640.46,7280.92,4419.37,1,0,3,2024-03-21,2024-10-28
622,Melissa May,East,High,1,3261.11,3261.11,3261.11,0,0,0,2024-09-21,2024-09-21
623,Michael Maldonado,South,High,1,7631.71,7631.71,7631.71,0,0,1,2024-10-10,2024-10-10
624,Paul Mcdonald,West,Medium,1,328.74,328.74,328.74,1,0,2,2024-09-22,2024-09-22
625,Lindsey Clark,West,Medium,1,8845.4,8845.4,8845.4,1,0,0,2024-06-17,2024-06-17
626,Deborah Harris,East,Low,2,5811.54,11623.08,7486.47,2,0,1,2023-12-13,2024-07-02
627,Joshua Farrell,East,Low,0,,0.0,,0,0,2,,
628,Patricia Wheeler,West,Medium,0,,0.0,,0,0,1,,
629,Kevin Walker,North,Low,0,,0.0,,0,0,1,,
630,Logan Mendez,South,Low,1,3262.58,3262.58,3262.58,0,0,1,2023-11-28,2023-11-28
631,Robert Nunez,North,Medium,1,3153.81,3153.81,3153.81,1,0,2,2024-05-09,2024-05-09
632,Jason Barnett,North,Medium,0,,0.0,,0,0,1,,
633,Mary Vang,South,High,1,5704.22,5704.22,5704.22,0,0,2,2024-05-19,2024-05-19
634,Denise Cunningham,East,Medium,0,,0.0,,0,0,1,,
635,Bradley Fox,South,Medium,0,,0.0,,0,0,1,,
636,Brian Jones,South,High,1,8907.32,8907.32,8907.32,0,0,0,2024-03-04,2024-03-04
637,Jeremy Chavez,East,High,0,,0.0,,0,0,2,,
638,Patricia Bird,North,Low,2,4754.48,9508.95,7310.24,0,0,2,2024-02-12,2024-03-10
639,Matthew Martinez,East,Low,1,4805.8,4805.8,4805.8,1,0,2,2024-08-05,2024-08-05
640,Brittany Huber,South,High,1,280.01,280.01,280.01,1,0,0,2024-03-17,2024-03-17
641,Lisa Erickson,South,High,0,,0.0,,0,0,0,,
642,Kristen Rollins,North,Low,1,357.36,357.36,357.36,1,0,0,2024-05-10,2024-05-10
643,Shannon Ramirez,South,Medium,1,4822.18,4822.18,4822.18,1,0,1,2024-09-18,2024-09-18
644,Denise Mercado,North,Medium,0,,0.0,,0,0,0,,
645,Kristen Sanchez,West,Low,1,7054.76,7054.76,7054.76,0,0,0,2023-11-26,2023-11-26
646,Clayton Newman DDS,West,High,3,5183.63,15550.88,7133.35,1,0,0,2024-04-09,2024-08-29
647,Sarah Johnson,East,Low,0,,0.0,,0,0,1,,
648,Yvette Rodriguez,North,Medium,0,,0.0,,0,0,2,,
649,Ashley Wise,South,Medium,3,6354.98,19064.93,9411.22,1,1,0,2024-02-04,2024-10-20
650,Joseph Andrews,North,Low,1,3432.85,3432.85,3432.85,1,0,1,2024-09-01,2024-09-01
651,Mark Arellano,West,Medium,1,6032.62,6032.62,6032.62,0,0,1,2024-06-16,2024-06-16
652,Amy Holden,South,Low,1,5504.76,5504.76,5504.76,0,0,1,2024-10-04,2024-10-04
653,Mrs. Nancy Harris,East,Low,1,530.93,530.93,530.93,0,0,0,2023-11-27,2023-11-27
654,David Wright,West,Low,1,4055.84,4055.84,4055.84,0,0,3,2024-08-05,2024-08-05
655,Diana Smith,East,High,2,4342.82,8685.64,4794.33,1,0,0,2024-05-19,2024-06-28
656,Scott Young,North,High,1,3289.64,3289.64,3289.64,1,0,1,2024-01-26,2024-01-26
657,Louis Shaw,West,High,0,,0.0,,0,0,2,,
658,Jordan Carr,South,High,1,9912.62,9912.62,9912.62,0,1,0,2024-08-20,2024-08-20
659,James Juarez,South,Low,1,6688.2,6688.2,6688.2,0,0,2,2024-08-24,2024-08-24
660,Scott Davis,East,Medium,1,1246.47,1246.47,1246.47,1,0,1,2024-08-12,2024-08-12
661,Carlos Salas,East,Medium,1,6536.11,6536.11,6536.11,1,0,0,2024-08-28,2024-08-28
662,Michelle Davis,West,Low,0,,0.0,,0,0,1,,
663,Anthony Johnston,East,High,1,8685.31,8685.31,8685.31,1,0,0,2024-11-18,2024-11-18
664,Melvin Carr,South,Low,1,6080.06,6080.06,6080.06,0,0,0,2024-09-26,2024-09-26
665,Michael Cummings,North,Medium,2,5668.23,11336.45,8014.13,0,0,1,2023-12-23,2024-03-24
666,Katie Myers,East,High,0,,0.0,,0,0,2,,
667,John Williams,East,Low,2,826.32,1652.63,1497.7,1,0,0,2023-12-04,2024-03-14
668,Jessica Reynolds,West,Medium,0,,0.0,,0,0,3,,
669,Sheri Schwartz,South,Low,2,2989.0,5978.0,3150.06,1,0,0,2024-11-05,2024-11-14
670,Jennifer Johnson,North,High,3,4918.91,14756.73,6929.89,1,0,1,2024-05-16,2024-07-16
671,Alyssa Quinn,East,High,2,5029.24,10058.49,7195.54,2,0,2,2023-12-29,2024-09-02
672,Emily Scott,West,Medium,0,,0.0,,0,0,2,,
673,Nicole Miller,West,Low,0,,0.0,,0,0,0,,
674,Aaron Rivera,West,High,3,1939.51,5818.53,4700.21,2,0,1,2024-02-22,2024-11-22
675,Danielle Myers,East,Medium,1,58.63,58.63,58.63,1,0,0,2024-01-20,2024-01-20
676,Heather Brown,West,High,0,,0.0,,0,0,1,,
677,Audrey Jones MD,West,High,0,,0.0,,0,0,0,,
678,Karen Roberson,East,Low,1,204.06,204.06,204.06,1,0,0,2024-08-10,2024-08-10
679,Michael Watts,East,Medium,1,3924.17,3924.17,3924.17,0,0,1,2024-03-29,2024-03-29
680,Monica Cook DDS,West,High,1,5933.81,5933.81,5933.81,1,0,4,2024-03-14,2024-03-14
681,Sharon Perkins MD,West,High,2,5179.93,10359.87,8462.91,1,0,1,2023-11-28,2024-10-04
682,James Le,East,Medium,0,,0.0,,0,0,0,,
683,John Carney,East,Medium,1,8674.97,8674.97,8674.97,1,0,1,2024-05-05,2024-05-05
684,Kim Vance,South,Low,0,,0.0,,0,0,0,,
685,Mark Schultz,West,High,1,6794.99,6794.99,6794.99,0,0,1,2024-02-16,2024-02-16
686,Kenneth Jacobs,West,High,0,,0.0,,0,0,1,,
687,Anna Patterson,East,High,2,7290.95,14581.91,9417.45,2,1,2,2024-04-28,2024-05-22
688,Isabel Silva,West,High,0,,0.0,,0,0,0,,
689,Rachel Hansen,West,High,1,4390.82,4390.82,4390.82,0,0,2,2024-07-31,2024-07-31
690,Christina Manning,North,High,0,,0.0,,0,0,0,,
691,Ruth Lewis,East,High,1,2657.98,2657.98,2657.98,1,0,0,2023-12-02,2023-12-02
692,Brittany Sanchez DDS,North,Low,1,3884.58,3884.58,3884.58,1,0,0,2024-06-08,2024-06-08
693,Austin Perkins,South,High,1,8122.23,8122.23,8122.23,1,0,1,2024-04-22,2024-04-22
694,Jeffrey Harding,South,Low,1,7431.94,7431.94,7431.94,1,0,3,2024-05-12,2024-05-12
695,Tammie Kennedy,North,High,1,5270.88,5270.88,5270.88,0,0,1,2024-07-09,2024-07-09
696,Roberta Cuevas,North,Medium,1,2421.83,2421.83,2421.83,0,0,1,2024-05-22,2024-05-22
697,Donald Williams,North,Low,0,,0.0,,0,0,1,,
698,Christopher Mendez,South,Medium,0,,0.0,,0,0,1,,
699,William Ruiz,North,Medium,0,,0.0,,0,0,1,,
700,Amanda Barber,West,Medium,0,,0.0,,0,0,1,,
701,Bryan Fleming,North,Medium,1,2861.56,2861.56,2861.56,1,0,0,2024-03-28,2024-03-28
702,Jennifer Rodgers,North,Medium,0,,0.0,,0,0,0,,
703,Elizabeth Diaz DDS,West,Medium,0,,0.0,,0,0,1,,
704,Kerry Nelson,North,High,0,,0.0,,0,0,0,,
705,Peter Mills,East,High,0,,0.0,,0,0,0,,
706,Diana Torres,South,Low,2,5839.85,11679.71,6808.62,2,0,2,2024-01-27,2024-06-30
707,Sarah Walker,West,Low,3,6470.55,19411.65,9652.95,1,1,1,2023-12-22,2024-03-29
708,Lisa Black,West,High,1,9514.35,9514.35,9514.35,0,1,1,2024-09-30,2024-09-30
709,Emily Martinez,East,High,1,1782.42,1782.42,1782.42,0,0,0,2023-12-02,2023-12-02
710,Dr. Jason Ortega,South,High,2,2232.63,4465.27,3854.41,0,0,2,2024-03-21,2024-06-28
711,David Ortiz,South,Medium,0,,0.0,,0,0,1,,
712,Jaime Shepard,North,Medium,2,6905.41,13810.82,8086.58,1,0,1,2024-03-08,2024-06-30
713,Arthur Carter,South,Medium,2,7757.73,15515.46,9953.66,0,1,0,2023-12-01,2024-01-22
714,Alexis Wilson,West,Medium,4,5505.36,22021.45,7879.18,1,0,1,2023-11-26,2024-06-07
715,Melissa Murray,West,Low,3,4707.13,14121.39,8229.96,2,0,0,2024-03-28,2024-10-15
716,Ryan Hurst,West,Low,0,,0.0,,0,0,2,,
717,Albert Freeman,North,Medium,2,7480.55,14961.09,8022.0,1,0,0,2024-03-30,2024-07-06
718,Christopher Baxter,North,Medium,2,5366.26,10732.53,9300.06,0,1,1,2024-04-19,2024-11-20
719,Lawrence Warner,West,Low,2,2498.01,4996.01,2649.06,1,0,2,2023-11-24,2024-09-25
720,Christopher Lopez,West,Low,1,9391.38,9391.38,9391.38,0,1,0,2024-05-15,2024-05-15
721,John Flynn,West,High,2,6728.9,13457.81,7831.37,2,0,0,2024-09-28,2024-11-06
722,Melissa Fuller,South,High,0,,0.0,,0,0,1,,
723,Jeffrey Garrett,South,Low,1,5130.16,5130.16,5130.16,1,0,0,2023-12-13,2023-12-13
724,Rachel Callahan,North,Medium,1,6789.75,6789.75,6789.75,1,0,0,2024-07-02,2024-07-02
725,Peter James,East,Medium,2,6455.64,12911.28,8696.75,0,0,0,2024-02-23,2024-05-29
726,Tony Harris,South,Low,0,,0.0,,0,0,1,,
727,Maria Green,East,Low,0,,0.0,,0,0,1,,
728,Andrew Bell,West,Medium,1,7081.95,7081.95,7081.95,0,0,1,2024-11-13,2024-11-13
729,Marcia Bruce,South,Medium,1,9501.07,9501.07,9501.07,0,1,2,2024-04-10,2024-04-10
730,Michael Harrison,North,High,0,,0.0,,0,0,0,,
731,Tyler Pham,South,Low,1,854.38,854.38,854.38,0,0,0,2024-02-29,2024-02-29
732,Frank Harris,West,Low,2,5964.51,11929.02,6209.58,0,0,1,2024-01-05,2024-11-19
733,Jessica Byrd,West,High,0,,0.0,,0,0,2,,
734,Marcia Cox,West,Low,3,1510.95,4532.85,2355.94,1,0,1,2024-03-15,2024-07-01
735,Jamie Morgan,East,Medium,1,5704.01,5704.01,5704.01,1,0,0,2024-01-04,2024-01-04
736,Anthony Doyle,East,Low,0,,0.0,,0,0,1,,
737,Jennifer Wright,East,High,0,,0.0,,0,0,1,,
738,Mariah Winters,South,High,1,3334.99,3334.99,3334.99,0,0,1,2024-06-19,2024-06-19
739,Steven Ritter,East,Low,1,8464.68,8464.68,8464.68,0,0,2,2024-07-12,2024-07-12
740,Ronnie Aguirre,West,Medium,1,8806.2,8806.2,8806.2,0,0,2,2024-03-22,2024-03-22
741,Sean Peterson,North,Medium,0,,0.0,,0,0,1,,
742,Thomas Wright,West,High,2,5583.01,11166.02,6655.1,1,0,1,2024-02-26,2024-09-02
743,Rachel Johnson,South,Medium,1,5402.65,5402.65,5402.65,0,0,1,2024-03-12,2024-03-12
744,Ana Rivas,North,High,1,1014.12,1014.12,1014.12,0,0,1,2024-03-13,2024-03-13
745,Joshua Warner,East,High,0,,0.0,,0,0,1,,
746,Kimberly Hess,West,High,0,,0.0,,0,0,0,,
747,Karen Hernandez,East,High,1,1804.21,1804.21,1804.21,1,0,0,2024-07-09,2024-07-09
748,Susan Zuniga,West,High,1,1556.59,1556.59,1556.59,1,0,1,2024-01-15,2024-01-15
749,Laura Wright,South,High,1,6155.52,6155.52,6155.52,1,0,1,2024-09-30,2024-09-30
750,Melinda Pope,East,Medium,1,9815.99,9815.99,9815.99,1,1,2,2023-12-20,2023-12-20
751,Tyler Gibbs II,North,High,1,4145.44,4145.44,4145.44,1,0,1,2024-10-19,2024-10-19
752,John Smith,North,High,1,4676.44,4676.44,4676.44,0,0,1,2024-05-06,2024-05-06
753,Thomas Haney,North,Medium,2,6968.58,13937.17,7646.19,2,0,2,2024-08-13,2024-09-20
754,Jessica Farmer,East,High,2,5399.06,10798.12,7283.99,1,0,0,2023-12-05,2024-09-10
755,Debbie Parrish DDS,South,Medium,2,2684.35,5368.69,3542.88,1,0,2,2024-04-09,2024-05-19
756,Joseph Haley,West,Low,0,,0.0,,0,0,0,,
757,Catherine Fox,South,Low,1,459.49,459.49,459.49,0,0,0,2023-12-01,2023-12-01
758,Jacob Hunter,South,High,0,,0.0,,0,0,0,,
759,Juan Lopez,West,Medium,0,,0.0,,0,0,1,,
760,Kevin Poole,West,Low,3,3863.4,11590.21,6915.24,0,0,0,2023-12-23,2024-09-19
761,Ashley Evans,East,Medium,0,,0.0,,0,0,2,,
762,Randy Mullen,West,Medium,0,,0.0,,0,0,1,,
763,Brandi Meadows,South,Low,3,1540.48,4621.45,3580.37,1,0,0,2023-12-30,2024-11-09
764,Brittany Scott,West,Low,0,,0.0,,0,0,0,,
765,Allen Delgado,East,Medium,1,3064.15,3064.15,3064.15,0,0,1,2024-04-27,2024-04-27
766,Robert Davidson,East,Low,1,6338.1,6338.1,6338.1,1,0,1,2024-04-25,2024-04-25
767,Brian Patrick MD,North,High,1,3982.78,3982.78,3982.78,0,0,1,2024-02-02,2024-02-02
768,Susan Nelson,East,Low,2,2847.93,5695.86,3383.69,2,0,0,2024-03-10,2024-09-15
769,Mary Ross,East,Medium,1,5868.06,5868.06,5868.06,1,0,1,2024-04-06,2024-04-06
770,Mark Wilson,East,Low,0,,0.0,,0,0,2,,
771,Jennifer Jimenez,West,Medium,4,5795.33,23181.32,9648.45,3,1,1,2024-03-22,2024-10-18
772,Lonnie Brooks Jr.,South,Low,1,2349.21,2349.21,2349.21,1,0,1,2024-04-17,2024-04-17
773,Danielle Welch,South,Low,1,6902.88,6902.88,6902.88,0,0,1,2024-05-23,2024-05-23
774,Crystal Palmer,North,Medium,0,,0.0,,0,0,0,,
775,Melissa Obrien,South,Low,1,2411.67,2411.67,2411.67,1,0,0,2024-06-21,2024-06-21
776,Scott Hudson,North,Low,1,2158.33,2158.33,2158.33,0,0,0,2024-10-02,2024-10-02
777,Anna Henson,West,Low,2,3071.73,6143.45,5067.72,0,0,3,2024-07-13,2024-09-03
778,Mark Rogers,East,Low,2,5776.61,11553.23,6195.11,1,0,1,2024-03-25,2024-11-04
779,Daniel Hawkins,West,Medium,1,4705.28,4705.28,4705.28,1,0,2,2024-06-29,2024-06-29
780,Tanner Weaver,North,Low,3,5278.84,15836.53,9452.52,2,1,4,2024-03-16,2024-08-28
781,Jessica Schmitt,South,High,1,5839.21,5839.21,5839.21,1,0,0,2023-12-11,2023-12-11
782,Robert Williams,West,Low,0,,0.0,,0,0,1,,
783,Sarah Austin,South,High,0,,0.0,,0,0,3,,
784,Jessica Rubio,East,High,6,5130.06,30780.33,7294.25,3,0,3,2023-12-20,2024-11-22
785,Curtis Davis,North,Low,3,5375.96,16127.88,9921.79,2,1,0,2024-01-10,2024-09-09
786,Deborah Reyes,East,High,5,4612.99,23064.96,9716.82,2,1,1,2024-04-09,2024-10-25
787,Max Lloyd,East,Low,2,5336.24,10672.47,5671.71,2,0,0,2023-12-31,2024-05-22
788,Michael Soto,North,High,2,4534.11,9068.23,6827.54,1,0,0,2023-12-14,2024-11-07
789,Cassidy Quinn,East,Medium,2,3201.2,6402.41,3529.98,0,0,0,2024-03-30,2024-09-24
790,Brett Mann,East,Low,0,,0.0,,0,0,0,,
791,Lindsey Ruiz,North,Medium,1,5298.63,5298.63,5298.63,0,0,0,2024-02-23,2024-02-23
792,Mary Johnson,East,Low,1,8929.57,8929.57,8929.57,0,0,0,2023-12-10,2023-12-10
793,Nathan Hernandez,East,Low,2,4932.53,9865.07,8028.85,1,0,2,2023-12-01,2024-05-24
794,Lauren Silva MD,East,Low,0,,0.0,,0,0,0,,
795,Crystal Schultz,West,High,2,6491.71,12983.42,7837.58,1,0,0,2024-09-17,2024-09-21
796,Julie Padilla,South,Low,0,,0.0,,0,0,0,,
797,Nicole Medina,East,High,1,4704.76,4704.76,4704.76,1,0,0,2024-08-20,2024-08-20
798,Gene Perry,South,Low,1,7436.33,7436.33,7436.33,1,0,1,2024-07-07,2024-07-07
799,Mark Reeves,South,Low,1,1638.54,1638.54,1638.54,0,0,1,2024-05-23,2024-05-23
800,Benjamin Reyes,East,Medium,2,6952.39,13904.77,7900.33,1,0,2,2024-01-12,2024-05-18
801,Sara Hines,West,High,1,9880.61,9880.61,9880.61,0,1,2,2024-09-08,2024-09-08
802,Sarah Roberts,North,Low,2,6491.26,12982.53,6790.96,1,0,2,2024-01-03,2024-07-13
803,Karen Carter,South,Medium,1,8829.18,8829.18,8829.18,1,0,1,2024-01-31,2024-01-31
804,Wesley Butler,East,Low,3,5630.51,16891.54,7698.37,0,0,1,2023-12-24,2024-04-17
805,Richard Simpson,North,Low,0,,0.0,,0,0,1,,
806,Brandon Schultz,North,High,2,1438.1,2876.2,1686.19,2,0,3,2024-04-15,2024-10-08
807,Jonathan White,West,High,0,,0.0,,0,0,1,,
808,Tiffany Stone,North,High,0,,0.0,,0,0,5,,
809,Melissa Carroll,South,High,1,8457.56,8457.56,8457.56,1,0,1,2024-10-31,2024-10-31
810,Linda Green,South,High,1,146.95,146.95,146.95,1,0,0,2024-05-28,2024-05-28
811,Christian Riley,South,Low,0,,0.0,,0,0,0,,
812,Barbara Williams,North,High,1,8165.41,8165.41,8165.41,1,0,1,2023-11-26,2023-11-26
813,Aimee Wright,West,Medium,1,2592.12,2592.12,2592.12,1,0,2,2024-03-28,2024-03-28
814,Amy Mitchell,East,Low,0,,0.0,,0,0,1,,
815,Andrew Strickland,South,Medium,2,3185.47,6370.95,6139.61,1,0,0,2024-04-22,2024-05-11
816,Terri Garcia,West,Medium,1,1015.55,1015.55,1015.55,1,0,1,2024-04-30,2024-04-30
817,Evan Campbell,West,Low,3,3372.75,10118.25,5989.25,2,0,0,2023-11-29,2024-08-05
818,Patricia Daugherty,West,Low,0,,0.0,,0,0,0,,
819,Ronald Cortez,East,Low,2,5957.41,11914.82,8982.05,0,0,3,2024-04-29,2024-09-09
820,Steven Hernandez,North,Low,0,,0.0,,0,0,1,,
821,Brittany Mosley,North,Low,1,905.28,905.28,905.28,0,0,1,2024-10-14,2024-10-14
822,William Thompson,South,Medium,2,3328.4,6656.8,6405.71,2,0,1,2024-08-20,2024-11-07
823,Robert Davis,South,Medium,0,,0.0,,0,0,1,,
824,Melissa White,East,Low,2,3795.84,7591.68,3953.74,1,0,2,2024-03-03,2024-03-11
825,Dr. Michelle Warner,South,Low,1,1914.77,1914.77,1914.77,1,0,1,2024-09-08,2024-09-08
826,John Petersen,South,Low,2,1899.43,3798.87,2299.1,0,0,1,2023-12-14,2024-08-01
827,Kelly Ramirez,West,High,0,,0.0,,0,0,2,,
828,Eric Stevens,West,High,0,,0.0,,0,0,0,,
829,Susan Gibson,South,High,1,4336.54,4336.54,4336.54,1,0,2,2024-08-13,2024-08-13
830,Christopher Brown,South,Medium,2,3837.07,7674.14,4156.85,1,0,1,2024-10-03,2024-10-10
831,Samantha Thompson,North,Low,3,1819.51,5458.53,4776.3,3,0,0,2024-01-04,2024-09-25
832,Susan Watkins,East,Medium,2,5800.3,11600.59,7498.01,0,0,2,2024-03-15,2024-07-29
833,Helen Williams,North,High,2,4986.41,9972.83,8205.8,0,0,1,2024-05-30,2024-10-05
834,Kimberly Thompson,East,High,1,6060.93,6060.93,6060.93,1,0,1,2024-11-01,2024-11-01
835,Thomas Holland,East,Low,3,6951.76,20855.28,7263.75,1,0,0,2023-12-11,2024-07-16
836,William Adams,West,High,0,,0.0,,0,0,2,,
837,Alexis Herrera,North,Medium,1,2593.23,2593.23,2593.23,0,0,0,2024-08-28,2024-08-28
838,Christine Ramirez,North,Medium,2,6114.48,12228.97,6738.57,2,0,0,2024-03-08,2024-04-24
839,Andre Wilson,West,Medium,1,700.83,700.83,700.83,0,0,2,2023-12-07,2023-12-07
840,Sherry Andrade,North,Medium,0,,0.0,,0,0,2,,
841,Hailey Miller,North,High,3,2884.6,8653.79,7183.23,1,0,0,2024-01-13,2024-09-04
842,Abigail Jones,West,High,1,2187.11,2187.11,2187.11,0,0,1,2024-07-18,2024-07-18
843,Pedro Schwartz,West,High,1,9673.62,9673.62,9673.62,0,1,1,2024-08-26,2024-08-26
844,Angela Buck,South,Low,1,1439.14,1439.14,1439.14,1,0,1,2024-06-20,2024-06-20
845,Timothy Shepard,South,Medium,0,,0.0,,0,0,0,,
846,Travis Reyes,North,Low,3,4281.32,12843.97,5547.11,2,0,0,2024-04-17,2024-11-08
847,Melissa Parker,North,High,0,,0.0,,0,0,1,,
848,Alicia Lewis,East,Medium,0,,0.0,,0,0,0,,
849,Sarah Mccarty,West,Low,3,7342.88,22028.63,9442.85,1,1,0,2024-01-10,2024-10-30
850,Brittney Murray,South,Medium,2,4413.24,8826.48,7931.63,0,0,1,2024-04-24,2024-10-15
851,Stephen Richards,West,Medium,2,3747.17,7494.34,6121.95,0,0,2,2024-05-17,2024-10-29
852,Charles Davis,North,Medium,1,8163.48,8163.48,8163.48,0,0,0,2024-01-09,2024-01-09
853,Stephanie Coleman,South,Low,2,3473.45,6946.9,6649.57,1,0,1,2024-03-19,2024-11-03
854,Stephen Foster,North,Medium,0,,0.0,,0,0,0,,
855,Michael Hunt,North,Low,2,8185.05,16370.1,9829.68,1,1,2,2024-08-10,2024-11-04
856,Amy Blackwell,East,Medium,0,,0.0,,0,0,1,,
857,Jeffrey Anderson,West,Medium,3,1722.09,5166.26,2708.88,1,0,1,2024-05-25,2024-06-19
858,Carol Love,South,Low,0,,0.0,,0,0,0,,
859,Darren Bernard,West,High,2,6346.88,12693.75,7303.01,2,0,1,2023-12-09,2024-08-25
860,Rodney Campbell,South,High,1,977.82,977.82,977.82,1,0,0,2024-01-15,2024-01-15
861,Robert Alexander,East,Low,1,7733.22,7733.22,7733.22,1,0,3,2024-08-19,2024-08-19
862,Christina Hull,West,Medium,0,,0.0,,0,0,1,,
863,James Shaffer,North,Medium,0,,0.0,,0,0,0,,
864,Patricia Hunter,South,Low,2,1787.73,3575.47,2697.79,0,0,1,2024-01-12,2024-10-25
865,David Nolan,East,Medium,0,,0.0,,0,0,0,,
866,Michelle Gray,West,Medium,2,5312.16,10624.33,7262.49,1,0,4,2024-06-22,2024-06-29
867,Eric White,West,Medium,2,3818.33,7636.65,6112.06,0,0,1,2023-12-01,2024-06-17
868,Douglas Martin,South,High,1,9931.19,9931.19,9931.19,1,1,1,2024-11-16,2024-11-16
869,Richard Hernandez,West,Medium,0,,0.0,,0,0,0,,
870,Henry Kelly,East,Medium,1,3973.95,3973.95,3973.95,0,0,0,2024-04-01,2024-04-01
871,Chelsey Green,South,High,1,922.06,922.06,922.06,0,0,2,2024-05-27,2024-05-27
872,Bianca Cameron,North,High,1,8596.02,8596.02,8596.02,0,0,0,2024-10-30,2024-10-30
873,Kenneth Martin,West,Medium,0,,0.0,,0,0,1,,
874,Johnny Harris,East,Medium,0,,0.0,,0,0,0,,
875,Benjamin Acosta,West,Low,0,,0.0,,0,0,2,,
876,April Reed,East,High,2,5214.77,10429.55,7334.72,1,0,0,2023-12-16,2024-08-04
877,Kimberly Jones,East,High,1,2107.14,2107.14,2107.14,0,0,2,2024-10-21,2024-10-21
878,John Fisher,North,Medium,2,5062.61,10125.23,5750.59,1,0,1,2024-06-04,2024-10-08
879,Katie Reid,East,Low,0,,0.0,,0,0,1,,
880,Tracey Martinez,West,Medium,0,,0.0,,0,0,0,,
881,Alyssa Roberts,South,Medium,2,6979.36,13958.72,9397.79,1,1,0,2024-02-24,2024-05-18
882,Kendra Davidson,South,Medium,0,,0.0,,0,0,0,,
883,Joseph Carlson,South,Medium,1,2330.52,2330.52,2330.52,0,0,0,2024-11-06,2024-11-06
884,Jason Moore,West,Low,1,878.54,878.54,878.54,0,0,0,2024-10-12,2024-10-12
885,Kenneth Murphy,North,Low,0,,0.0,,0,0,1,,
886,Katherine Hoover,South,High,3,3150.5,9451.5,6704.43,0,0,2,2024-02-09,2024-09-09
887,Justin Davies,South,Medium,1,7506.58,7506.58,7506.58,1,0,0,2024-05-14,2024-05-14
888,Shaun Howard,East,Medium,2,5257.68,10515.37,9434.14,2,1,0,2023-12-07,2023-12-22
889,Brenda Richardson,West,Low,1,3445.8,3445.8,3445.8,0,0,2,2024-09-20,2024-09-20
890,Danielle Chen,East,High,0,,0.0,,0,0,1,,
891,Joshua Ferguson,West,High,0,,0.0,,0,0,2,,
892,Oscar Greene DVM,South,Low,1,6753.55,6753.55,6753.55,1,0,1,2024-06-09,2024-06-09
893,Debra Ferguson,West,Low,0,,0.0,,0,0,0,,
894,Lisa Hines,North,Low,0,,0.0,,0,0,1,,
895,Ashley White,West,Low,0,,0.0,,0,0,1,,
896,Matthew Rosario,West,Low,1,2090.42,2090.42,2090.42,1,0,0,2024-06-22,2024-06-22
897,Lauren Lee,West,Low,1,7949.59,7949.59,7949.59,0,0,1,2024-03-21,2024-03-21
898,Caroline Alvarez,North,Medium,1,7676.75,7676.75,7676.75,0,0,0,2023-12-19,2023-12-19
899,Robin Cox,East,High,1,4093.14,4093.14,4093.14,1,0,3,2024-04-21,2024-04-21
900,Carolyn Murphy,West,Low,0,,0.0,,0,0,0,,
901,Michael Nelson,South,Low,0,,0.0,,0,0,3,,
902,Marcia Jones,North,Medium,0,,0.0,,0,0,2,,
903,Stephanie Lewis,West,Medium,1,3955.59,3955.59,3955.59,1,0,0,2023-12-09,2023-12-09
904,Jessica Duke,South,Medium,0,,0.0,,0,0,0,,
905,Travis Davis,West,High,0,,0.0,,0,0,0,,
906,Juan Cherry,North,Medium,1,3062.71,3062.71,3062.71,1,0,2,2024-04-12,2024-04-12
907,Jeremiah Russell,West,Medium,2,8636.44,17272.87,8743.29,1,0,0,2024-03-08,2024-09-17
908,Angel Peterson,East,High,0,,0.0,,0,0,1,,
909,Christie Johnson,West,Medium,3,6522.78,19568.35,7158.82,2,0,2,2024-05-25,2024-08-09
910,Gabriella Rivera,South,High,2,4375.9,8751.8,6176.08,2,0,1,2024-08-14,2024-10-10
911,Gary Whitaker,East,High,3,4586.23,13758.7,6140.46,3,0,1,2023-12-12,2024-09-02
912,Jeremy Brown,South,High,1,1732.45,1732.45,1732.45,1,0,0,2024-01-07,2024-01-07
913,Martha Haynes,South,Medium,1,5122.28,5122.28,5122.28,0,0,0,2024-01-09,2024-01-09
914,Rhonda Burton,West,Medium,0,,0.0,,0,0,0,,
915,Melanie Davis,East,Medium,1,4905.83,4905.83,4905.83,0,0,0,2024-08-29,2024-08-29
916,Melissa Wagner,West,Low,2,4566.02,9132.05,4826.96,2,0,0,2024-04-22,2024-09-04
917,James Clark,South,High,3,7510.28,22530.83,7964.42,3,0,0,2024-04-23,2024-10-01
918,Douglas Pace,North,Low,0,,0.0,,0,0,0,,
919,Kathy Koch,South,Low,0,,0.0,,0,0,0,,
920,Bruce Chavez,East,Medium,0,,0.0,,0,0,0,,
921,Matthew Alvarez,South,Medium,0,,0.0,,0,0,1,,
922,Mckenzie Dudley,East,Medium,0,,0.0,,0,0,2,,
923,Jennifer Watts,East,High,2,3659.52,7319.04,6436.33,0,0,1,2024-06-25,2024-09-28
924,Shelby Howell,North,Low,2,4387.16,8774.33,6913.32,0,0,3,2024-02-15,2024-05-20
925,Breanna Miles,East,Medium,0,,0.0,,0,0,3,,
926,Judith Kennedy,South,High,2,3773.12,7546.23,6761.3,1,0,1,2024-03-10,2024-05-27
927,Jeremy Tucker,East,Low,0,,0.0,,0,0,0,,
928,Samuel Clark,North,High,1,6768.72,6768.72,6768.72,0,0,0,2024-01-23,2024-01-23
929,Roger Larson,East,Low,2,8374.08,16748.16,9104.47,0,1,1,2024-05-29,2024-08-29
930,Haley Harris,East,High,3,5533.68,16601.03,9855.67,2,1,0,2024-02-03,2024-07-12
931,Alexandria Thomas,East,Medium,0,,0.0,,0,0,0,,
932,Timothy Thomas,West,Medium,0,,0.0,,0,0,0,,
933,April Jacobs,East,High,0,,0.0,,0,0,0,,
934,Spencer Woods,West,Low,1,5625.84,5625.84,5625.84,0,0,2,2023-11-30,2023-11-30
935,Matthew Lopez,South,Low,1,1234.38,1234.38,1234.38,0,0,0,2024-07-10,2024-07-10
936,Zachary Edwards DDS,North,High,1,2237.84,2237.84,2237.84,1,0,0,2024-08-02,2024-08-02
937,Melissa Smith,West,Low,2,2345.13,4690.25,4419.71,0,0,1,2024-01-28,2024-06-11
938,Beth Logan,West,High,0,,0.0,,0,0,2,,
939,Kevin Hudson,East,Low,1,520.42,520.42,520.42,1,0,1,2024-11-19,2024-11-19
940,Amy Garrison,West,Medium,0,,0.0,,0,0,3,,
941,Gabriela Davis,South,High,2,6424.5,12849.0,9505.54,1,1,0,2024-09-02,2024-09-19
942,Margaret Huffman,South,High,0,,0.0,,0,0,0,,
943,Andrea Green,East,Low,1,8656.6,8656.6,8656.6,0,0,1,2023-12-16,2023-12-16
944,Alexa Brown,North,Low,1,8195.84,8195.84,8195.84,0,0,0,2024-06-20,2024-06-20
945,Stephen Terry,North,High,0,,0.0,,0,0,0,,
946,Jillian Molina,East,Medium,1,4449.37,4449.37,4449.37,0,0,0,2024-10-09,2024-10-09
947,Scott Cruz,West,High,0,,0.0,,0,0,1,,
948,Darrell Farmer,South,Low,1,688.99,688.99,688.99,0,0,0,2023-12-25,2023-12-25
949,Marcus Day,West,Low,0,,0.0,,0,0,1,,
950,Paula Hart,West,Medium,0,,0.0,,0,0,0,,
951,Cynthia Williams,South,Medium,0,,0.0,,0,0,0,,
952,Michael Velez,North,Low,1,663.35,663.35,663.35,1,0,0,2024-03-15,2024-03-15
953,John Mcdaniel,West,Medium,1,9532.44,9532.44,9532.44,0,1,1,2024-09-29,2024-09-29
954,Robert Lee,North,Medium,0,,0.0,,0,0,0,,
955,Rachel Bell,South,Low,4,2840.82,11363.27,5367.5,2,0,0,2023-12-30,2024-11-19
956,Samantha Stanton,South,Medium,1,8857.61,8857.61,8857.61,0,0,0,2024-10-22,2024-10-22
957,Lisa Olson,North,High,2,5932.11,11864.22,6103.91,2,0,2,2024-05-24,2024-08-24
958,Marcus Little,North,Low,3,3982.54,11947.63,9994.12,2,1,2,2024-02-18,2024-08-16
959,Sean Mccarthy,South,Medium,0,,0.0,,0,0,1,,
960,Matthew Taylor,East,High,1,6711.31,6711.31,6711.31,1,0,1,2024-11-07,2024-11-07
961,Christopher Miller,East,High,1,9821.71,9821.71,9821.71,0,1,1,2024-03-12,2024-03-12
962,Vanessa Mckenzie,South,Medium,1,4228.66,4228.66,4228.66,1,0,3,2024-07-22,2024-07-22
963,Debbie Clark,East,Low,2,3423.54,6847.08,5682.56,2,0,0,2024-01-28,2024-05-05
964,Michael Rojas,East,Medium,0,,0.0,,0,0,2,,
965,Margaret Gomez,West,High,3,3935.48,11806.43,6296.23,2,0,3,2024-03-14,2024-06-19
966,Christopher Palmer,North,Low,3,7374.84,22124.52,9529.77,3,1,1,2024-01-15,2024-10-25
967,Brittney Hubbard,West,High,0,,0.0,,0,0,1,,
968,Lindsey Bailey,West,Medium,0,,0.0,,0,0,0,,
969,David Kelly,East,High,1,3273.65,3273.65,3273.65,0,0,2,2023-12-04,2023-12-04
970,Joseph Ruiz,West,Low,0,,0.0,,0,0,0,,
971,Cheryl Garcia,South,Medium,0,,0.0,,0,0,1,,
972,Mr. Joshua Morris,West,Low,1,2334.6,2334.6,2334.6,0,0,3,2024-03-31,2024-03-31
973,Douglas Schroeder,East,High,1,2296.82,2296.82,2296.82,1,0,1,2024-11-01,2024-11-01
974,Thomas Miranda,North,Medium,1,3735.99,3735.99,3735.99,1,0,0,2024-10-13,2024-10-13
975,Jeff Mullins,South,High,0,,0.0,,0,0,0,,
976,Dylan Glass,East,Medium,0,,0.0,,0,0,3,,
977,Rachael Bishop,North,High,0,,0.0,,0,0,0,,
978,Jeremy Hays,North,Medium,1,5689.5,5689.5,5689.5,1,0,0,2024-05-06,2024-05-06
979,Kyle Hayes,South,Medium,0,,0.0,,0,0,0,,
980,Taylor Gaines,West,Low,1,8721.51,8721.51,8721.51,1,0,1,2023-12-11,2023-12-11
981,Danny Lewis,East,Medium,1,2569.61,2569.61,2569.61,0,0,0,2024-07-09,2024-07-09
982,April Gates,West,Low,1,6043.12,6043.12,6043.12,0,0,2,2024-01-18,2024-01-18
983,Robert Ball,North,Low,0,,0.0,,0,0,4,,
984,Jeffrey Dawson,South,Medium,0,,0.0,,0,0,1,,
985,Travis Nguyen,East,Medium,0,,0.0,,0,0,1,,
986,Charles Brown,North,Low,0,,0.0,,0,0,1,,
987,Denise Maldonado,West,Medium,3,2684.98,8054.94,5040.11,2,0,1,2024-02-29,2024-05-15
988,James Johnson,East,Medium,1,694.14,694.14,694.14,1,0,2,2024-11-09,2024-11-09
989,Ashley Herrera,West,Low,2,6914.0,13828.0,7418.45,1,0,1,2024-06-18,2024-08-05
990,Ebony Elliott,East,Low,1,2798.56,2798.56,2798.56,0,0,0,2024-04-02,2024-04-02
991,Timothy Morgan,East,Low,0,,0.0,,0,0,1,,
992,Jorge Bradford,North,High,0,,0.0,,0,0,1,,
993,James Allen,South,Low,0,,0.0,,0,0,2,,
994,Emily Walker,West,Low,1,1756.98,1756.98,1756.98,0,0,0,2024-03-03,2024-03-03
995,Kimberly Sanders,North,Low,1,3571.16,3571.16,3571.16,1,0,0,2024-02-19,2024-02-19
996,Chad Lambert,West,Medium,2,6755.15,13510.29,7318.22,1,0,4,2024-04-27,2024-11-19
997,Kellie Juarez,South,Low,0,,0.0,,0,0,2,,
998,Ashley Martin,North,Low,1,6332.92,6332.92,6332.92,0,0,1,2024-11-01,2024-11-01
999,Katelyn Vasquez,North,High,1,9429.64,9429.64,9429.64,1,1,0,2024-09-11,2024-09-11
1000,Andrew Robinson,West,Low,0,,0.0,,0,0,1,,
