sanction_id,bank_id,customer_id,sanction_date,reason,is_valid_bank_id
1,259,196,2024-05-07,Money Laundering,True
2,647,154,2023-08-27,Money Laundering,True
3,225,139,2023-08-14,Money Laundering,True
4,569,106,2024-11-21,Compliance Violation,True
5,970,148,2024-07-08,Money Laundering,True
6,990,864,2023-02-01,Fraud,True
7,771,816,2024-08-21,Compliance Violation,True
8,567,457,2024-01-28,Money Laundering,True
9,56,899,2024-11-13,Compliance Violation,True
10,40,1,2024-03-30,Money Laundering,True
11,703,940,2024-03-03,Compliance Violation,True
12,331,765,2023-04-01,Fraud,True
13,296,959,2023-10-09,Fraud,True
14,724,282,2023-05-05,Money Laundering,True
15,245,938,2024-02-24,Money Laundering,True
16,967,710,2023-01-25,Fraud,True
17,554,770,2024-08-22,Money Laundering,True
18,297,749,2023-08-01,Fraud,True
19,564,287,2023-12-23,Fraud,True
20,219,784,2023-02-06,Money Laundering,True
21,459,142,2023-06-18,Compliance Violation,True
22,909,960,2024-06-03,Fraud,True
23,386,151,2023-01-01,Fraud,True
24,685,65,2023-01-23,Compliance Violation,True
25,336,210,2024-04-10,Compliance Violation,True
26,222,171,2023-05-02,Fraud,True
27,664,40,2023-05-01,Compliance Violation,True
28,951,491,2023-02-17,Money Laundering,True
29,424,331,2024-06-13,Money Laundering,True
30,210,698,2023-05-19,Compliance Violation,True
31,242,727,2023-11-19,Money Laundering,True
32,431,628,2024-09-22,Money Laundering,True
33,248,136,2023-09-16,Fraud,True
34,260,389,2023-10-01,Fraud,True
35,374,357,2024-10-20,Fraud,True
36,242,222,2024-06-22,Fraud,True
37,901,581,2024-10-13,Money Laundering,True
38,469,375,2024-10-19,Money Laundering,True
39,734,643,2024-08-10,Fraud,True
40,869,543,2024-03-10,Compliance Violation,True
41,143,491,2024-01-26,Fraud,True
42,846,246,2023-11-21,Compliance Violation,True
43,995,490,2024-04-21,Fraud,True
44,914,116,2024-09-29,Compliance Violation,True
45,943,542,2023-06-11,Money Laundering,True
46,134,753,2023-03-06,Money Laundering,True
47,407,63,2023-12-14,Fraud,True
48,565,708,2024-04-18,Fraud,True
49,319,539,2024-09-06,Compliance Violation,True
50,360,862,2024-06-16,Fraud,True
51,12,500,2022-12-17,Money Laundering,True
52,89,800,2023-04-16,Compliance Violation,True
53,52,814,2023-12-09,Fraud,True
54,225,221,2024-06-07,Money Laundering,True
55,145,92,2024-04-09,Compliance Violation,True
56,653,676,2023-09-30,Fraud,True
57,693,415,2023-07-22,Money Laundering,True
58,787,748,2024-05-01,Compliance Violation,True
59,172,366,2023-03-28,Money Laundering,True
60,696,295,2023-03-08,Money Laundering,True
61,608,851,2024-07-01,Fraud,True
62,966,30,2023-02-07,Money Laundering,True
63,635,957,2024-04-01,Fraud,True
64,859,309,2024-09-20,Fraud,True
65,759,547,2024-04-23,Fraud,True
66,420,526,2024-01-29,Compliance Violation,True
67,188,808,2023-08-14,Fraud,True
68,842,298,2023-01-11,Fraud,True
69,342,457,2024-06-09,Fraud,True
70,466,572,2023-02-14,Money Laundering,True
71,795,778,2023-06-21,Money Laundering,True
72,157,577,2023-08-19,Fraud,True
73,458,573,2024-11-21,Money Laundering,True
74,163,198,2023-09-08,Fraud,True
75,88,14,2024-03-22,Compliance Violation,True
76,436,103,2024-05-13,Fraud,True
77,18,390,2023-12-08,Money Laundering,True
78,239,855,2023-04-02,Money Laundering,True
79,470,654,2024-04-22,Money Laundering,True
80,707,997,2023-04-06,Money Laundering,True
81,686,276,2023-10-15,Compliance Violation,True
82,410,575,2024-06-15,Fraud,True
83,558,604,2023-02-09,Compliance Violation,True
84,293,6,2023-03-16,Money Laundering,True
85,138,186,2024-03-29,Money Laundering,True
86,1,71,2023-12-04,Fraud,True
87,450,806,2023-11-14,Fraud,True
88,667,492,2023-06-07,Money Laundering,True
89,753,771,2023-06-11,Money Laundering,True
90,422,631,2024-09-02,Compliance Violation,True
91,582,255,2023-12-26,Compliance Violation,True
92,555,517,2024-03-20,Compliance Violation,True
93,133,638,2023-12-02,Compliance Violation,True
94,1,18,2022-12-14,Fraud,True
95,610,457,2024-07-05,Compliance Violation,True
96,552,620,2024-06-01,Money Laundering,True
97,299,857,2023-05-27,Money Laundering,True
98,534,706,2023-02-01,Money Laundering,True
99,849,1000,2024-04-29,Compliance Violation,True
100,291,808,2024-02-15,Fraud,True
101,242,627,2023-02-03,Fraud,True
102,790,43,2024-01-30,Fraud,True
103,637,243,2024-02-01,Money Laundering,True
104,386,498,2023-07-05,Compliance Violation,True
105,298,328,2024-07-12,Compliance Violation,True
106,20,128,2023-10-30,Money Laundering,True
107,170,897,2024-09-06,Compliance Violation,True
108,345,347,2024-04-05,Fraud,True
109,875,263,2024-02-26,Compliance Violation,True
110,708,439,2024-07-27,Compliance Violation,True
111,924,338,2024-11-01,Fraud,True
112,952,861,2024-11-10,Money Laundering,True
113,216,304,2023-01-28,Money Laundering,True
114,364,181,2023-01-30,Fraud,True
115,283,985,2023-05-29,Money Laundering,True
116,906,712,2024-10-10,Money Laundering,True
117,109,706,2023-04-19,Money Laundering,True
118,100,308,2023-07-26,Compliance Violation,True
119,76,819,2022-12-07,Money Laundering,True
120,286,225,2024-02-08,Compliance Violation,True
121,348,984,2023-09-25,Fraud,True
122,865,71,2024-06-14,Fraud,True
123,504,568,2024-09-30,Fraud,True
124,1008,629,2023-08-09,Money Laundering,True
125,823,256,2024-02-27,Fraud,True
126,89,707,2023-12-12,Compliance Violation,True
127,17,328,2024-01-21,Money Laundering,True
128,921,93,2023-12-04,Fraud,True
129,462,938,2023-10-27,Compliance Violation,True
130,679,352,2023-10-07,Compliance Violation,True
131,5,982,2024-10-19,Compliance Violation,True
132,456,541,2023-11-18,Money Laundering,True
133,220,103,2023-05-12,Fraud,True
134,312,752,2023-07-21,Compliance Violation,True
135,540,657,2023-09-26,Money Laundering,True
136,416,662,2023-01-18,Money Laundering,True
137,288,155,2024-01-26,Fraud,True
138,324,549,2024-10-05,Money Laundering,True
139,23,310,2024-07-15,Fraud,True
140,840,290,2024-04-18,Compliance Violation,True
141,209,228,2024-04-02,Money Laundering,True
142,927,359,2024-05-30,Compliance Violation,True
143,756,12,2024-11-22,Compliance Violation,True
144,419,807,2024-01-22,Compliance Violation,True
145,147,671,2023-02-04,Money Laundering,True
146,783,191,2023-12-31,Fraud,True
147,117,457,2023-04-11,Fraud,True
148,882,221,2023-01-19,Fraud,True
149,246,600,2023-07-28,Fraud,True
150,402,126,2024-07-28,Money Laundering,True
151,141,556,2023-04-05,Compliance Violation,True
152,870,939,2023-06-01,Compliance Violation,True
153,688,853,2023-07-31,Money Laundering,True
154,333,13,2022-12-28,Compliance Violation,True
155,418,380,2023-08-10,Money Laundering,True
156,593,26,2023-09-27,Fraud,True
157,516,194,2023-05-24,Money Laundering,True
158,458,364,2023-07-17,Fraud,True
159,807,962,2023-10-18,Fraud,True
160,694,231,2024-11-15,Fraud,True
161,631,344,2023-12-22,Money Laundering,True
162,508,387,2022-12-02,Money Laundering,True
163,151,659,2024-04-26,Money Laundering,True
164,268,163,2023-03-13,Money Laundering,True
165,63,559,2022-12-13,Money Laundering,True
166,253,548,2023-09-27,Money Laundering,True
167,338,750,2023-05-06,Fraud,True
168,209,97,2023-05-11,Fraud,True
169,386,783,2023-08-11,Compliance Violation,True
170,601,521,2024-10-06,Money Laundering,True
171,371,780,2023-08-15,Fraud,True
172,993,535,2024-10-15,Compliance Violation,True
173,340,652,2024-11-13,Money Laundering,True
174,152,15,2023-01-16,Compliance Violation,True
175,692,610,2023-06-02,Compliance Violation,True
176,504,226,2024-08-06,Compliance Violation,True
177,980,491,2024-09-11,Compliance Violation,True
178,384,429,2024-10-02,Compliance Violation,True
179,366,544,2023-12-20,Fraud,True
180,473,455,2023-11-17,Fraud,True
181,974,31,2023-06-07,Fraud,True
182,952,213,2023-01-29,Compliance Violation,True
183,687,181,2023-10-25,Money Laundering,True
184,640,404,2023-07-23,Fraud,True
185,329,839,2024-05-15,Money Laundering,True
186,331,227,2023-04-22,Fraud,True
187,991,328,2023-06-23,Compliance Violation,True
188,819,793,2024-02-20,Compliance Violation,True
189,844,47,2024-09-04,Money Laundering,True
190,333,312,2023-09-27,Money Laundering,True
191,627,87,2024-02-19,Money Laundering,True
192,614,69,2023-08-04,Money Laundering,True
193,158,388,2023-12-26,Money Laundering,True
194,689,544,2023-11-29,Money Laundering,True
195,999,295,2024-10-13,Fraud,True
196,963,574,2024-04-24,Money Laundering,True
197,835,294,2023-07-01,Fraud,True
198,432,523,2023-12-19,Fraud,True
199,108,238,2023-08-28,Fraud,True
200,308,972,2023-06-25,Money Laundering,True
201,1010,249,2023-07-22,Compliance Violation,True
202,748,210,2023-01-08,Compliance Violation,True
203,890,668,2023-10-14,Fraud,True
204,750,321,2024-04-27,Compliance Violation,True
205,145,177,2023-12-30,Compliance Violation,True
206,470,333,2023-08-28,Money Laundering,True
207,571,84,2024-11-11,Money Laundering,True
208,847,805,2024-08-14,Fraud,True
209,996,554,2023-10-05,Compliance Violation,True
210,816,211,2024-03-03,Fraud,True
211,837,745,2023-10-29,Fraud,True
212,647,73,2023-07-05,Money Laundering,True
213,168,219,2023-06-25,Compliance Violation,True
214,463,590,2023-11-10,Fraud,True
215,124,393,2024-05-24,Money Laundering,True
216,727,819,2023-07-24,Fraud,True
217,3,198,2022-12-01,Compliance Violation,True
218,532,493,2024-04-26,Fraud,True
219,652,412,2024-06-28,Fraud,True
220,657,871,2024-04-04,Money Laundering,True
221,508,909,2023-04-10,Fraud,True
222,292,266,2024-08-16,Compliance Violation,True
223,145,373,2023-01-04,Money Laundering,True
224,682,651,2023-03-01,Money Laundering,True
225,185,769,2023-07-09,Fraud,True
226,555,779,2024-03-17,Fraud,True
227,854,470,2024-03-19,Money Laundering,True
228,104,631,2024-02-25,Money Laundering,True
229,689,232,2023-02-12,Fraud,True
230,853,843,2023-07-17,Fraud,True
231,223,360,2024-01-28,Fraud,True
232,600,383,2023-01-04,Fraud,True
233,30,429,2023-07-29,Compliance Violation,True
234,519,540,2023-10-21,Fraud,True
235,838,666,2024-08-30,Money Laundering,True
236,540,710,2024-10-10,Fraud,True
237,109,934,2024-03-18,Money Laundering,True
238,365,304,2022-12-15,Compliance Violation,True
239,95,586,2023-08-12,Fraud,True
240,553,342,2023-04-14,Fraud,True
241,893,583,2023-09-08,Money Laundering,True
242,415,3,2024-04-15,Fraud,True
243,155,670,2024-10-06,Money Laundering,True
244,254,503,2024-07-06,Compliance Violation,True
245,565,79,2024-01-02,Compliance Violation,True
246,979,783,2023-07-19,Money Laundering,True
247,911,357,2024-10-27,Fraud,True
248,675,964,2023-01-26,Fraud,True
249,245,665,2024-05-05,Money Laundering,True
250,996,399,2024-04-30,Fraud,True
251,18,65,2023-05-14,Fraud,True
252,908,213,2023-07-20,Money Laundering,True
253,924,476,2024-09-29,Compliance Violation,True
254,789,206,2023-10-16,Money Laundering,True
255,712,524,2023-12-07,Compliance Violation,True
256,902,427,2024-02-13,Compliance Violation,True
257,490,130,2023-05-01,Fraud,True
258,313,686,2024-06-27,Fraud,True
259,681,251,2024-05-27,Compliance Violation,True
260,106,317,2024-09-25,Money Laundering,True
261,762,584,2024-08-18,Fraud,True
262,113,901,2024-06-23,Fraud,True
263,212,553,2023-03-15,Fraud,True
264,973,877,2024-08-25,Money Laundering,True
265,288,83,2023-11-29,Compliance Violation,True
266,538,194,2022-12-18,Compliance Violation,True
267,496,925,2023-09-26,Compliance Violation,True
268,478,8,2024-08-13,Fraud,True
269,985,81,2024-09-17,Fraud,True
270,597,388,2023-08-03,Fraud,True
271,549,442,2023-01-25,Money Laundering,True
272,275,525,2023-07-29,Compliance Violation,True
273,957,5,2024-05-25,Money Laundering,True
274,497,454,2024-04-22,Compliance Violation,True
275,58,529,2023-12-01,Money Laundering,True
276,521,30,2022-12-15,Money Laundering,True
277,705,806,2024-11-15,Money Laundering,True
278,997,647,2023-12-04,Money Laundering,True
279,47,407,2023-03-29,Fraud,True
280,461,554,2023-07-19,Money Laundering,True
281,84,373,2023-05-20,Fraud,True
282,345,195,2024-01-06,Money Laundering,True
283,892,766,2023-11-29,Compliance Violation,True
284,433,798,2022-12-01,Money Laundering,True
285,514,36,2024-04-24,Fraud,True
286,188,244,2024-06-13,Fraud,True
287,736,243,2024-06-01,Money Laundering,True
288,175,112,2024-11-15,Compliance Violation,True
289,402,559,2023-11-19,Money Laundering,True
290,13,570,2023-04-12,Money Laundering,True
291,137,654,2022-12-31,Fraud,True
292,168,759,2023-07-28,Money Laundering,True
293,903,341,2023-03-22,Compliance Violation,True
294,8,582,2022-12-28,Money Laundering,True
295,831,585,2022-12-21,Fraud,True
296,490,861,2024-11-09,Compliance Violation,True
297,122,434,2023-05-08,Money Laundering,True
298,91,842,2024-03-26,Fraud,True
299,708,37,2023-02-05,Fraud,True
300,466,801,2023-07-31,Fraud,True
301,639,175,2024-10-20,Fraud,True
302,223,232,2023-01-17,Fraud,True
303,545,516,2024-03-26,Fraud,True
304,447,574,2023-12-03,Compliance Violation,True
305,289,65,2023-09-18,Fraud,True
306,935,486,2024-06-30,Money Laundering,True
307,527,269,2023-11-25,Compliance Violation,True
308,233,808,2022-12-23,Compliance Violation,True
309,578,68,2024-10-10,Compliance Violation,True
310,768,983,2023-05-01,Compliance Violation,True
311,730,364,2023-08-21,Money Laundering,True
312,88,626,2023-02-09,Money Laundering,True
313,602,48,2023-04-24,Fraud,True
314,346,742,2022-12-01,Compliance Violation,True
315,440,24,2023-09-18,Compliance Violation,True
316,93,364,2024-08-11,Fraud,True
317,170,307,2023-05-06,Compliance Violation,True
318,363,77,2023-05-20,Money Laundering,True
319,271,877,2024-09-25,Compliance Violation,True
320,508,387,2023-01-15,Fraud,True
321,128,28,2024-07-15,Money Laundering,True
322,493,861,2023-05-31,Fraud,True
323,228,786,2023-12-11,Fraud,True
324,191,943,2023-03-05,Compliance Violation,True
325,347,364,2024-04-06,Money Laundering,True
326,949,976,2024-09-09,Compliance Violation,True
327,455,801,2023-07-21,Compliance Violation,True
328,726,412,2022-12-09,Fraud,True
329,275,175,2023-06-09,Money Laundering,True
330,162,867,2024-09-26,Fraud,True
331,727,679,2024-06-10,Fraud,True
332,253,674,2024-11-13,Money Laundering,True
333,209,284,2024-10-08,Fraud,True
334,465,726,2023-06-14,Compliance Violation,True
335,724,762,2024-02-01,Compliance Violation,True
336,191,699,2024-03-14,Fraud,True
337,848,246,2024-08-18,Money Laundering,True
338,734,12,2024-08-25,Compliance Violation,True
339,792,906,2024-04-12,Fraud,True
340,601,398,2023-11-11,Fraud,True
341,420,504,2024-05-19,Money Laundering,True
342,882,596,2022-12-17,Compliance Violation,True
343,106,133,2024-01-31,Compliance Violation,True
344,601,417,2023-07-16,Fraud,True
345,630,25,2023-02-14,Compliance Violation,True
346,476,621,2024-07-10,Money Laundering,True
347,286,937,2023-10-08,Compliance Violation,True
348,608,383,2024-03-11,Compliance Violation,True
349,326,329,2023-04-29,Fraud,True
350,321,380,2024-01-28,Fraud,True
351,576,908,2023-03-01,Compliance Violation,True
352,559,201,2023-07-23,Fraud,True
353,275,327,2024-11-11,Money Laundering,True
354,396,530,2024-11-09,Money Laundering,True
355,258,736,2023-07-20,Money Laundering,True
356,94,594,2024-09-12,Compliance Violation,True
357,857,687,2024-08-31,Money Laundering,True
358,206,910,2024-01-26,Fraud,True
359,575,380,2024-08-14,Compliance Violation,True
360,940,374,2024-06-18,Compliance Violation,True
361,801,566,2024-02-14,Fraud,True
362,913,217,2023-12-13,Money Laundering,True
363,631,243,2024-06-10,Money Laundering,True
364,393,349,2024-07-27,Money Laundering,True
365,139,487,2024-10-13,Money Laundering,True
366,741,84,2024-03-19,Money Laundering,True
367,466,602,2023-03-21,Money Laundering,True
368,664,87,2024-10-02,Compliance Violation,True
369,580,406,2023-08-09,Money Laundering,True
370,176,496,2023-09-09,Money Laundering,True
371,997,197,2024-02-07,Fraud,True
372,170,568,2023-10-14,Money Laundering,True
373,896,809,2023-07-12,Money Laundering,True
374,278,875,2023-09-08,Money Laundering,True
375,1010,934,2023-07-02,Compliance Violation,True
376,243,923,2023-03-24,Money Laundering,True
377,710,356,2024-01-25,Money Laundering,True
378,321,886,2023-05-20,Money Laundering,True
379,210,14,2023-11-11,Money Laundering,True
380,580,317,2023-07-15,Fraud,True
381,189,292,2023-03-21,Compliance Violation,True
382,64,599,2024-07-28,Compliance Violation,True
383,912,601,2023-02-27,Compliance Violation,True
384,990,82,2023-10-15,Money Laundering,True
385,677,495,2024-10-19,Fraud,True
386,345,178,2024-08-12,Compliance Violation,True
387,314,475,2022-12-26,Money Laundering,True
388,586,971,2024-08-10,Compliance Violation,True
389,890,398,2023-08-25,Compliance Violation,True
390,109,278,2023-07-27,Fraud,True
391,694,446,2023-04-06,Compliance Violation,True
392,682,183,2022-12-03,Money Laundering,True
393,321,334,2024-07-10,Money Laundering,True
394,709,275,2023-12-31,Fraud,True
395,369,782,2024-04-11,Compliance Violation,True
396,732,694,2023-01-23,Money Laundering,True
397,470,190,2024-02-02,Fraud,True
398,264,541,2022-12-26,Fraud,True
399,561,461,2024-09-29,Fraud,True
400,930,117,2022-12-05,Compliance Violation,True
401,571,69,2024-06-23,Fraud,True
402,468,755,2023-02-26,Fraud,True
403,471,246,2022-11-29,Compliance Violation,True
404,547,986,2023-05-27,Money Laundering,True
405,430,925,2024-03-13,Fraud,True
406,46,800,2024-06-21,Money Laundering,True
407,376,181,2023-08-01,Money Laundering,True
408,128,530,2024-02-16,Fraud,True
409,903,98,2024-04-16,Money Laundering,True
410,71,741,2024-10-10,Money Laundering,True
411,782,834,2023-07-01,Compliance Violation,True
412,971,668,2023-08-11,Fraud,True
413,225,75,2023-09-13,Money Laundering,True
414,562,28,2024-04-24,Money Laundering,True
415,440,560,2023-01-11,Fraud,True
416,358,420,2024-02-15,Fraud,True
417,253,149,2023-08-11,Compliance Violation,True
418,132,808,2023-09-22,Money Laundering,True
419,762,483,2023-01-04,Compliance Violation,True
420,962,517,2023-01-17,Fraud,True
421,51,558,2024-02-06,Compliance Violation,True
422,381,534,2023-02-16,Compliance Violation,True
423,345,548,2023-05-30,Compliance Violation,True
424,707,830,2023-01-17,Fraud,True
425,630,308,2023-06-14,Fraud,True
426,8,924,2023-06-27,Compliance Violation,True
427,47,722,2022-12-19,Fraud,True
428,356,281,2023-03-12,Compliance Violation,True
429,469,358,2022-12-10,Fraud,True
430,820,99,2023-10-13,Fraud,True
431,136,767,2023-02-04,Fraud,True
432,123,146,2024-06-21,Money Laundering,True
433,781,204,2024-07-08,Compliance Violation,True
434,55,253,2024-04-03,Money Laundering,True
435,204,304,2024-07-21,Fraud,True
436,379,739,2023-06-19,Money Laundering,True
437,871,377,2023-03-28,Compliance Violation,True
438,829,832,2023-11-10,Compliance Violation,True
439,843,369,2023-11-09,Money Laundering,True
440,747,380,2023-06-30,Compliance Violation,True
441,913,695,2023-03-22,Money Laundering,True
442,888,295,2024-10-09,Compliance Violation,True
443,785,457,2022-12-11,Compliance Violation,True
444,619,866,2023-08-28,Fraud,True
445,793,101,2023-11-15,Money Laundering,True
446,351,267,2024-09-01,Money Laundering,True
447,320,638,2024-04-27,Money Laundering,True
448,203,993,2024-01-25,Money Laundering,True
449,914,332,2024-02-10,Compliance Violation,True
450,501,355,2023-01-27,Compliance Violation,True
451,686,826,2024-06-30,Compliance Violation,True
452,268,909,2024-08-02,Fraud,True
453,393,149,2022-12-26,Compliance Violation,True
454,209,490,2023-02-18,Money Laundering,True
455,939,60,2024-01-07,Compliance Violation,True
456,303,639,2023-08-03,Money Laundering,True
457,844,899,2023-10-26,Fraud,True
458,607,607,2024-11-02,Money Laundering,True
459,769,906,2023-06-16,Money Laundering,True
460,149,609,2024-01-21,Compliance Violation,True
461,794,761,2023-04-27,Fraud,True
462,665,618,2023-11-15,Compliance Violation,True
463,849,696,2023-02-11,Compliance Violation,True
464,187,481,2023-12-15,Fraud,True
465,30,9,2023-04-03,Money Laundering,True
466,225,739,2024-03-29,Fraud,True
467,52,595,2024-08-30,Money Laundering,True
468,530,286,2023-04-25,Fraud,True
469,622,21,2023-05-01,Fraud,True
470,181,377,2024-10-14,Compliance Violation,True
471,928,129,2023-08-31,Money Laundering,True
472,748,637,2024-11-18,Compliance Violation,True
473,171,851,2023-02-24,Fraud,True
474,958,508,2024-08-28,Money Laundering,True
475,316,973,2023-07-21,Fraud,True
476,260,220,2022-12-04,Compliance Violation,True
477,725,157,2023-10-28,Money Laundering,True
478,323,813,2023-07-29,Compliance Violation,True
479,214,737,2023-03-12,Fraud,True
480,975,534,2023-07-20,Compliance Violation,True
481,654,59,2024-03-30,Fraud,True
482,849,339,2024-08-13,Compliance Violation,True
483,828,240,2024-05-09,Compliance Violation,True
484,907,620,2023-10-14,Fraud,True
485,698,105,2023-10-06,Fraud,True
486,76,72,2024-02-25,Fraud,True
487,637,6,2023-06-23,Compliance Violation,True
488,136,162,2023-04-30,Money Laundering,True
489,336,885,2023-09-15,Money Laundering,True
490,562,485,2023-09-04,Fraud,True
491,938,619,2023-08-14,Money Laundering,True
492,332,755,2023-12-02,Money Laundering,True
493,655,160,2024-03-02,Money Laundering,True
494,741,660,2023-03-02,Money Laundering,True
495,583,894,2023-03-30,Compliance Violation,True
496,656,630,2023-03-22,Fraud,True
497,688,618,2024-05-25,Fraud,True
498,717,346,2023-01-05,Compliance Violation,True
499,148,18,2024-09-01,Money Laundering,True
500,997,76,2023-09-02,Fraud,True
501,960,199,2023-11-04,Money Laundering,True
502,189,891,2023-04-02,Money Laundering,True
503,704,199,2024-02-25,Money Laundering,True
504,289,227,2023-04-05,Money Laundering,True
505,542,87,2023-09-06,Money Laundering,True
506,821,421,2023-03-29,Fraud,True
507,147,113,2024-09-09,Compliance Violation,True
508,331,227,2024-01-21,Fraud,True
509,663,77,2023-12-25,Money Laundering,True
510,518,553,2024-01-09,Money Laundering,True
511,999,773,2023-06-25,Fraud,True
512,446,233,2024-02-18,Fraud,True
513,67,103,2024-05-31,Compliance Violation,True
514,677,239,2023-08-17,Fraud,True
515,634,250,2023-10-27,Money Laundering,True
516,640,242,2024-09-12,Money Laundering,True
517,103,153,2023-12-15,Compliance Violation,True
518,481,421,2024-02-08,Compliance Violation,True
519,715,444,2024-05-16,Compliance Violation,True
520,564,269,2024-09-20,Compliance Violation,True
521,216,284,2024-09-25,Money Laundering,True
522,163,202,2023-07-21,Compliance Violation,True
523,195,13,2023-10-19,Money Laundering,True
524,95,576,2023-11-06,Fraud,True
525,48,824,2023-12-02,Fraud,True
526,788,519,2024-02-10,Fraud,True
527,868,740,2023-09-01,Compliance Violation,True
528,654,529,2023-04-02,Money Laundering,True
529,955,33,2024-06-02,Fraud,True
530,169,553,2024-08-07,Money Laundering,True
531,102,347,2023-10-28,Fraud,True
532,981,922,2024-06-04,Money Laundering,True
533,509,961,2024-10-16,Compliance Violation,True
534,800,779,2024-02-10,Compliance Violation,True
535,61,508,2024-03-07,Compliance Violation,True
536,824,508,2023-09-26,Fraud,True
537,963,924,2024-06-10,Fraud,True
538,190,137,2022-12-30,Compliance Violation,True
539,298,309,2024-07-22,Fraud,True
540,287,568,2022-12-17,Compliance Violation,True
541,605,991,2023-10-10,Compliance Violation,True
542,771,967,2024-04-24,Fraud,True
543,662,175,2024-08-07,Fraud,True
544,365,394,2023-12-16,Compliance Violation,True
545,143,957,2023-05-26,Fraud,True
546,73,552,2023-01-27,Compliance Violation,True
547,251,820,2023-12-17,Compliance Violation,True
548,650,440,2023-05-25,Fraud,True
549,967,569,2024-03-05,Compliance Violation,True
550,238,337,2022-12-14,Compliance Violation,True
551,772,634,2023-01-06,Fraud,True
552,26,627,2024-03-05,Fraud,True
553,158,204,2023-10-28,Fraud,True
554,732,129,2023-06-17,Money Laundering,True
555,881,783,2024-04-10,Money Laundering,True
556,194,689,2024-10-14,Compliance Violation,True
557,693,556,2024-02-29,Money Laundering,True
558,328,777,2024-06-27,Compliance Violation,True
559,79,309,2024-06-12,Compliance Violation,True
560,581,2,2024-04-07,Fraud,True
561,258,738,2024-04-05,Compliance Violation,True
562,300,53,2024-04-06,Compliance Violation,True
563,734,965,2023-12-23,Money Laundering,True
564,397,370,2024-07-23,Money Laundering,True
565,638,719,2024-09-18,Fraud,True
566,98,293,2024-02-24,Compliance Violation,True
567,344,5,2022-12-14,Money Laundering,True
568,999,523,2024-01-05,Compliance Violation,True
569,8,110,2024-08-13,Compliance Violation,True
570,451,448,2023-06-22,Fraud,True
571,654,169,2024-09-14,Fraud,True
572,190,584,2024-07-29,Money Laundering,True
573,141,516,2023-03-23,Compliance Violation,True
574,985,734,2024-09-04,Compliance Violation,True
575,847,536,2023-08-07,Compliance Violation,True
576,174,419,2024-07-22,Fraud,True
577,818,132,2024-11-14,Fraud,True
578,577,242,2023-10-01,Money Laundering,True
579,724,341,2024-05-25,Fraud,True
580,713,703,2024-04-22,Fraud,True
581,26,689,2024-09-28,Fraud,True
582,364,859,2024-07-20,Money Laundering,True
583,409,803,2023-01-20,Money Laundering,True
584,60,419,2024-02-25,Compliance Violation,True
585,369,150,2022-12-08,Compliance Violation,True
586,988,64,2023-11-17,Money Laundering,True
587,874,415,2024-03-27,Money Laundering,True
588,868,839,2024-03-11,Money Laundering,True
589,504,940,2023-09-21,Money Laundering,True
590,687,103,2024-08-13,Fraud,True
591,540,589,2024-01-19,Compliance Violation,True
592,694,265,2023-11-29,Compliance Violation,True
593,713,693,2023-12-01,Money Laundering,True
594,850,421,2024-04-24,Money Laundering,True
595,133,262,2024-01-09,Money Laundering,True
596,910,441,2023-08-02,Compliance Violation,True
597,44,467,2024-05-13,Compliance Violation,True
598,88,847,2023-02-06,Compliance Violation,True
599,864,126,2023-09-08,Fraud,True
600,429,345,2023-05-30,Money Laundering,True
601,496,521,2024-07-09,Money Laundering,True
602,797,178,2024-09-09,Money Laundering,True
603,851,24,2023-06-16,Fraud,True
604,56,567,2023-03-11,Compliance Violation,True
605,389,988,2023-10-10,Money Laundering,True
606,288,886,2024-01-31,Compliance Violation,True
607,254,104,2023-12-15,Fraud,True
608,386,85,2024-05-26,Money Laundering,True
609,862,911,2023-11-07,Fraud,True
610,621,659,2022-12-21,Fraud,True
611,303,275,2024-06-13,Money Laundering,True
612,890,777,2023-06-18,Compliance Violation,True
613,689,417,2023-10-29,Money Laundering,True
614,795,23,2023-06-15,Fraud,True
615,970,855,2023-01-18,Compliance Violation,True
616,966,666,2023-03-05,Fraud,True
617,744,336,2023-07-11,Fraud,True
618,473,611,2023-05-22,Money Laundering,True
619,914,953,2023-12-02,Fraud,True
620,992,394,2024-01-30,Money Laundering,True
621,559,119,2024-07-05,Money Laundering,True
622,456,150,2024-08-28,Money Laundering,True
623,30,298,2023-11-13,Fraud,True
624,877,926,2024-03-24,Money Laundering,True
625,494,332,2023-03-16,Compliance Violation,True
626,967,565,2023-08-21,Money Laundering,True
627,727,308,2024-10-20,Compliance Violation,True
628,397,3,2023-10-17,Money Laundering,True
629,97,784,2023-02-16,Money Laundering,True
630,913,91,2023-09-14,Compliance Violation,True
631,728,680,2024-03-02,Money Laundering,True
632,442,694,2024-07-14,Compliance Violation,True
633,612,303,2024-08-01,Compliance Violation,True
634,140,780,2024-10-31,Fraud,True
635,508,161,2024-01-26,Compliance Violation,True
636,396,506,2024-07-27,Fraud,True
637,210,614,2024-03-16,Money Laundering,True
638,15,555,2023-10-09,Fraud,True
639,764,29,2023-07-29,Fraud,True
640,473,958,2024-07-03,Fraud,True
641,773,829,2024-07-18,Money Laundering,True
642,587,780,2024-03-05,Money Laundering,True
643,717,656,2024-09-30,Compliance Violation,True
644,826,804,2024-01-03,Compliance Violation,True
645,625,92,2024-04-25,Fraud,True
646,709,732,2023-06-15,Fraud,True
647,701,554,2024-01-02,Fraud,True
648,822,878,2023-06-25,Money Laundering,True
649,233,623,2023-08-10,Fraud,True
650,194,823,2024-11-18,Fraud,True
651,512,96,2023-06-27,Compliance Violation,True
652,941,819,2024-01-03,Compliance Violation,True
653,888,222,2022-12-21,Money Laundering,True
654,925,162,2024-03-17,Money Laundering,True
655,915,485,2023-07-11,Compliance Violation,True
656,380,228,2024-08-29,Fraud,True
657,92,875,2024-06-25,Compliance Violation,True
658,192,844,2023-04-08,Fraud,True
659,825,633,2022-12-16,Compliance Violation,True
660,187,962,2023-12-02,Compliance Violation,True
661,592,825,2024-10-11,Fraud,True
662,415,287,2024-11-13,Fraud,True
663,100,873,2024-08-24,Money Laundering,True
664,31,160,2024-09-30,Compliance Violation,True
665,500,671,2023-04-15,Compliance Violation,True
666,230,441,2023-03-14,Fraud,True
667,872,683,2023-04-05,Money Laundering,True
668,221,593,2023-12-23,Money Laundering,True
669,940,534,2023-10-15,Compliance Violation,True
670,716,115,2024-11-06,Fraud,True
671,852,138,2023-03-03,Money Laundering,True
672,222,793,2024-10-09,Compliance Violation,True
673,999,972,2023-12-23,Money Laundering,True
674,713,879,2024-07-31,Money Laundering,True
675,890,343,2024-11-10,Money Laundering,True
676,29,964,2024-09-14,Money Laundering,True
677,525,343,2024-01-29,Money Laundering,True
678,716,962,2024-04-23,Fraud,True
679,55,445,2023-09-27,Compliance Violation,True
680,525,889,2024-11-10,Compliance Violation,True
681,257,407,2023-09-30,Compliance Violation,True
682,799,632,2024-07-20,Compliance Violation,True
683,689,113,2024-04-12,Money Laundering,True
684,10,46,2024-09-28,Money Laundering,True
685,531,891,2023-10-02,Fraud,True
686,517,714,2023-05-31,Fraud,True
687,551,165,2023-11-16,Money Laundering,True
688,944,206,2023-02-17,Compliance Violation,True
689,826,135,2023-02-23,Compliance Violation,True
690,467,82,2024-10-18,Fraud,True
691,319,624,2024-08-19,Fraud,True
692,890,401,2024-04-21,Compliance Violation,True
693,199,409,2023-03-19,Money Laundering,True
694,227,992,2023-05-02,Money Laundering,True
695,165,719,2023-11-29,Compliance Violation,True
696,471,350,2023-03-24,Compliance Violation,True
697,398,949,2024-06-21,Fraud,True
698,333,987,2023-05-11,Compliance Violation,True
699,652,821,2024-07-06,Fraud,True
700,138,37,2022-12-07,Money Laundering,True
701,90,52,2023-01-19,Compliance Violation,True
702,570,744,2024-10-13,Compliance Violation,True
703,782,67,2024-05-02,Money Laundering,True
704,521,257,2023-11-05,Compliance Violation,True
705,73,503,2024-01-27,Fraud,True
706,472,983,2023-01-29,Fraud,True
707,705,251,2024-08-11,Fraud,True
708,826,272,2023-01-20,Fraud,True
709,991,412,2024-08-17,Fraud,True
710,22,901,2023-04-13,Compliance Violation,True
711,570,299,2023-11-20,Fraud,True
712,145,514,2024-07-03,Money Laundering,True
713,27,284,2022-11-26,Money Laundering,True
714,888,280,2024-07-25,Money Laundering,True
715,925,972,2024-09-13,Money Laundering,True
716,594,328,2023-10-08,Compliance Violation,True
717,530,680,2024-04-20,Money Laundering,True
718,54,829,2023-08-31,Compliance Violation,True
719,843,546,2023-04-12,Money Laundering,True
720,100,443,2023-03-22,Money Laundering,True
721,81,637,2024-09-12,Money Laundering,True
722,906,314,2024-03-21,Money Laundering,True
723,816,474,2023-06-24,Money Laundering,True
724,313,341,2023-08-16,Money Laundering,True
725,779,169,2024-06-17,Money Laundering,True
726,47,521,2023-09-08,Fraud,True
727,512,902,2023-05-19,Fraud,True
728,637,624,2024-05-29,Money Laundering,True
729,298,729,2023-12-30,Money Laundering,True
730,509,593,2023-02-17,Money Laundering,True
731,907,929,2023-10-09,Fraud,True
732,421,784,2024-05-04,Fraud,True
733,645,72,2023-08-01,Fraud,True
734,995,813,2024-09-20,Compliance Violation,True
735,988,740,2023-01-11,Fraud,True
736,807,402,2024-05-16,Fraud,True
737,397,780,2022-12-13,Money Laundering,True
738,407,980,2024-06-01,Fraud,True
739,630,214,2023-12-27,Money Laundering,True
740,746,633,2024-01-15,Fraud,True
741,622,595,2024-10-13,Fraud,True
742,406,223,2022-12-17,Compliance Violation,True
743,260,899,2024-11-10,Fraud,True
744,388,595,2024-02-22,Fraud,True
745,245,12,2024-03-07,Fraud,True
746,290,668,2024-01-06,Money Laundering,True
747,598,681,2023-03-10,Fraud,True
748,877,958,2023-07-27,Fraud,True
749,385,360,2023-06-12,Compliance Violation,True
750,737,197,2024-03-13,Money Laundering,True
751,155,4,2024-11-22,Money Laundering,True
752,33,138,2023-07-07,Compliance Violation,True
753,977,10,2024-06-29,Money Laundering,True
754,769,183,2023-10-16,Compliance Violation,True
755,850,597,2024-06-25,Fraud,True
756,919,976,2024-02-21,Money Laundering,True
757,898,146,2023-02-06,Money Laundering,True
758,117,146,2023-05-20,Compliance Violation,True
759,632,580,2023-06-07,Money Laundering,True
760,559,49,2023-02-16,Money Laundering,True
761,666,143,2023-07-30,Money Laundering,True
762,966,434,2023-06-10,Money Laundering,True
763,847,840,2024-04-19,Compliance Violation,True
764,83,422,2024-06-08,Money Laundering,True
765,847,532,2024-06-12,Compliance Violation,True
766,335,397,2024-10-30,Money Laundering,True
767,651,326,2024-06-26,Money Laundering,True
768,693,866,2024-06-28,Compliance Violation,True
769,847,380,2024-06-08,Money Laundering,True
770,471,232,2023-06-14,Fraud,True
771,633,487,2024-05-18,Fraud,True
772,879,246,2022-12-11,Compliance Violation,True
773,528,996,2023-12-12,Compliance Violation,True
774,151,323,2024-05-08,Fraud,True
775,214,599,2024-03-29,Compliance Violation,True
776,93,657,2023-10-12,Money Laundering,True
777,326,85,2023-08-01,Money Laundering,True
778,146,259,2024-11-22,Money Laundering,True
779,249,236,2024-05-28,Compliance Violation,True
780,784,161,2022-12-01,Compliance Violation,True
781,865,808,2024-09-21,Money Laundering,True
782,391,605,2024-11-10,Fraud,True
783,574,512,2024-08-13,Compliance Violation,True
784,865,472,2023-02-24,Fraud,True
785,957,134,2023-01-19,Money Laundering,True
786,52,836,2024-01-03,Fraud,True
787,158,464,2023-09-02,Money Laundering,True
788,360,361,2023-02-23,Compliance Violation,True
789,975,925,2024-09-01,Money Laundering,True
790,283,309,2023-07-13,Fraud,True
791,273,921,2024-06-22,Compliance Violation,True
792,676,976,2023-02-27,Fraud,True
793,833,374,2023-07-09,Fraud,True
794,454,901,2023-03-28,Money Laundering,True
795,637,996,2024-09-04,Fraud,True
796,243,866,2024-08-11,Money Laundering,True
797,649,321,2022-12-03,Fraud,True
798,242,615,2024-09-05,Compliance Violation,True
799,454,558,2023-12-22,Money Laundering,True
800,582,156,2023-03-28,Compliance Violation,True
801,887,965,2024-11-10,Compliance Violation,True
802,920,63,2023-08-03,Compliance Violation,True
803,822,45,2023-11-17,Fraud,True
804,228,480,2023-09-17,Compliance Violation,True
805,443,672,2023-01-29,Money Laundering,True
806,983,753,2024-10-24,Fraud,True
807,974,902,2024-05-12,Fraud,True
808,293,293,2023-01-20,Money Laundering,True
809,902,392,2023-11-30,Fraud,True
810,592,822,2024-09-14,Money Laundering,True
811,899,635,2024-05-08,Compliance Violation,True
812,916,751,2023-11-18,Money Laundering,True
813,779,256,2023-08-24,Money Laundering,True
814,97,75,2024-02-11,Money Laundering,True
815,865,361,2024-11-07,Fraud,True
816,354,947,2023-06-02,Money Laundering,True
817,930,116,2024-10-21,Fraud,True
818,388,574,2024-06-25,Compliance Violation,True
819,597,345,2024-10-08,Compliance Violation,True
820,119,57,2023-05-18,Fraud,True
821,284,856,2023-02-24,Fraud,True
822,636,609,2024-08-07,Money Laundering,True
823,532,220,2023-08-09,Compliance Violation,True
824,253,390,2023-04-27,Fraud,True
825,320,777,2023-06-30,Money Laundering,True
826,991,889,2023-04-28,Money Laundering,True
827,563,206,2024-08-13,Fraud,True
828,691,202,2024-07-16,Fraud,True
829,818,648,2023-08-10,Compliance Violation,True
830,858,502,2024-11-03,Money Laundering,True
831,488,868,2023-08-27,Money Laundering,True
832,715,231,2024-03-22,Compliance Violation,True
833,13,98,2024-06-06,Fraud,True
834,899,133,2022-12-08,Money Laundering,True
835,626,221,2023-09-21,Compliance Violation,True
836,319,694,2024-09-13,Fraud,True
837,272,969,2023-11-20,Money Laundering,True
838,689,211,2024-10-12,Fraud,True
839,393,24,2023-08-22,Compliance Violation,True
840,84,983,2024-08-03,Fraud,True
841,902,352,2024-05-24,Money Laundering,True
842,212,56,2024-08-02,Compliance Violation,True
843,586,687,2024-03-28,Compliance Violation,True
844,469,982,2024-07-10,Compliance Violation,True
845,647,836,2023-07-05,Compliance Violation,True
846,290,680,2024-02-17,Money Laundering,True
847,383,4,2023-03-08,Fraud,True
848,535,997,2024-05-09,Money Laundering,True
849,42,969,2024-08-17,Fraud,True
850,49,728,2023-04-17,Compliance Violation,True
851,809,423,2023-12-17,Compliance Violation,True
852,70,517,2024-04-09,Fraud,True
853,658,996,2024-11-08,Money Laundering,True
854,877,12,2024-02-11,Compliance Violation,True
855,664,379,2023-01-21,Money Laundering,True
856,341,599,2024-06-28,Fraud,True
857,187,419,2023-02-25,Money Laundering,True
858,631,680,2024-08-28,Money Laundering,True
859,377,14,2023-07-18,Money Laundering,True
860,604,343,2024-10-26,Compliance Violation,True
861,980,621,2024-08-13,Fraud,True
862,227,237,2024-05-17,Money Laundering,True
863,345,536,2023-02-14,Money Laundering,True
864,135,895,2023-02-03,Fraud,True
865,442,654,2024-05-18,Compliance Violation,True
866,290,28,2023-08-13,Money Laundering,True
867,716,428,2023-08-28,Money Laundering,True
868,341,252,2022-12-20,Money Laundering,True
869,590,611,2023-10-10,Money Laundering,True
870,732,871,2023-12-31,Money Laundering,True
871,57,940,2024-03-10,Compliance Violation,True
872,261,922,2024-02-16,Compliance Violation,True
873,959,4,2023-12-27,Money Laundering,True
874,953,621,2024-06-25,Money Laundering,True
875,959,685,2023-01-05,Compliance Violation,True
876,198,425,2023-09-12,Compliance Violation,True
877,460,491,2024-08-31,Compliance Violation,True
878,251,162,2024-05-17,Compliance Violation,True
879,843,866,2023-02-26,Money Laundering,True
880,492,335,2024-08-28,Compliance Violation,True
881,590,570,2023-10-21,Compliance Violation,True
882,868,833,2024-02-14,Money Laundering,True
883,613,559,2024-11-21,Fraud,True
884,116,672,2023-08-15,Money Laundering,True
885,588,729,2024-05-24,Compliance Violation,True
886,695,597,2023-02-20,Money Laundering,True
887,361,151,2023-06-17,Fraud,True
888,266,386,2023-07-25,Fraud,True
889,760,733,2023-03-17,Fraud,True
890,735,504,2024-06-24,Fraud,True
891,721,97,2023-02-06,Fraud,True
892,915,289,2024-11-22,Money Laundering,True
893,133,718,2023-11-13,Fraud,True
894,966,352,2024-05-23,Compliance Violation,True
895,598,513,2024-05-07,Fraud,True
896,651,802,2024-08-13,Compliance Violation,True
897,651,182,2024-05-27,Money Laundering,True
898,319,351,2022-12-27,Money Laundering,True
899,156,733,2024-07-26,Fraud,True
900,866,137,2024-08-29,Compliance Violation,True
901,338,124,2023-11-10,Fraud,True
902,415,484,2024-11-01,Money Laundering,True
903,640,298,2023-12-13,Fraud,True
904,47,475,2024-01-07,Fraud,True
905,1004,433,2023-09-06,Compliance Violation,True
906,656,998,2024-07-01,Money Laundering,True
907,616,535,2022-12-24,Money Laundering,True
908,616,892,2024-08-05,Fraud,True
909,145,435,2024-06-25,Money Laundering,True
910,793,700,2023-07-15,Money Laundering,True
911,313,406,2024-11-10,Money Laundering,True
912,800,890,2024-01-17,Compliance Violation,True
913,1008,269,2024-10-23,Fraud,True
914,941,460,2024-03-16,Money Laundering,True
915,539,589,2023-02-13,Money Laundering,True
916,610,578,2024-09-03,Money Laundering,True
917,956,319,2024-02-13,Fraud,True
918,760,249,2023-11-01,Fraud,True
919,322,45,2023-01-28,Compliance Violation,True
920,909,761,2024-05-26,Money Laundering,True
921,417,711,2024-08-19,Compliance Violation,True
922,347,434,2023-05-22,Compliance Violation,True
923,581,965,2023-03-03,Compliance Violation,True
924,392,363,2024-09-28,Fraud,True
925,181,988,2024-07-21,Compliance Violation,True
926,732,389,2024-03-18,Money Laundering,True
927,543,508,2023-04-25,Money Laundering,True
928,997,824,2024-07-03,Money Laundering,True
929,348,639,2024-06-28,Money Laundering,True
930,823,850,2023-03-08,Money Laundering,True
931,650,924,2024-03-24,Money Laundering,True
932,79,497,2023-01-16,Money Laundering,True
933,51,386,2024-02-04,Fraud,True
934,921,529,2023-08-10,Compliance Violation,True
935,373,347,2023-05-31,Fraud,True
936,656,382,2023-02-13,Fraud,True
937,258,799,2022-12-15,Compliance Violation,True
938,665,606,2023-06-24,Compliance Violation,True
939,360,697,2023-11-13,Fraud,True
940,65,716,2024-05-08,Fraud,True
941,774,175,2024-11-17,Compliance Violation,True
942,788,445,2024-04-30,Compliance Violation,True
943,981,743,2023-05-18,Fraud,True
944,400,402,2024-11-11,Fraud,True
945,165,806,2023-07-05,Money Laundering,True
946,817,500,2023-12-03,Fraud,True
947,599,415,2024-06-25,Money Laundering,True
948,461,613,2023-06-24,Money Laundering,True
949,149,650,2023-04-04,Money Laundering,True
950,670,151,2023-04-24,Fraud,True
951,730,141,2022-11-25,Fraud,True
952,497,339,2024-09-25,Compliance Violation,True
953,376,355,2023-10-04,Money Laundering,True
954,411,281,2024-07-22,Fraud,True
955,357,487,2024-11-16,Money Laundering,True
956,383,482,2023-02-18,Fraud,True
957,297,121,2024-04-21,Fraud,True
958,1006,772,2024-03-14,Compliance Violation,True
959,895,161,2023-10-24,Fraud,True
960,871,392,2024-07-26,Compliance Violation,True
961,720,827,2023-01-12,Compliance Violation,True
962,57,648,2024-11-07,Fraud,True
963,480,770,2024-09-04,Fraud,True
964,297,716,2023-05-30,Compliance Violation,True
965,873,538,2024-07-25,Compliance Violation,True
966,110,563,2023-12-02,Fraud,True
967,516,406,2024-04-11,Compliance Violation,True
968,389,996,2023-02-03,Money Laundering,True
969,900,541,2024-07-10,Money Laundering,True
970,521,966,2023-12-14,Fraud,True
971,125,414,2023-04-15,Money Laundering,True
972,722,333,2023-11-13,Fraud,True
973,103,56,2023-11-02,Compliance Violation,True
974,30,750,2023-08-22,Compliance Violation,True
975,154,802,2023-10-15,Money Laundering,True
976,559,6,2024-11-09,Money Laundering,True
977,568,840,2024-10-21,Money Laundering,True
978,85,371,2024-05-22,Compliance Violation,True
979,83,812,2024-04-20,Fraud,True
980,920,123,2023-09-03,Money Laundering,True
981,982,989,2024-10-02,Money Laundering,True
982,729,215,2023-04-07,Money Laundering,True
983,167,7,2023-11-01,Fraud,True
984,992,832,2024-06-18,Fraud,True
985,404,993,2023-11-08,Fraud,True
986,557,555,2024-02-29,Money Laundering,True
987,883,494,2023-05-25,Compliance Violation,True
988,809,328,2023-03-05,Compliance Violation,True
989,375,481,2023-09-28,Fraud,True
990,264,263,2023-05-07,Fraud,True
991,51,542,2023-01-06,Compliance Violation,True
992,262,983,2024-10-28,Fraud,True
993,464,512,2024-10-28,Fraud,True
994,711,251,2024-10-23,Compliance Violation,True
995,853,396,2023-01-27,Compliance Violation,True
996,201,427,2023-08-31,Fraud,True
997,18,827,2023-04-22,Compliance Violation,True
998,885,228,2023-07-11,Money Laundering,True
999,702,312,2023-07-25,Money Laundering,True
1000,289,487,2024-06-09,Fraud,True
